chavepar,arquivo_psg,arquivo_hyp,canal,frequencia_amostragem_hz,indice_epoca,inicio_epoca_s,id_estagio,estagio,media,desvio_padrao,variancia,minimo,maximo,pico_a_pico,valor_rms,assimetria,curtose_excesso,potencia_delta,potencia_theta,potencia_alpha,potencia_beta,potencia_total,relativo_delta,relativo_theta,relativo_alpha,relativo_beta,razao_delta_theta,razao_delta_alpha
SC4001E,SC4001E0-PSG.edf,SC4001EC-Hypnogram.edf,Fpz-Cz,100.0,0,28830.0,1,Acordado,-1.665175698118928e-07,2.06081131462467e-05,4.2469432744850605e-10,-7.392034337424187e-05,6.644345684890877e-05,0.00014036380022315064,2.0605351022822832e-05,-0.8022972606917492,1.9783135495003101,3.5161074136875135e-10,3.3221362655549774e-11,5.7455800064544e-12,1.0473363020931931e-11,4.0105104705168753e-10,0.8745425337085327,0.08262971306546267,0.014290672909790358,0.02604983396445546,10.27459791440332,52.124612121169456
SC4001E,SC4001E0-PSG.edf,SC4001EC-Hypnogram.edf,Fpz-Cz,100.0,1,28860.0,1,Acordado,2.558509559865148e-07,2.479017011232628e-05,6.145525341980751e-10,-8.453463153271244e-05,9.141678238508605e-05,0.00017595141391779848,2.4787358533434368e-05,-0.4130665135779681,1.1716491386550825,4.959444264366353e-10,4.2816294097233026e-11,4.770205763095736e-12,1.0341145214914831e-11,5.538720715118789e-10,0.8937995835424164,0.07716426235072528,0.008596946950489313,0.018636989940290127,11.318721417564017,85.9491752631295
SC4001E,SC4001E0-PSG.edf,SC4001EC-Hypnogram.edf,Fpz-Cz,100.0,2,28890.0,1,Acordado,-1.937950373436999e-07,3.081254040111198e-05,9.494126459701578e-10,-0.00010452792152068299,8.760915936188176e-05,0.00019213708088256475,3.080801408083076e-05,-0.2093654325627724,0.27444522260818616,7.298039159509964e-10,6.198570995133496e-11,5.2575952240715926e-12,8.410971315687854e-12,8.054581924420907e-10,0.9049494726329553,0.0768616532540042,0.006519364888774596,0.010429519340882409,11.586817335469734,116.62689736523726
SC4001E,SC4001E0-PSG.edf,SC4001EC-Hypnogram.edf,Fpz-Cz,100.0,3,28920.0,1,Acordado,-5.086671936332074e-07,2.5999006935810246e-05,6.759483616483093e-10,-8.517545789559102e-05,9.200267492151512e-05,0.00017717813281710614,2.5999649763826405e-05,-0.2898463483894907,0.7346516152080289,5.424501963753488e-10,4.731464499366901e-11,6.219261103444631e-12,1.6807780995970276e-11,6.127918834684327e-10,0.8837689304558016,0.07708581079029925,0.010132524184420056,0.027383517848089463,11.227448663783614,75.13929591998296
SC4001E,SC4001E0-PSG.edf,SC4001EC-Hypnogram.edf,Fpz-Cz,100.0,4,28950.0,1,Acordado,1.960302849779087e-07,2.6404808811713276e-05,6.97213928383131e-10,-8.794547485462325e-05,8.067243557629463e-05,0.00016861791043091786,2.6401135422798863e-05,-0.251765386459989,0.3570685947532901,4.293769042837441e-10,4.000793058930289e-11,5.459382544419918e-12,1.0119987352100613e-11,4.849642047695676e-10,0.8835566489662426,0.08232690843613405,0.011234124840549984,0.020824553028343445,10.470582107250959,66.47336666175174
SC4001E,SC4001E0-PSG.edf,SC4001EC-Hypnogram.edf,Fpz-Cz,100.0,5,28980.0,1,Acordado,2.892976984171828e-07,2.2711731339691375e-05,5.158227404463193e-10,-8.089446805190724e-05,7.906234815530426e-05,0.00015995681620721152,2.2709788477463783e-05,-0.6286320326142042,1.1891799062515895,4.192998435661132e-10,3.8166339979658236e-11,5.649172592585003e-12,1.0569710111619192e-11,4.736850662499758e-10,0.8833221716423327,0.08040349843144066,0.01190088543803076,0.02226678457597197,10.705617215800208,63.06045417345705
SC4001E,SC4001E0-PSG.edf,SC4001EC-Hypnogram.edf,Fpz-Cz,100.0,6,29010.0,1,Acordado,1.3693759653844317e-07,2.543552334540566e-05,6.469658478546763e-10,-8.684665645600491e-05,8.468768518505115e-05,0.00017153434164105606,2.5431652413427713e-05,-0.42030004787518455,1.398858793597305,5.510106968625011e-10,4.3188799963679605e-11,5.264758825925126e-12,1.2441344662672267e-11,6.11905600314778e-10,0.8990139698177196,0.07046566378492637,0.008589836384626336,0.020298957386394582,12.469465052578865,87.95401581658375
SC4001E,SC4001E0-PSG.edf,SC4001EC-Hypnogram.edf,Fpz-Cz,100.0,7,29040.0,1,Acordado,-5.1009285298264407e-08,2.2295758741800534e-05,4.971008578725749e-10,-6.986645261142607e-05,7.671289082482885e-05,0.00014657934343625492,2.2292100832667254e-05,0.07259911076540079,0.6174639795860637,3.6300163076446146e-10,3.050708552169053e-11,5.279754105737052e-12,7.317742116139865e-12,4.0610621250802886e-10,0.8916632063366079,0.07493642834322721,0.012968984367029097,0.01797501951900463,11.521269731995966,57.80507081206106
SC4001E,SC4001E0-PSG.edf,SC4001EC-Hypnogram.edf,Fpz-Cz,100.0,8,29070.0,1,Acordado,-7.5350802766361e-08,2.31781282070811e-05,5.372256271838886e-10,-8.962802722465132e-05,0.00010641457323009519,0.0001960426004547465,2.3174387364465644e-05,-0.16759853500420252,2.401527594507261,4.364563867643514e-10,3.788910449828125e-11,5.725621186377489e-12,8.521935201265395e-12,4.885930476502755e-10,0.8914676972213044,0.07738897576287904,0.011694653782067991,0.01740616056981421,11.223102007495212,64.8945836629007
SC4001E,SC4001E0-PSG.edf,SC4001EC-Hypnogram.edf,Fpz-Cz,100.0,9,29100.0,1,Acordado,-1.4785045155864347e-07,2.1894522185246504e-05,4.793701017202513e-10,-7.201495421767226e-05,6.983415013374689e-05,0.00014184910435141915,2.189137207765586e-05,-0.33394654946248586,0.8737484770933541,3.702162174495127e-10,3.5455082066138626e-11,5.128879446650724e-12,7.118140707966628e-12,4.179183196702686e-10,0.8837432025911652,0.08463483309597296,0.012243149095717932,0.016991715028288404,10.155407599353309,60.405204682534
SC4001E,SC4001E0-PSG.edf,SC4001EC-Hypnogram.edf,Fpz-Cz,100.0,10,29130.0,1,Acordado,1.762443309190071e-07,2.0186997693628277e-05,4.0751487588255335e-10,-8.637951493874431e-05,5.11154599227409e-05,0.0001374949748614852,2.0184402385376032e-05,-0.7784422221392552,1.3812810417927572,3.0101464758125395e-10,4.8405223416826953e-11,6.927915589442003e-12,5.350208160365972e-12,3.61697994747889e-10,0.8299319321864156,0.1334587566453831,0.019101058428121695,0.014751137965581796,6.0927696863471965,37.96895213946652
SC4001E,SC4001E0-PSG.edf,SC4001EC-Hypnogram.edf,Fpz-Cz,100.0,11,29160.0,1,Acordado,2.0561294158131118e-08,1.85698205472416e-05,3.4483823515675633e-10,-7.213531064065346e-05,5.394617184729337e-05,0.00012608148248794684,1.8566736704256574e-05,-0.6717051207023604,1.4441768387740694,2.860250040959402e-10,3.5518661282189144e-11,5.3675868788384036e-12,8.4854952071329e-12,3.353967474641006e-10,0.850260908442535,0.10558562634729281,0.015956120025837107,0.025224664837279528,7.8322970791768896,44.918900917786594
SC4001E,SC4001E0-PSG.edf,SC4001EC-Hypnogram.edf,Fpz-Cz,100.0,12,29190.0,1,Acordado,-1.678115659416582e-07,1.43116646823339e-05,2.048237459795635e-10,-6.486720257821142e-05,3.841834019941127e-05,0.00010328554277762269,1.4310263174352669e-05,-0.9445315164565417,2.4394390896386966,1.547422976657004e-10,2.5279794913302528e-11,4.014660416111081e-12,9.236326229193402e-12,1.9327307922430742e-10,0.7965195089487164,0.13012505394077023,0.02066503723594024,0.047543006298516294,5.888261235530862,30.85798136371208
SC4001E,SC4001E0-PSG.edf,SC4001EC-Hypnogram.edf,Fpz-Cz,100.0,13,29220.0,1,Acordado,4.292071201654381e-07,1.7836389358877178e-05,3.18136785361467e-10,-6.564502942623391e-05,4.8288991158100224e-05,0.00011393402058433413,1.7838580619498492e-05,-0.7905601724064001,1.0997148774071839,2.4858022015361636e-10,2.965266403237059e-11,4.7316228749015785e-12,8.83066720567991e-12,2.917951742665684e-10,0.8489901542137522,0.10127442881068124,0.016160180531506252,0.030159879607989167,8.109579640161275,43.36995395180897
SC4001E,SC4001E0-PSG.edf,SC4001EC-Hypnogram.edf,Fpz-Cz,100.0,14,29250.0,1,Acordado,-5.390240947921513e-07,2.258416528317743e-05,5.100445215378766e-10,-7.347173501252091e-05,7.488483653679399e-05,0.00014835657154931492,2.258683363537551e-05,-0.24780958343908788,0.589386973036965,3.8713309582812176e-10,4.6830078664953525e-11,5.893366719445808e-12,1.1249884210708016e-11,4.511064254232292e-10,0.8562875333296046,0.10358197988695828,0.0130353527135317,0.024883265483733596,8.093925551324366,56.160235133877414
SC4001E,SC4001E0-PSG.edf,SC4001EC-Hypnogram.edf,Fpz-Cz,100.0,15,29280.0,1,Acordado,2.7570822638302866e-07,1.9518725714184756e-05,3.809806535055772e-10,-7.685957728392378e-05,6.138646229048707e-05,0.00013824603957441085,1.9517419782863306e-05,-0.624242962886709,1.3829457418442352,3.072208488966383e-10,3.0670866976880146e-11,4.215927960335879e-12,9.015907773493748e-12,3.51123551607348e-10,0.8724802629482149,0.08710257191510196,0.011972865606663675,0.025604387245154684,9.700424340164439,58.90051611772163
SC4001E,SC4001E0-PSG.edf,SC4001EC-Hypnogram.edf,Fpz-Cz,100.0,16,29310.0,1,Acordado,1.3171631872756488e-07,1.6744548400186178e-05,2.8037990112617744e-10,-6.767361621002501e-05,6.333145452463145e-05,0.00013100507073465648,1.674227554270191e-05,-0.5671626694605323,2.0059658133920735,2.0532189938557182e-10,2.7673842351755794e-11,3.769122938369711e-12,9.654897334115418e-12,2.464197620098127e-10,0.8298524649677285,0.11184976546318982,0.015233718227488341,0.03902233700205606,7.160599436475568,43.05233940053547
SC4001E,SC4001E0-PSG.edf,SC4001EC-Hypnogram.edf,Fpz-Cz,100.0,17,29340.0,1,Acordado,-1.3713645842459047e-07,1.8223334249748723e-05,3.3208991117806484e-10,-6.995543747593538e-05,4.984302672221377e-05,0.00011979846419814914,1.822081285094698e-05,-0.6745093278194032,0.9379937905956259,2.408735845520816e-10,3.2971677706303025e-11,4.801978713516772e-12,8.815585604171557e-12,2.8746282657607295e-10,0.8350246976747239,0.11430130564018372,0.0166467852045761,0.030560560294054823,7.090423576795869,41.51576495634541
SC4001E,SC4001E0-PSG.edf,SC4001EC-Hypnogram.edf,Fpz-Cz,100.0,18,29370.0,1,Acordado,-6.794265823923438e-08,1.9496299824157276e-05,3.8010570683343506e-10,-8.323524344847707e-05,6.478389270220294e-05,0.00014801913615068002,1.9493168576092645e-05,-0.640606995412157,1.6301804017180448,2.557868507941408e-10,2.8885900934169088e-11,7.500435856529477e-12,1.310895877603248e-11,3.0528214636087185e-10,0.8351347077630968,0.09431140952021003,0.02448864860602163,0.04280027070395108,8.558779986508457,30.091027696851814
SC4001E,SC4001E0-PSG.edf,SC4001EC-Hypnogram.edf,Fpz-Cz,100.0,19,29400.0,1,Acordado,3.2852240227803905e-07,2.2825120453225505e-05,5.209861237042532e-10,-0.00010599321427903031,6.444983521716933e-05,0.00017044304949619964,2.2823680435718886e-05,-0.16100121701317915,0.45399482831091165,3.5651840105587546e-10,3.522596545061904e-11,8.526257285708222e-12,2.0736469100041254e-11,4.2100709289224403e-10,0.84481613475371,0.08347244879036594,0.02020406156511054,0.049137726472612005,9.84151551576614,37.42481337248182
SC4001E,SC4001E0-PSG.edf,SC4001EC-Hypnogram.edf,Fpz-Cz,100.0,20,29430.0,1,Acordado,-4.3697762888368736e-07,2.4609610343868817e-05,6.05632921277055e-10,-8.254480681054669e-05,9.291138208071245e-05,0.00017545618889125913,2.4609388311877527e-05,-0.05734763817581477,0.9769479440936131,4.027400670541795e-10,3.9134645038115666e-11,1.1779963208484543e-11,1.638075486527043e-11,4.700354301660501e-10,0.8550101356753674,0.08308216862650834,0.025008656364409475,0.03477605678090046,10.034723533039829,31.513398003118095
SC4001E,SC4001E0-PSG.edf,SC4001EC-Hypnogram.edf,Fpz-Cz,100.0,21,29460.0,1,Acordado,-2.763679582244744e-07,2.9666060991675205e-05,8.800751747617932e-10,-0.0001057035690469604,0.00011943252515733742,0.0002251360942042978,2.9662403739726474e-05,0.13579320266637532,1.3335358486093885,5.161386144826684e-10,4.824330763036042e-11,1.0893623662659437e-11,1.6728909599353685e-11,5.920044553750418e-10,0.870378982492197,0.0813540390684742,0.018370222287402267,0.028210428180971414,10.481396139288758,43.3962456793642
SC4001E,SC4001E0-PSG.edf,SC4001EC-Hypnogram.edf,Fpz-Cz,100.0,22,29490.0,1,Acordado,3.689040063715699e-07,2.829322055195176e-05,8.005063292013856e-10,-0.00010513790344342063,9.52063861558764e-05,0.00020034428959929702,2.829090991686615e-05,-0.31882932268838016,1.4597882219384246,3.7581222031484865e-10,5.251719706337371e-11,1.3904043335135806e-11,2.0017018100091313e-11,4.622504788134495e-10,0.8112505814941378,0.1133667410293651,0.030014093824034558,0.04320992425385522,7.022270240906326,25.215454079423086
SC4001E,SC4001E0-PSG.edf,SC4001EC-Hypnogram.edf,Fpz-Cz,100.0,23,29520.0,1,Acordado,1.1393641824849512e-07,2.838242215440597e-05,8.055618873509148e-10,-9.136688704981116e-05,0.00010885806850350615,0.0002002249555533173,2.8377920082860215e-05,0.00352423887137142,1.0206197316587202,5.505105380298987e-10,4.6388088539026755e-11,7.483009428397854e-12,1.739763942755741e-11,6.217792754248808e-10,0.8839577034003292,0.07448560086939189,0.012015508100029012,0.027935482303402214,11.6170657015744,64.8956649967877
SC4001E,SC4001E0-PSG.edf,SC4001EC-Hypnogram.edf,Fpz-Cz,100.0,24,29550.0,1,Acordado,7.312320252072501e-08,2.6843340097897266e-05,7.205649076113793e-10,-8.858025099327613e-05,9.277022125858667e-05,0.0001813504722518628,2.6838965447863097e-05,-0.39722109168212405,0.9190047205241143,4.218428721702677e-10,4.9710123779908315e-11,1.229015946976665e-11,2.792234358097695e-11,5.117654990009196e-10,0.8226818555308285,0.09694514134972869,0.023968382220943087,0.05445441168600713,8.31871115127123,31.740994013646283
SC4001E,SC4001E0-PSG.edf,SC4001EC-Hypnogram.edf,Fpz-Cz,100.0,25,29580.0,1,Acordado,-3.678028308420504e-07,2.2206312937967288e-05,4.931203342989334e-10,-8.793869780880207e-05,5.6704980250336094e-05,0.00014464367805913815,2.2205657832555703e-05,-0.6840163106201098,1.0987856658586033,2.968884907625096e-10,3.832818478440577e-11,7.546356936588424e-12,1.1231603898286678e-11,3.5399463638179053e-10,0.8363182435331536,0.10796834897298131,0.02125766466080476,0.031638798864012364,7.549000605800409,34.73860183530118
SC4001E,SC4001E0-PSG.edf,SC4001EC-Hypnogram.edf,Fpz-Cz,100.0,26,29610.0,1,Acordado,5.717483214963216e-07,2.610854699973168e-05,6.816562264371982e-10,-8.480167102125357e-05,9.269762353297385e-05,0.00017749929455422743,2.6110455833596366e-05,-0.11948494111712142,0.6998886882986914,3.771983857769061e-10,5.7306846037582384e-11,8.648681678655821e-12,1.0242879711256699e-11,4.5339679320440115e-10,0.8301079396201441,0.12611630824560874,0.01903332463608604,0.022541707741870327,6.46919549607911,39.09325629545014
SC4001E,SC4001E0-PSG.edf,SC4001EC-Hypnogram.edf,Fpz-Cz,100.0,27,29640.0,1,Acordado,-3.6530483185254276e-07,2.929989962993183e-05,8.584841183240794e-10,-0.00011769830637315545,0.00012122600970846272,0.0002389243160816182,2.9297293468364607e-05,0.19424764513560253,2.203894181161264,5.840453591691285e-10,4.9568098622734326e-11,7.884021777521882e-12,1.8893232143429273e-11,6.603907117128137e-10,0.8830564881333414,0.07494525965501853,0.011920369666372407,0.028565916951723103,11.549680036942387,65.74109944742196
SC4001E,SC4001E0-PSG.edf,SC4001EC-Hypnogram.edf,Fpz-Cz,100.0,28,29670.0,1,Acordado,1.2637379507912618e-07,2.3871952286521776e-05,5.698701059699723e-10,-7.718486062593633e-05,0.0001015530350628058,0.00017873789568874214,2.386830784961651e-05,-0.14638293692054105,1.25095118339509,3.5155263355236925e-10,3.009646980473181e-11,6.846367905827563e-12,1.215513279610294e-11,4.006506040590315e-10,0.8752697742755062,0.07493196698966863,0.01704558100159445,0.030262951613329262,11.305226469754293,44.80450544401164
SC4001E,SC4001E0-PSG.edf,SC4001EC-Hypnogram.edf,Fpz-Cz,100.0,29,29700.0,1,Acordado,-3.9526765325665874e-07,2.3372091176095485e-05,5.462546459437204e-10,-7.827794965395497e-05,9.367387812948002e-05,0.000171951827783435,2.3371538194553008e-05,-0.01934079481514701,1.2282119837459726,3.8838345293773166e-10,3.808736000863617e-11,9.445887250365625e-12,1.687006378294274e-11,4.527867639796762e-10,0.8558721491381495,0.08393228501116438,0.020815695829305148,0.037176191819685386,9.936292777304994,37.18051359630916
SC4001E,SC4001E0-PSG.edf,SC4001EC-Hypnogram.edf,Fpz-Cz,100.0,30,29730.0,1,Acordado,8.621471095311619e-07,2.7340168165806762e-05,7.474847953345935e-10,-7.788966249754436e-05,0.00010411525171004196,0.0001820049142075863,2.7349203487023562e-05,0.4764183063499484,1.065585853231207,4.062428087234135e-10,3.1208821014098647e-11,6.852352951483318e-12,1.4525902720789584e-11,4.5882988540978503e-10,0.8834632580728925,0.06787036250653083,0.014901930407104205,0.031589731728386,12.612781093278462,51.73516922041486
SC4001E,SC4001E0-PSG.edf,SC4001EC-Hypnogram.edf,Fpz-Cz,100.0,31,29760.0,1,Acordado,-6.933529825550727e-07,2.296046591555381e-05,5.271829950593082e-10,-8.774651642450485e-05,8.142986354086305e-05,0.00016917637996536792,2.2967107039257394e-05,-0.43729878377617937,1.435762094719836,3.624226905876751e-10,2.8342448175827043e-11,6.9994795632546e-12,1.1714159565116152e-11,4.094787778918729e-10,0.8829267433726949,0.0690472923384432,0.017051988897458622,0.028537795852144787,12.351480981271592,45.30578367278469
SC4001E,SC4001E0-PSG.edf,SC4001EC-Hypnogram.edf,Fpz-Cz,100.0,32,29790.0,1,Acordado,1.849757948998817e-07,2.7510105620761722e-05,7.568059112654656e-10,-9.747864941856858e-05,0.00010457070351508113,0.00020204935293364972,2.7506142199026677e-05,0.04224591429020222,1.0160202097629591,4.291956626234017e-10,3.537593524309159e-11,7.538067403487736e-12,1.3564507911248292e-11,4.85674173181229e-10,0.8818952931442628,0.07268915671413327,0.015488940689442935,0.02787184662498436,11.798890111146028,50.268479076199206
SC4001E,SC4001E0-PSG.edf,SC4001EC-Hypnogram.edf,Fpz-Cz,100.0,33,29820.0,1,Acordado,-4.5211697650658604e-07,2.4740946379539324e-05,6.1211442775524e-10,-9.285349527635368e-05,8.125661724322551e-05,0.00017411011251957918,2.474095388971695e-05,-0.4741669711471707,1.3951279344386505,4.253556609597763e-10,2.6258958954636848e-11,7.397647053960777e-12,1.1830735956650677e-11,4.708430029250246e-10,0.9014770979392162,0.05565189860155534,0.015678195942509836,0.025073458509101955,15.604251859641241,50.65176688500571
SC4001E,SC4001E0-PSG.edf,SC4001EC-Hypnogram.edf,Fpz-Cz,100.0,34,29850.0,1,Acordado,2.867055409101417e-07,2.6510930465066082e-05,7.02829434123569e-10,-0.00010412316197938508,7.256332761891956e-05,0.00017668648959830464,2.6508062126694896e-05,-0.6082563163338418,1.579841703788044,4.88591955730523e-10,4.25689945860053e-11,7.11869426048735e-12,1.0462821935964599e-11,5.487424665129805e-10,0.8887651682244315,0.07743443008145373,0.012949143815723874,0.019032224311013004,11.214212317110997,60.18110056298557
SC4001E,SC4001E0-PSG.edf,SC4001EC-Hypnogram.edf,Fpz-Cz,100.0,35,29880.0,1,Acordado,-3.5008804117029476e-08,3.1192219958703136e-05,9.729545859521183e-10,-8.70410988048631e-05,0.00011326651683888389,0.000200307615643747,3.118704047153508e-05,0.10060336141186159,0.7571681038433962,4.220998167503105e-10,2.5144494086826715e-11,5.201178721233204e-12,1.0785666718522043e-11,4.6323115627689233e-10,0.909244911814035,0.0541637366360417,0.011203855344277976,0.023233396924546127,16.144883712360365,68.06767482849924
SC4001E,SC4001E0-PSG.edf,SC4001EC-Hypnogram.edf,Fpz-Cz,100.0,36,29910.0,1,Acordado,6.944343700946389e-08,2.5363776312065248e-05,6.433211488084822e-10,-9.57618124405135e-05,9.075726078871133e-05,0.00018651907322922483,2.535964374387956e-05,-0.24329149917157256,1.02543174100947,3.3571543204664467e-10,4.298694560166791e-11,8.737442165063745e-12,1.4002897802992596e-11,4.014427176163689e-10,0.8341943271704758,0.10681506639323883,0.02171102068094264,0.034794760074006226,7.632160575248372,34.476757484746194
SC4001E,SC4001E0-PSG.edf,SC4001EC-Hypnogram.edf,Fpz-Cz,100.0,37,29940.0,1,Acordado,2.8582944176368236e-07,2.691110495239468e-05,7.242075697588014e-10,-0.00012105432385004904,9.501358040700336e-05,0.0002160679042570524,2.690813753691116e-05,-0.4540833458604526,1.0809319091285507,5.26845681077685e-10,6.296894500973698e-11,1.1799299830496416e-11,2.6547594385439055e-11,6.281615203033576e-10,0.8373774683862741,0.10008391005758865,0.018754007436448505,0.042195197145303516,8.235960136555192,41.162070430008164
SC4001E,SC4001E0-PSG.edf,SC4001EC-Hypnogram.edf,Fpz-Cz,100.0,38,29970.0,1,Acordado,1.1303640790121392e-08,3.0152394325880988e-05,9.0916688358342e-10,-0.000113397144120212,0.0001050605744304756,0.00021845771855068762,3.0147370627102025e-05,-0.24229368810154467,1.4222154783180123,5.194315721916718e-10,4.386567855287544e-11,1.141415764437019e-11,3.102916947572812e-11,6.057405778646457e-10,0.8561015879632643,0.07229725545513323,0.01881225363983569,0.051140752090344355,11.577481695267515,41.84187015115227
SC4001E,SC4001E0-PSG.edf,SC4001EC-Hypnogram.edf,Fpz-Cz,100.0,39,30000.0,1,Acordado,5.184462252295705e-08,2.6853778349817855e-05,7.211254116611461e-10,-9.71938597011902e-05,7.991364436821164e-05,0.00017710750406940186,2.68493524016653e-05,-0.24590519602096772,0.4980950849393482,4.671796131306017e-10,2.608493706873603e-11,6.258064402824516e-12,1.1903008781214425e-11,5.114256233833768e-10,0.9117022877309867,0.05090482575111256,0.012212629730544284,0.023228754063121974,17.248687414151835,64.36696992503899
SC4001E,SC4001E0-PSG.edf,SC4001EC-Hypnogram.edf,Fpz-Cz,100.0,40,30030.0,1,Acordado,-3.861823528395913e-07,2.568259965982568e-05,6.595959252868781e-10,-8.321017744275978e-05,7.089802407885081e-05,0.0001541082015216106,2.5681222649790135e-05,-0.3848264047858809,0.48042009477612124,4.671670530356778e-10,4.9594204252035965e-11,6.76994002745234e-12,9.65201154453983e-12,5.33183208859706e-10,0.8745446230571639,0.09284118899562982,0.012673442210779687,0.018068728826470405,9.233608077092713,60.12492392284985
SC4001E,SC4001E0-PSG.edf,SC4001EC-Hypnogram.edf,Fpz-Cz,100.0,41,30060.0,1,Acordado,5.255459540150921e-08,2.8744697662203302e-05,8.262576436914759e-10,-0.00010865889028462773,0.00011588749048309026,0.00022454638076771798,2.87399545313212e-05,0.1496889899881232,1.9388552990338273,4.896117985405289e-10,4.953888035830246e-11,9.163532338997857e-12,1.0194626804811609e-11,5.58508838042641e-10,0.8750742888233248,0.08853994251745319,0.01637781517635203,0.01822067161704899,9.687824405078972,48.17338915348062
SC4001E,SC4001E0-PSG.edf,SC4001EC-Hypnogram.edf,Fpz-Cz,100.0,42,30090.0,1,Acordado,3.347412039128886e-07,1.8872070732297018e-05,3.5615505372482166e-10,-7.22299314390482e-05,8.750810364657185e-05,0.00015973803508562005,1.8871894103326698e-05,-0.0055002958043481355,1.93551937170768,2.2054887218738412e-10,2.480507026464761e-11,6.229657534474116e-12,7.813016053673127e-12,2.5939661604017897e-10,0.8469728813732111,0.09525880421126598,0.02392372692551767,0.030004291808721453,8.54672627997186,30.506129942630377
SC4001E,SC4001E0-PSG.edf,SC4001EC-Hypnogram.edf,Fpz-Cz,100.0,43,30120.0,1,Acordado,-2.5230823757240027e-07,3.268857989806677e-05,1.068543255752295e-09,-0.00011855599730912265,0.00012093591154977259,0.00023949190885889525,3.268410522125076e-05,0.10771856012374409,1.5884145705787551,5.531944391313706e-10,3.836108138949813e-11,9.57517774662532e-12,1.0961136450927687e-11,6.120918347184217e-10,0.9023027347696441,0.0625698781441388,0.015617852341848539,0.01787845772886842,14.054350632728488,52.31065163967597
SC4001E,SC4001E0-PSG.edf,SC4001EC-Hypnogram.edf,Fpz-Cz,100.0,44,30150.0,1,Acordado,1.5743151060384905e-07,2.4344196149819534e-05,5.926398861808881e-10,-7.703056214836325e-05,9.643886162449343e-05,0.0001734694237728567,2.4340647572172196e-05,0.05949538614195205,1.177570097251948,4.4382417240790135e-10,3.0692147273219616e-11,6.8185746092447635e-12,1.0560661842319871e-11,4.918955561326857e-10,0.9004426331010084,0.06226906875370043,0.01383371086309658,0.02142575990171228,14.004231666023463,56.765356166470426
SC4001E,SC4001E0-PSG.edf,SC4001EC-Hypnogram.edf,Fpz-Cz,100.0,45,30180.0,1,Acordado,-3.2072151610021397e-07,2.3626477368425995e-05,5.582104328407458e-10,-8.993580171509477e-05,8.926110402613022e-05,0.00017919690574122498,2.362471640014659e-05,-0.09524397426753366,1.853530240138122,3.5612595193787344e-10,2.8735510230374494e-11,6.3965216058052485e-12,9.761785338530805e-12,4.010197691125839e-10,0.8858418896264325,0.07147785367322879,0.015910962836292585,0.024281853999565527,11.976453377756226,48.14776065256994
SC4001E,SC4001E0-PSG.edf,SC4001EC-Hypnogram.edf,Fpz-Cz,100.0,46,30210.0,1,Acordado,3.1668435731381626e-07,3.359623726529397e-05,1.1287071583859273e-09,-0.00010134291820689301,0.00011815864665771365,0.00021950156486460668,3.3592130204091445e-05,-0.12786684756015226,0.41834609484973395,6.967749990606694e-10,6.981228821897983e-11,1.0594995408723095e-11,1.3300490871916095e-11,7.904827735602882e-10,0.880341331910991,0.08820443167063084,0.013386261536766171,0.01680452350477212,9.83974697874419,60.09273608995781
SC4001E,SC4001E0-PSG.edf,SC4001EC-Hypnogram.edf,Fpz-Cz,100.0,47,30240.0,1,Acordado,1.4148544057914616e-07,4.464538486103636e-05,1.9932103893900547e-09,-0.00012239752671520013,0.0001410546443507244,0.0002634521710659245,4.463816757055357e-05,0.2906666210171001,0.3721948413088101,1.2646906691694422e-09,1.3783838973433458e-10,1.606595768741153e-11,1.4314352085757209e-11,1.4329093686769456e-09,0.8819878695236925,0.09612768613229491,0.011204304845455773,0.00998274535228466,9.109084825813747,74.10604739178065
SC4001E,SC4001E0-PSG.edf,SC4001EC-Hypnogram.edf,Fpz-Cz,100.0,48,30270.0,1,Acordado,-4.379597467023412e-07,2.8765908683906423e-05,8.274775024108429e-10,-0.00010368620774925242,0.00011258944208076932,0.00021627564983002175,2.87644482880593e-05,-0.19596609078827007,1.1522656314558652,5.641226059460381e-10,4.8551003064775487e-11,8.335871438325325e-12,1.1543765262401594e-11,6.325532457115407e-10,0.8904107267455865,0.07663286928669757,0.013157333649144749,0.01822067101785083,11.384685900476919,60.425275741289646
SC4001E,SC4001E0-PSG.edf,SC4001EC-Hypnogram.edf,Fpz-Cz,100.0,49,30300.0,1,Acordado,-9.125321668655526e-07,4.217096328324244e-05,1.7783901442365822e-09,-0.00011450752072549695,0.00013673328393517566,0.00025124080466067263,4.217380777778313e-05,0.22945418894201897,0.9834994484461541,1.0664439264097642e-09,2.6796337102886187e-11,7.1686959285667305e-12,1.1712318696725387e-11,1.1121212781379426e-09,0.9580662479058333,0.024073151442861443,0.006440175090856861,0.010522050855337209,38.36634742420906,130.5525307509985
SC4001E,SC4001E0-PSG.edf,SC4001EC-Hypnogram.edf,Fpz-Cz,100.0,50,30330.0,1,Acordado,9.82598287153545e-07,1.9144940940734344e-05,3.66528763624206e-10,-6.806019597278909e-05,9.77995042719082e-05,0.00016585970024469727,1.9166952985896887e-05,1.0559270520393902,3.7021048727525603,1.27627896262825e-10,1.2833687851294013e-11,1.314736226672447e-11,7.6004431219447e-12,1.6120938950278815e-10,0.786809546932123,0.07911803312146379,0.08105179550348092,0.04685575320418834,9.22587654389546,9.021320996565859
SC4001E,SC4001E0-PSG.edf,SC4001EC-Hypnogram.edf,Fpz-Cz,100.0,51,30360.0,1,Acordado,3.031448547132337e-08,1.4936766763768143e-05,2.2310700135520864e-10,-6.507549621252144e-05,4.255456771557143e-05,0.00010763006392809288,1.4934307862193893e-05,-0.43041093388691737,0.9997517061011534,1.363090989665603e-10,2.562573652566077e-11,1.3790540590140114e-11,5.007955900806598e-12,1.8073333198316782e-10,0.7500500732534044,0.14100735537074854,0.07588338605610002,0.027556617413862394,5.1194489525272395,9.215964631977593
SC4001E,SC4001E0-PSG.edf,SC4001EC-Hypnogram.edf,Fpz-Cz,100.0,52,30390.0,1,Acordado,-3.419335175858074e-08,1.4103762510159413e-05,1.9891611694297815e-10,-5.5881532885755815e-05,8.121662452532106e-05,0.00013709815741107687,1.41014531434164e-05,0.45992732937419095,3.0508538733584345,7.255728974723485e-11,4.01965964214991e-11,1.3090583510997976e-11,6.692693763552632e-12,1.3253716344328455e-10,0.5433490413928939,0.30101430481988084,0.09802951607967743,0.050118585650466736,1.7612447641273992,5.149345993414855
SC4001E,SC4001E0-PSG.edf,SC4001EC-Hypnogram.edf,Fpz-Cz,100.0,53,30420.0,1,Acordado,7.879508766336527e-08,1.0364699296583374e-05,1.0742699150859586e-10,-3.3029674453549974e-05,4.2071500884284716e-05,7.510117533783469e-05,1.0363271258500676e-05,0.10724822058448688,0.2906086297064663,3.314735922500942e-11,4.558577871152449e-11,1.4749984884833248e-11,4.4806251363325086e-12,9.796374795769967e-11,0.33494446106848824,0.4606310861529753,0.14904432369657092,0.04527541881546032,0.711533865952301,2.104596256275097
SC4001E,SC4001E0-PSG.edf,SC4001EC-Hypnogram.edf,Fpz-Cz,100.0,54,30450.0,1,Acordado,-1.3492504925508288e-07,1.2988388173564879e-05,1.686982273472e-10,-4.55291771890704e-05,6.237773875343126e-05,0.00010790691594250166,1.2986924169088977e-05,0.2904672835144495,1.1281063774305196,6.717838228627403e-11,5.574725339708475e-11,1.4014223822612259e-11,6.885445074927021e-12,1.4382530458089807e-10,0.4638580424924901,0.3849275757327674,0.09676640324125156,0.04754310784881433,1.183817335020573,4.474316027252747
SC4001E,SC4001E0-PSG.edf,SC4001EC-Hypnogram.edf,Fpz-Cz,100.0,55,30480.0,1,Acordado,7.686319399753018e-08,1.223384882799932e-05,1.4966705714634033e-10,-3.703630314721453e-05,5.586885884520165e-05,9.290516199241618e-05,1.2232051180316532e-05,0.024157139813379136,0.39190337775374573,3.955951420677236e-11,8.730712985732537e-11,1.509981484553774e-11,5.276748278272696e-12,1.4724320718790816e-10,0.26685549346371085,0.5889452307022591,0.10185839292047776,0.035595211263771874,0.44797644619055377,2.4571409414523027
SC4001E,SC4001E0-PSG.edf,SC4001EC-Hypnogram.edf,Fpz-Cz,100.0,56,30510.0,1,Acordado,3.58755840864434e-08,1.2110665398989315e-05,1.4666821640627702e-10,-4.338862154775408e-05,4.3592539657076186e-05,8.698116120483027e-05,1.210869993262455e-05,-0.10639143936255617,0.1298494850335712,3.219154885160239e-11,9.745994646743687e-11,1.0685117672721291e-11,4.478876423299994e-12,1.4481548941506057e-10,0.22076906219455095,0.6683785574385673,0.07327834454065672,0.030716053838086923,0.32695070438870216,2.754918671187456
SC4001E,SC4001E0-PSG.edf,SC4001EC-Hypnogram.edf,Fpz-Cz,100.0,57,30540.0,1,Acordado,-5.51255798683549e-09,1.0609485540205983e-05,1.1256118342783985e-10,-4.387207610926251e-05,3.936326583386372e-05,8.323534194312624e-05,1.060771857760468e-05,-0.08214909058114918,0.5769539465440485,2.5860519500131426e-11,6.029744125410813e-11,1.3427989832912354e-11,3.9743315812581866e-12,1.0356028216841008e-10,0.24732641270496158,0.5766763440537586,0.1284234276575933,0.03800995462939673,0.4218857911691096,1.792385481249772
SC4001E,SC4001E0-PSG.edf,SC4001EC-Hypnogram.edf,Fpz-Cz,100.0,58,30570.0,1,Acordado,-5.648552505463744e-08,1.0829821751936643e-05,1.1728503917872008e-10,-3.9991660084370623e-05,3.947990018622881e-05,7.947156027059943e-05,1.0828163961641937e-05,-0.06735290402597849,0.08344950080969449,3.445755264513796e-11,6.160078003316153e-11,1.5145234168442355e-11,4.505336706781688e-12,1.157089035535235e-10,0.29524356408108565,0.5278156006744678,0.12976931242864986,0.038603196239569766,0.5504332793758281,2.1342243962301306
SC4001E,SC4001E0-PSG.edf,SC4001EC-Hypnogram.edf,Fpz-Cz,100.0,59,30600.0,1,Acordado,2.5407944428998054e-08,9.082262125623735e-06,8.248748531853935e-11,-3.2979601282864276e-05,4.394878277416653e-05,7.692838405703081e-05,9.080783834765584e-06,0.02814024116869963,0.5016260783080133,3.007221464611321e-11,3.487747091063469e-11,1.1649656346921883e-11,3.5883419833902682e-12,8.018768388706006e-11,0.37040365245480555,0.4295906625338966,0.14349043831731528,0.044198107540325944,0.83819215465378,2.377314752383045
SC4001E,SC4001E0-PSG.edf,SC4001EC-Hypnogram.edf,Fpz-Cz,100.0,60,30630.0,2,N1,3.1610648362165386e-08,8.66702797101039e-06,7.511737385027649e-11,-3.0448073195123557e-05,4.7691020225608414e-05,7.813909342073197e-05,8.665641001031003e-06,0.23291356193487558,1.2869533931014132,4.06313537375187e-11,2.06956323171736e-11,9.369924062411151e-12,3.502317592359411e-12,7.419922770946283e-11,0.5403161039698521,0.27521070292280847,0.12460133365481452,0.04657385054392906,1.8727895616739485,3.9181920227168323
SC4001E,SC4001E0-PSG.edf,SC4001EC-Hypnogram.edf,Fpz-Cz,100.0,61,30660.0,2,N1,4.7683350669886194e-08,9.49354423934016e-06,9.012738222430875e-11,-4.995686157556472e-05,5.475948909715232e-05,0.00010471635067271704,9.492081619197047e-06,0.2661392563532052,2.426589997716677,5.02078000588121e-11,2.6060127229581782e-11,4.651230126875572e-12,4.3191630057677835e-12,8.523832042103724e-11,0.582198259586747,0.3021873234815992,0.053934609395998125,0.050084034390750425,1.8554162599769886,8.88440196764218
SC4001E,SC4001E0-PSG.edf,SC4001EC-Hypnogram.edf,Fpz-Cz,100.0,62,30690.0,2,N1,-1.1574621200955576e-07,1.0215998801369038e-05,1.0436663150957362e-10,-4.882223118114748e-05,4.8167595299071134e-05,9.698982648021862e-05,1.0214951777565977e-05,0.01476089069535299,1.7074999472575163,6.81700289656918e-11,2.1593020253577863e-11,3.933417130503081e-12,2.9825273484840283e-12,9.667899369825676e-11,0.6978985591956237,0.2210610432810307,0.04026881299221738,0.030533968825451323,3.0173048224880996,13.81801440307972
SC4001E,SC4001E0-PSG.edf,SC4001EC-Hypnogram.edf,Fpz-Cz,100.0,63,30720.0,2,N1,5.541542919703973e-08,1.61481045327766e-05,2.607612800014802e-10,-6.70474079802256e-05,7.429439393179897e-05,0.00014134180191202456,1.6145508057803756e-05,0.24355545128569814,3.385139872802106,2.1689341957526516e-10,4.8313481809912996e-11,5.184985242481545e-12,4.134570295926965e-12,2.745264569235867e-10,0.7871963440353659,0.17534970089392193,0.01881846593018661,0.015006073616638667,4.398258074968562,35.06773437154443
SC4001E,SC4001E0-PSG.edf,SC4001EC-Hypnogram.edf,Fpz-Cz,100.0,64,30750.0,3,N2,-2.7700988291006943e-09,1.6364335571086995e-05,2.6779147868314314e-10,-6.940172955010251e-05,7.087223558780799e-05,0.0001402739651379105,1.636160818900034e-05,-0.01628808319686428,2.24182679718961,2.1221448962841008e-10,3.4376903856273774e-11,4.202520553634506e-12,3.2819924358811906e-12,2.5407590647419955e-10,0.8319660314521912,0.13477126997782887,0.016475568436564912,0.012866728501514345,5.998673329089983,40.79070662780102
SC4001E,SC4001E0-PSG.edf,SC4001EC-Hypnogram.edf,Fpz-Cz,100.0,65,30780.0,3,N2,3.1516182021190826e-08,1.77224940599525e-05,3.1408679570505157e-10,-6.934770378133991e-05,8.478892344615098e-05,0.0001541366272274909,1.7719568092259257e-05,0.31363525171559875,2.651168430372212,2.394729404256543e-10,6.10615984527699e-11,4.4083003930188205e-12,3.568817228308601e-12,3.0851165649975164e-10,0.7737121862673577,0.1972836795334682,0.014242760492034516,0.01153047761970627,3.8586331386211064,44.27877947289548
SC4001E,SC4001E0-PSG.edf,SC4001EC-Hypnogram.edf,Fpz-Cz,100.0,66,30810.0,3,N2,-7.238277394053926e-08,1.8369242213057465e-05,3.3742905948197234e-10,-6.987392325237798e-05,7.587638968172325e-05,0.00014575031293410123,1.8366323050484956e-05,-0.10537892762215317,2.0875722900678664,2.717029600399088e-10,5.059665168803592e-11,5.237285074860583e-12,5.654607703491713e-12,3.33191504506297e-10,0.8130157600543949,0.15140017327125846,0.01567150871353733,0.016920261668067527,5.265902944297264,43.5610937737974
SC4001E,SC4001E0-PSG.edf,SC4001EC-Hypnogram.edf,Fpz-Cz,100.0,67,30840.0,3,N2,3.629113249564978e-08,1.7420771667042917e-05,3.034832854752452e-10,-6.467951864243597e-05,8.793124507199103e-05,0.000152610763714427,1.7417905770395722e-05,0.08525799481037243,2.103513915131577,2.3267665523429522e-10,4.8918088255814825e-11,6.488291823038877e-12,6.402042254259492e-12,2.9448507756740847e-10,0.7874396133632674,0.16555180606254213,0.02195810318562945,0.02166621173212717,4.661169194659439,31.072060322012266
SC4001E,SC4001E0-PSG.edf,SC4001EC-Hypnogram.edf,Fpz-Cz,100.0,68,30870.0,3,N2,-1.0943155778256897e-08,1.6655366832094634e-05,2.7740124431163803e-10,-6.50292113242972e-05,8.92234948933729e-05,0.0001542527062176701,1.6652594301875587e-05,0.13506935742277046,2.655624551175328,2.2555470886861767e-10,3.3913287307882505e-11,5.8417657923160584e-12,5.8544441046613536e-12,2.7116420607347756e-10,0.8287449408675126,0.12460597885795005,0.021464122253970926,0.021510705574122407,6.460425994251573,32.96732389201873
SC4001E,SC4001E0-PSG.edf,SC4001EC-Hypnogram.edf,Fpz-Cz,100.0,69,30900.0,3,N2,7.785054470591728e-09,1.4138546402649906e-05,1.998984943798846e-10,-9.173154470912021e-05,6.528894668673932e-05,0.00015702049139585953,1.4136191925532766e-05,-0.21464411556433982,4.395848532745794,1.441121851844229e-10,2.0913610360769478e-11,4.563359137091339e-12,4.161295484277527e-12,1.7375045016656128e-10,0.8246741856576857,0.11967700421278414,0.026113575860559034,0.023812788352254536,6.576378004895882,25.90380768762815
SC4001E,SC4001E0-PSG.edf,SC4001EC-Hypnogram.edf,Fpz-Cz,100.0,70,30930.0,3,N2,4.7327823672359625e-08,1.9741572079059834e-05,3.897296681527148e-10,-8.249150383888127e-05,8.34200079687096e-05,0.00016591151180759086,1.973833828330602e-05,0.23236813023995861,2.527169522642712,3.0609724105121335e-10,4.0985860663260563e-11,1.1103001943163154e-11,9.69288728998632e-12,3.6787899094762336e-10,0.8298039426557521,0.11110923004308502,0.03009930686114801,0.02627660432784745,7.290483896619549,25.291018086973384
SC4001E,SC4001E0-PSG.edf,SC4001EC-Hypnogram.edf,Fpz-Cz,100.0,71,30960.0,3,N2,-1.2206018978579198e-07,1.7594431991980397e-05,3.095640371204233e-10,-7.893889791513697e-05,9.369308897135928e-05,0.00017263198688649626,1.759192279990963e-05,0.5519709887303014,4.490394307083904,2.8610528195086207e-10,3.359578321557719e-11,7.491103240078873e-12,4.208489922850254e-12,3.314006583293684e-10,0.8607241736187139,0.10107014644443897,0.02253636703888867,0.012660895270189732,8.269946662807145,33.6947124374152
SC4001E,SC4001E0-PSG.edf,SC4001EC-Hypnogram.edf,Fpz-Cz,100.0,72,30990.0,3,N2,3.4481064735222064e-07,1.7878383909032864e-05,3.196366111987652e-10,-5.7255875292672957e-05,7.020110606336362e-05,0.00012745698135603658,1.7878729262568587e-05,0.19204447244967224,0.9862109794634604,2.061418427986239e-10,4.151168508921526e-11,1.4816495240333882e-11,1.1353382711227206e-11,2.7382340583940025e-10,0.7500883782769503,0.15104857958668055,0.05391278517591861,0.04131155669419886,4.849063083855968,13.033345230170745
SC4001E,SC4001E0-PSG.edf,SC4001EC-Hypnogram.edf,Fpz-Cz,100.0,73,31020.0,3,N2,-2.6594515945277197e-07,1.885917055311942e-05,3.556683139516467e-10,-7.232152937604959e-05,8.472469757539407e-05,0.00015704622695144365,1.885790244631763e-05,0.07721069221104655,2.676707739437596,2.283420235549976e-10,4.2048367496407933e-11,9.780688305561249e-12,6.726221031616442e-12,2.8689730038858327e-10,0.7931370778635222,0.14605335805391034,0.03397283785697182,0.023363265381571373,5.3043131908324055,21.180653505881132
SC4001E,SC4001E0-PSG.edf,SC4001EC-Hypnogram.edf,Fpz-Cz,100.0,74,31050.0,3,N2,7.371032783474444e-08,1.958310486798394e-05,3.834979962704563e-10,-6.752629198212018e-05,7.632659293715509e-05,0.00014385288491927526,1.957997948970995e-05,0.048595653650008466,1.2799146247511448,3.1011538082204853e-10,4.161245277272893e-11,1.1936549063237604e-11,5.658067447837355e-12,3.693224501058524e-10,0.8374198775510521,0.11236816120879112,0.03223285290920299,0.015278758947020528,7.2775764041565765,23.97203298237533
SC4001E,SC4001E0-PSG.edf,SC4001EC-Hypnogram.edf,Fpz-Cz,100.0,75,31080.0,3,N2,-1.1978648533696545e-07,2.0461746402648137e-05,4.1868306584628394e-10,-6.709129906734572e-05,8.225589647516891e-05,0.0001493471955425146,2.0458686507848066e-05,0.24028346602441933,1.0886912960291193,3.404191425148385e-10,3.947825616343872e-11,1.2999684726625257e-11,6.40883414097598e-12,3.9930591754587854e-10,0.8503974775137405,0.09862021627225674,0.032474375613334217,0.01600984112417342,8.409926088226996,24.316200626105058
SC4001E,SC4001E0-PSG.edf,SC4001EC-Hypnogram.edf,Fpz-Cz,100.0,76,31110.0,3,N2,-2.1922790824069507e-09,1.8886256787226765e-05,3.56690695433069e-10,-6.848372354919663e-05,6.495594171438615e-05,0.00013343966526358278,1.8883108942668284e-05,-0.13693030236762363,0.37364148999976443,2.9571609202300036e-10,3.2499787732664724e-11,9.745938248255919e-12,5.521411013334709e-12,3.4348322901725577e-10,0.8584339297637837,0.09434359932522797,0.028291473799926924,0.01602809817211198,8.827401963943064,27.518871334571042
SC4001E,SC4001E0-PSG.edf,SC4001EC-Hypnogram.edf,Fpz-Cz,100.0,77,31140.0,4,N3,2.519055559219812e-08,2.3653139887393687e-05,5.594710265326141e-10,-8.215165019704439e-05,8.676766435613333e-05,0.00016891931455317774,2.3649210785024685e-05,0.21422598352053956,0.6967545384591909,4.4772490418530683e-10,6.083605318112852e-11,1.3982941874690747e-11,5.222495611198377e-12,5.277663948523244e-10,0.8467347935572739,0.11505279793380027,0.02644446018282979,0.009876754010921841,7.240515543154784,29.882309357523823
SC4001E,SC4001E0-PSG.edf,SC4001EC-Hypnogram.edf,Fpz-Cz,100.0,78,31170.0,3,N2,2.003521431926306e-07,1.9608697213736356e-05,3.84501006419992e-10,-5.429473864887105e-05,8.306941775005342e-05,0.00013736415639892447,1.9606452519493013e-05,0.12596013056129024,0.3074427844067018,2.989474338879927e-10,4.186592701369454e-11,1.0326108721698835e-11,4.9718139990725975e-12,3.561112836224586e-10,0.8371268218005756,0.11723495989545822,0.02891566073452805,0.013922310011152843,6.974010705343823,26.394540369832573
SC4001E,SC4001E0-PSG.edf,SC4001EC-Hypnogram.edf,Fpz-Cz,100.0,79,31200.0,4,N3,-2.1045024031610722e-07,2.3774286892208357e-05,5.652167172330301e-10,-7.367878686500369e-05,7.674248858877152e-05,0.00015042127545377522,2.3771255771714463e-05,0.06718055262956221,-0.05087723388958265,4.3078267013401436e-10,5.4677204489806825e-11,1.8086084591028406e-11,5.924403971856188e-12,5.094703631867057e-10,0.843893595398514,0.10711141808208856,0.035430234339409394,0.011605774593596383,7.737146181843243,22.570510367354643
SC4001E,SC4001E0-PSG.edf,SC4001EC-Hypnogram.edf,Fpz-Cz,100.0,80,31230.0,4,N3,-4.223334465792793e-08,2.6622361067602768e-05,7.087501088138117e-10,-7.706557179709986e-05,8.19340324754669e-05,0.00015899960427256677,2.6617957142368035e-05,0.03998356219719897,0.21269883730917183,6.091043355249533e-10,5.871896079499227e-11,1.2323298092010724e-11,5.0497011673782925e-12,6.851962955793347e-10,0.8876531969772659,0.08557166684413188,0.017958852549045806,0.007358974683934986,10.199513310620597,45.71723392499946
SC4001E,SC4001E0-PSG.edf,SC4001EC-Hypnogram.edf,Fpz-Cz,100.0,81,31260.0,4,N3,7.866732579514881e-09,2.3623658469778205e-05,5.580772394967235e-10,-6.937726937965947e-05,8.533527168399042e-05,0.00015471254106364988,2.361972217524385e-05,0.3551705907850834,0.6693662859930365,4.798986801663322e-10,4.00731510596604e-11,1.0344295243649267e-11,3.4808719550983695e-12,5.337969984247403e-10,0.8973473702729958,0.07493151827272218,0.019342470646093155,0.006508772422716238,11.683999590614805,42.30308448953564
SC4001E,SC4001E0-PSG.edf,SC4001EC-Hypnogram.edf,Fpz-Cz,100.0,82,31290.0,4,N3,3.1404896965948726e-07,2.6373988877139103e-05,6.955872892914571e-10,-8.262039565174064e-05,9.427292419358071e-05,0.00017689331984532136,2.637146286456323e-05,0.2052600290430139,0.7531286949981126,5.908329549549811e-10,5.02683058582052e-11,1.3730775162543605e-11,4.629358335822644e-12,6.594613943115523e-10,0.8945760646174481,0.07611089200846262,0.02078967110084641,0.007009279233721399,11.524331554646476,40.10874841517574
SC4001E,SC4001E0-PSG.edf,SC4001EC-Hypnogram.edf,Fpz-Cz,100.0,83,31320.0,4,N3,-3.758580672291527e-07,2.5745486741489723e-05,6.628300875562232e-10,-6.755891844749035e-05,8.4024589801507e-05,0.00015158350824899736,2.5743939354349128e-05,0.3648098190196174,-0.05924157562366572,5.456266417076498e-10,5.3019934065096964e-11,1.2307893878698257e-11,5.0098169777031326e-12,6.159642866291484e-10,0.8843731372017339,0.08593679604175657,0.019949118847613977,0.00812010854805683,10.100468487246577,41.0002248801387
SC4001E,SC4001E0-PSG.edf,SC4001EC-Hypnogram.edf,Fpz-Cz,100.0,84,31350.0,4,N3,2.9309614824881982e-08,2.952188199551404e-05,8.71541516557056e-10,-7.309752967249436e-05,8.63064793754793e-05,0.00015940400904797367,2.95169758236125e-05,0.1127336677484135,-0.3673258100111201,7.628921757509978e-10,4.861529327785785e-11,1.1587323119364186e-11,5.1158291248532275e-12,8.282106212730731e-10,0.9200221948191429,0.05862840155522805,0.013973920282852098,0.006169517120992712,15.376149677854645,60.60797585924951
SC4001E,SC4001E0-PSG.edf,SC4001EC-Hypnogram.edf,Fpz-Cz,100.0,85,31380.0,4,N3,6.595860801603068e-08,2.4963258991679856e-05,6.231642994856852e-10,-9.591224610035505e-05,8.424194402961016e-05,0.0001801541901299652,2.4959185254941612e-05,-0.18057019484197945,0.9604107741154051,5.372970616031026e-10,3.7959708116049786e-11,1.1272318347007929e-11,4.1217174570688356e-12,5.906508055232291e-10,0.9081320545620513,0.06415897309981679,0.019052316403151356,0.0069664697801328545,13.79109566228394,43.78121935975521
SC4001E,SC4001E0-PSG.edf,SC4001EC-Hypnogram.edf,Fpz-Cz,100.0,86,31410.0,4,N3,-1.5037531428007697e-07,2.6322473832747642e-05,6.928726286756844e-10,-7.636054821094054e-05,9.120199597268812e-05,0.00016756254418362867,2.631851598908908e-05,0.23333405590026346,0.5130207194279586,5.616986934099331e-10,5.2462125385369745e-11,1.4586687626285498e-11,3.9246339980184354e-12,6.326721404196067e-10,0.8864184766557449,0.08279064525486356,0.023019297671231762,0.0061934772695223924,10.50647892056393,36.03707900469375
SC4001E,SC4001E0-PSG.edf,SC4001EC-Hypnogram.edf,Fpz-Cz,100.0,87,31440.0,4,N3,3.568708172717762e-07,3.1251474191862015e-05,9.766546391646174e-10,-9.965961573733719e-05,8.570589656966758e-05,0.00018536551230700476,3.124830306430174e-05,-0.0013885258848948426,-0.10911686136097387,8.453072216955121e-10,5.589739247961245e-11,1.4256803553236101e-11,4.545543713209894e-12,9.200069614415704e-10,0.9178076356474307,0.060691606925664526,0.01547958283716031,0.004935406466521337,14.856695269443211,55.405263543307214
SC4001E,SC4001E0-PSG.edf,SC4001EC-Hypnogram.edf,Fpz-Cz,100.0,88,31470.0,4,N3,-2.2628381095936716e-07,3.0467178183880118e-05,9.282489464883006e-10,-9.571062709148042e-05,9.891402600930037e-05,0.00019462465310078077,3.0462940346196174e-05,0.3114789884996206,0.2334002820710559,7.800461299946206e-10,4.55218859645458e-11,1.3307827622785874e-11,3.911368400271809e-12,8.427872119822239e-10,0.924458345561006,0.05394948550785197,0.015771544571673634,0.004635491442307151,16.76729379778566,54.51883755940428
SC4001E,SC4001E0-PSG.edf,SC4001EC-Hypnogram.edf,Fpz-Cz,100.0,89,31500.0,4,N3,5.471079296459567e-08,3.0217881225639052e-05,9.13120345766829e-10,-7.880059499397815e-05,9.318552483404092e-05,0.00017198611982801907,3.021289402869422e-05,0.1352702661777263,-0.1302398757534693,7.597356543314021e-10,4.790718351346775e-11,1.2868426553235016e-11,3.1026771203862804e-12,8.236139415184911e-10,0.921322834940653,0.05809649958773282,0.0156053953314667,0.003762581450748739,15.534234436587232,54.7816763073373
SC4001E,SC4001E0-PSG.edf,SC4001EC-Hypnogram.edf,Fpz-Cz,100.0,90,31530.0,4,N3,-1.0356768540996917e-07,2.9501947333682417e-05,8.70364896479371e-10,-9.808709483600882e-05,9.4566230693189e-05,0.00019265332552919782,2.9497211751497334e-05,-0.010115081568309588,0.4567102215669099,7.213572943060538e-10,4.324574272100729e-11,1.0875082798754569e-11,4.274953841479259e-12,7.79753073667295e-10,0.9239250137277696,0.055389782223817095,0.013928965719818357,0.005475423646299931,16.303428306189623,60.745453865947624
SC4001E,SC4001E0-PSG.edf,SC4001EC-Hypnogram.edf,Fpz-Cz,100.0,91,31560.0,4,N3,1.236923852712706e-07,3.0247784032866144e-05,9.149284388989121e-10,-6.75227082946354e-05,9.821433260091367e-05,0.00016573704089554905,3.0242995264338266e-05,0.33744374895549384,-0.12212981351158358,7.934793015691816e-10,4.7972494277954266e-11,1.10643136451677e-11,3.485002541598825e-12,8.560011120339025e-10,0.9258789637810785,0.05597716689550398,0.012910500919781772,0.004066508774216106,16.202550294163363,65.77077858772394
SC4001E,SC4001E0-PSG.edf,SC4001EC-Hypnogram.edf,Fpz-Cz,100.0,92,31590.0,4,N3,-1.4688459210100242e-07,2.84568352769914e-05,8.097914739818222e-10,-7.756977544145493e-05,0.00010943017771115085,0.00018699995315260578,2.8452471220860442e-05,0.25457034938680656,0.2326492732553569,6.846403178533065e-10,4.565692958484398e-11,1.1081431020396575e-11,3.071698034449525e-12,7.444503764929966e-10,0.9184250748845636,0.061247443189497035,0.014865417430640583,0.004120593578475956,14.673925694323973,56.668809903185874
SC4001E,SC4001E0-PSG.edf,SC4001EC-Hypnogram.edf,Fpz-Cz,100.0,93,31620.0,4,N3,3.8645571649400873e-07,3.390270776290451e-05,1.149393593656906e-09,-8.172082198658117e-05,9.666739012330436e-05,0.00017838821210988554,3.389925973350792e-05,0.1908864003615265,-0.5050785038045631,1.0190034108570435e-09,4.678507923041934e-11,1.273172515576749e-11,3.22150724332475e-12,1.0817417224865552e-09,0.9411324877338849,0.04320982396704518,0.011758783181023656,0.002975323825082165,21.324719499645813,74.20796726542767
SC4001E,SC4001E0-PSG.edf,SC4001EC-Hypnogram.edf,Fpz-Cz,100.0,94,31650.0,4,N3,-4.80573007369775e-08,2.707799153819403e-05,7.332176257425076e-10,-6.94741840135746e-05,8.106745995498178e-05,0.00015054164396855637,2.7073520815945126e-05,0.36216909377025647,-0.005314405842870684,5.687347113644366e-10,4.061151795747436e-11,1.0284037983224181e-11,2.8583025330329487e-12,6.224885698381682e-10,0.9121814558878867,0.06513594622595155,0.016494348863353648,0.00458437038192191,13.667723247819637,50.401701253573094
SC4001E,SC4001E0-PSG.edf,SC4001EC-Hypnogram.edf,Fpz-Cz,100.0,95,31680.0,4,N3,-6.833188370790076e-08,3.4609348469636115e-05,1.1978070014927036e-09,-8.88219686194693e-05,0.00010630331362272428,0.00019512528224219358,3.460364723173754e-05,0.3179314865860153,-0.052331667174811525,1.0575307703571196e-09,4.7366491983699344e-11,9.053355813397678e-12,3.3083333360980935e-12,1.117258951490315e-09,0.9456939905982756,0.04235735553073243,0.008095938602889947,0.002958468011089063,21.864946722072226,105.19181753696546
SC4001E,SC4001E0-PSG.edf,SC4001EC-Hypnogram.edf,Fpz-Cz,100.0,96,31710.0,4,N3,3.314531473604706e-08,3.011371532452806e-05,9.068358506467161e-10,-7.718991139002241e-05,9.677301808568841e-05,0.0001739629294757108,3.0108714197748844e-05,0.36289249551962777,-0.009134790114794011,7.9475162807617e-10,5.599915095043772e-11,8.203782705883693e-12,3.4068748947083734e-12,8.623614366271999e-10,0.9205317661406556,0.0648617700243869,0.009502141696219971,0.003946058684318401,13.943218711577435,86.35054232300703
SC4001E,SC4001E0-PSG.edf,SC4001EC-Hypnogram.edf,Fpz-Cz,100.0,97,31740.0,4,N3,1.2202423330540547e-08,3.616532245463067e-05,1.3079305482474134e-09,-0.00010244609250492282,0.00013261651833569436,0.00023506261084061718,3.615929645744138e-05,0.11064915910489277,0.1086453811905641,9.902222289503714e-10,5.658658386203576e-11,1.22853910920131e-11,3.749505464205784e-12,1.062843709368626e-09,0.9307967140568534,0.05319069273400975,0.011548116498526158,0.0035244890120476944,17.195363269380877,74.53466910324322
SC4001E,SC4001E0-PSG.edf,SC4001EC-Hypnogram.edf,Fpz-Cz,100.0,98,31770.0,4,N3,-5.330405197496414e-07,3.598426715929236e-05,1.2948674829913267e-09,-0.00011128782576613277,0.00010450316841768014,0.0002157909941838129,3.5982217728937875e-05,0.21430692732800388,-0.12559927440745255,1.0878926292382971e-09,4.4638287286887976e-11,1.4502314427147111e-11,3.1706622949392325e-12,1.1502038932472714e-09,0.9450042999503864,0.03877530952486099,0.012597520310880414,0.0027542143607554616,23.8372799224403,70.17614268829547
SC4001E,SC4001E0-PSG.edf,SC4001EC-Hypnogram.edf,Fpz-Cz,100.0,99,31800.0,1,Acordado,1.555558726758179e-07,2.3886786957751664e-05,5.705785911650151e-10,-8.890055168017257e-05,9.605272489621587e-05,0.00018495327657638844,2.3883312080421704e-05,-0.051411936627625346,1.277624175069163,2.8262811519898493e-10,6.967619405457687e-11,1.546783649662518e-11,1.9770749243972155e-11,3.875428949941592e-10,0.7274051818737635,0.17932690303248058,0.039809855477752856,0.05088434121094754,3.9989153204930172,17.162431461892705
SC4001E,SC4001E0-PSG.edf,SC4001EC-Hypnogram.edf,Fpz-Cz,100.0,100,31830.0,4,N3,8.642901849167155e-08,2.4060683690716837e-05,5.789164996647272e-10,-8.780534446566917e-05,9.276579553390843e-05,0.0001805711399995776,2.4056828499896026e-05,0.10607202099086625,1.1540108594992349,3.700488569725039e-10,3.718233862792732e-11,5.56897411851813e-12,4.066760291402655e-12,4.1686693001035196e-10,0.8855662661875074,0.08898129035242436,0.013327147277196997,0.009732189841636684,9.691623673931874,56.33282310084391
SC4001E,SC4001E0-PSG.edf,SC4001EC-Hypnogram.edf,Fpz-Cz,100.0,101,31860.0,4,N3,4.995887732407131e-08,2.4955455870262886e-05,6.227747776926383e-10,-8.034125864360284e-05,8.585729237038024e-05,0.00016619855101398308,2.4951346296131953e-05,0.058115322361596264,0.5114953682147649,5.171812582523997e-10,4.4266701458495016e-11,8.366630135202767e-12,4.526358483650889e-12,5.743409483297484e-10,0.8989126530169805,0.07693994593467418,0.014542038350462676,0.007867262875676063,11.425203109323142,55.215296300498565
SC4001E,SC4001E0-PSG.edf,SC4001EC-Hypnogram.edf,Fpz-Cz,100.0,102,31890.0,3,N2,-8.898717087022182e-08,2.026399756091068e-05,4.1062959714859395e-10,-6.335994487798136e-05,6.489880929854737e-05,0.00012825875417652873,2.0260815366929105e-05,-0.04473458582157782,0.5156050277781796,2.973096648076422e-10,2.917111307546699e-11,1.0212176869978529e-11,5.41121991599178e-12,3.421041746690795e-10,0.86652884679819,0.08502115459131977,0.029764070576605694,0.01577136134006777,9.854116553936265,26.516676311422792
SC4001E,SC4001E0-PSG.edf,SC4001EC-Hypnogram.edf,Fpz-Cz,100.0,103,31920.0,3,N2,2.1905660254765965e-07,2.1264031925618712e-05,4.521590537337318e-10,-7.699421040823203e-05,7.14316806739837e-05,0.00014842589108221574,2.1261616115532557e-05,-0.06722529175771183,0.4852763029704379,3.6392600813219817e-10,3.099058620594931e-11,7.056796672270758e-12,3.369544380631412e-12,4.0534293539104965e-10,0.8956129821279384,0.07626707272792893,0.017366603569665986,0.00829236609561991,11.376034368026634,45.17006236296489
SC4001E,SC4001E0-PSG.edf,SC4001EC-Hypnogram.edf,Fpz-Cz,100.0,104,31950.0,4,N3,-2.658960915395814e-07,2.3994361190971295e-05,5.757293689627895e-10,-7.23785728119352e-05,7.710531198187767e-05,0.00014948388479381287,2.3991835275873148e-05,0.20124955854847482,0.5044288274326045,3.9454186563451706e-10,3.5287212965167795e-11,7.687470975765966e-12,2.894725336144939e-12,4.404112749115957e-10,0.8938191841917371,0.07994180251112751,0.01741566519184537,0.006557887169340394,10.872751952960371,45.41504273627006
SC4001E,SC4001E0-PSG.edf,SC4001EC-Hypnogram.edf,Fpz-Cz,100.0,105,31980.0,4,N3,8.636836799538746e-08,2.4035651870585722e-05,5.77712560843991e-10,-7.226803548566018e-05,7.24478700757409e-05,0.00014471590556140108,2.403180079572412e-05,-0.09322595900617921,-0.21014208738644546,4.498840439701941e-10,4.189932923131757e-11,1.5414465643255854e-11,4.023124906120976e-12,5.112209637508885e-10,0.8783007252881374,0.081799325284341,0.030093390810049827,0.007854276163670581,10.486971522197312,27.40777883043888
SC4001E,SC4001E0-PSG.edf,SC4001EC-Hypnogram.edf,Fpz-Cz,100.0,106,32010.0,4,N3,3.7458436816359496e-07,2.6753105612294076e-05,7.157286599025608e-10,-6.0605744837743546e-05,8.95068109328259e-05,0.00015011255577056945,2.6751269075157275e-05,0.4705753124899887,0.3267755053245138,5.9286230724549e-10,3.700327931344771e-11,7.781155115668286e-12,2.845618272831788e-12,6.404923599474377e-10,0.9241923119615449,0.05768311771706785,0.012129770518710238,0.004435934783486667,15.600293394567709,67.51529832193044
SC4001E,SC4001E0-PSG.edf,SC4001EC-Hypnogram.edf,Fpz-Cz,100.0,107,32040.0,4,N3,-2.3086378092971032e-07,2.6970733312419483e-05,7.27420455409654e-10,-7.936363282920399e-05,9.399749022748609e-05,0.00017336112305669008,2.6967226034760466e-05,0.20642922377868836,0.5826951047003179,5.742513688773428e-10,3.52664070268298e-11,1.0502884183593543e-11,4.216572602126046e-12,6.242372326898922e-10,0.9184535706659722,0.05640484152728215,0.016798238547643896,0.006743956344355135,15.834250369839861,49.92238117952993
SC4001E,SC4001E0-PSG.edf,SC4001EC-Hypnogram.edf,Fpz-Cz,100.0,108,32070.0,4,N3,-5.393869649539641e-07,2.6649707690300236e-05,7.102069199784475e-10,-7.072542412833607e-05,9.114003357561994e-05,0.00016186545770395603,2.6650724617473667e-05,-0.01671870757922415,0.3220886561613754,5.357863063255363e-10,4.32523156267515e-11,8.447968580736315e-12,3.241333566774136e-12,5.907279240997982e-10,0.905460574875917,0.07309493749606577,0.01427677862860418,0.005477743122745492,12.107531520941283,56.709154115728495
SC4001E,SC4001E0-PSG.edf,SC4001EC-Hypnogram.edf,Fpz-Cz,100.0,109,32100.0,4,N3,5.083131898465545e-07,2.8774803449853587e-05,8.27989313577706e-10,-7.341979906879092e-05,0.00010590994287069155,0.00017932974193948247,2.877449737942991e-05,0.18052856889841593,0.3876561111363226,5.750905678721148e-10,4.89590279785727e-11,1.1032403981527858e-11,4.165243485539496e-12,6.392472433177549e-10,0.8982320093906241,0.07646893991275543,0.01723147439785613,0.006505679687045969,11.511244136270419,47.79515122289724
SC4001E,SC4001E0-PSG.edf,SC4001EC-Hypnogram.edf,Fpz-Cz,100.0,110,32130.0,4,N3,2.800395657439833e-08,3.0949833850328065e-05,9.578922153629128e-10,-7.810446040441095e-05,7.67868869366477e-05,0.00015489134734105863,3.094468778610273e-05,-0.14181129423631347,-0.361596085258145,7.805810011363107e-10,6.106121313157196e-11,1.54331739680466e-11,3.893042675011986e-12,8.609684309109416e-10,0.9055795701373665,0.0708392685182699,0.017904569836434247,0.0045164562127846825,12.577598176842782,47.50031872443555
SC4001E,SC4001E0-PSG.edf,SC4001EC-Hypnogram.edf,Fpz-Cz,100.0,111,32160.0,4,N3,-9.262365411130127e-08,2.837039761701271e-05,8.048794609474004e-10,-7.194054428581375e-05,9.01218568618747e-05,0.00016206240114768845,2.8365820046934167e-05,0.3250576883277296,-0.09077583677637335,6.703859887751267e-10,4.875793348280867e-11,8.26681457326741e-12,2.9144092263466305e-12,7.303251460575496e-10,0.9166729633037568,0.06667066454046391,0.011303883939766618,0.003985107365797168,13.472946761479646,72.34265706675876
SC4001E,SC4001E0-PSG.edf,SC4001EC-Hypnogram.edf,Fpz-Cz,100.0,112,32190.0,4,N3,1.2541116969813283e-07,2.8851665391548625e-05,8.324185958658847e-10,-8.206366853617571e-05,9.181570545435392e-05,0.00017387937399052962,2.8847128989937302e-05,0.03296442313389324,0.005692428256010906,6.833529489226879e-10,5.0454759051124484e-11,9.127738037390563e-12,4.7317925216269055e-12,7.476672385328297e-10,0.9127592523774128,0.06739277005095234,0.01219198272289606,0.0063202879438131205,13.280655891201844,67.47340288619426
SC4001E,SC4001E0-PSG.edf,SC4001EC-Hypnogram.edf,Fpz-Cz,100.0,113,32220.0,4,N3,-6.009726080106374e-10,3.4989985489416946e-05,1.2242990845496086e-09,-9.615310301401645e-05,0.00010810112310403832,0.00020425422611805477,3.4984153344277566e-05,0.1453720881938894,-0.10779111992621893,1.0772212264129979e-09,4.601845582847253e-11,1.0533510510064394e-11,4.3609147640273795e-12,1.1381341075155624e-09,0.9456491727408673,0.040397750822190916,0.009246945061664295,0.0038282716102132006,22.91060409007892,93.39924955831887
SC4001E,SC4001E0-PSG.edf,SC4001EC-Hypnogram.edf,Fpz-Cz,100.0,114,32250.0,3,N2,-1.948501640797236e-07,2.2528598432858814e-05,5.075377473490087e-10,-7.926756819169833e-05,8.599293423917632e-05,0.00016526050243087466,2.252568610911406e-05,0.10291194354739679,0.9347918789908936,3.399080739483947e-10,5.070082282065368e-11,1.0519081163538023e-11,8.137913434802443e-12,4.092658913673888e-10,0.8285067832851125,0.1235803996566013,0.025639667798067804,0.019835705590048738,6.574519618914202,29.508262779181063
SC4001E,SC4001E0-PSG.edf,SC4001EC-Hypnogram.edf,Fpz-Cz,100.0,115,32280.0,3,N2,1.0010279610013148e-07,2.4901982603162252e-05,6.201087375681954e-10,-8.459450181702046e-05,9.248128418796691e-05,0.00017707578600498737,2.4898033159779103e-05,0.07276301767783352,2.2227268276039576,4.838990581774022e-10,3.264570232104651e-11,5.872619550726208e-12,3.039605108504198e-12,5.254569851576791e-10,0.9191616253937055,0.06201019882235734,0.011154984578592493,0.005773700785058073,14.38219519271878,70.40969671109907
SC4001E,SC4001E0-PSG.edf,SC4001EC-Hypnogram.edf,Fpz-Cz,100.0,116,32310.0,3,N2,-1.1716088622569942e-07,2.231808091025058e-05,4.980967355164914e-10,-7.362533107316953e-05,9.051908893193444e-05,0.00016414442000510396,2.231466849282284e-05,0.14820331875913514,0.8635453510977711,3.61674436261995e-10,4.4670242773955285e-11,1.3493876528092687e-11,5.811518423579934e-12,4.2565007398762285e-10,0.8477074265607351,0.1046999531875182,0.03162750307757862,0.01362127602431525,7.919258017788549,24.953602686001997
SC4001E,SC4001E0-PSG.edf,SC4001EC-Hypnogram.edf,Fpz-Cz,100.0,117,32340.0,3,N2,-5.9356147888130916e-08,2.173884184012877e-05,4.725772445501332e-10,-7.673863657148699e-05,9.227982325307418e-05,0.00016901845982456119,2.1735299444779727e-05,0.054300464771402705,1.1901157569690293,3.717120943064381e-10,3.972125216329514e-11,7.592836165550043e-12,6.618617306305022e-12,4.256447999415883e-10,0.8712448724497028,0.09310145622010008,0.01779662184231373,0.015513179364218603,9.128208848191749,43.25837094354098
SC4001E,SC4001E0-PSG.edf,SC4001EC-Hypnogram.edf,Fpz-Cz,100.0,118,32370.0,3,N2,2.4300824430046174e-07,2.0284854762495478e-05,4.1147533273553554e-10,-7.647852364846721e-05,7.232320225956831e-05,0.0001488017259080355,2.0282929455532016e-05,-0.1557580881838105,1.2027314499917905,2.588303972487078e-10,7.358333213040554e-11,9.646486749933932e-12,4.901297962839862e-12,3.469615140918871e-10,0.7438477727176397,0.21146974349288009,0.027722855428737328,0.014085747314990599,3.470351750926798,24.311343575411296
SC4001E,SC4001E0-PSG.edf,SC4001EC-Hypnogram.edf,Fpz-Cz,100.0,119,32400.0,3,N2,-3.690328209758647e-08,1.9315500530284816e-05,3.73088560735433e-10,-7.464090527479125e-05,7.735049214631961e-05,0.00015199139742111086,1.9312316270558642e-05,0.08921898830334403,1.3958365890401385,3.032939957312925e-10,2.8855212401595085e-11,4.765322084407937e-12,3.4302931717503355e-12,3.403448233890459e-10,0.8885267182904216,0.08453390947929366,0.013960434604208682,0.010049348742695528,10.158828939200188,52.60660051439935
SC4001E,SC4001E0-PSG.edf,SC4001EC-Hypnogram.edf,Fpz-Cz,100.0,120,32430.0,3,N2,7.692429592101412e-08,1.6313751036329022e-05,2.661384728753262e-10,-8.751854019947731e-05,7.544645112278245e-05,0.00016296499132225977,1.6311213241152153e-05,0.027211608302334826,2.556980860260613,1.85384716529077e-10,3.6199744244695776e-11,7.076806649522596e-12,4.915828711518249e-12,2.335770961348136e-10,0.7902933388796607,0.15431917625875738,0.030168361558434036,0.020956132514715235,4.98349438398385,22.952724334441594
SC4001E,SC4001E0-PSG.edf,SC4001EC-Hypnogram.edf,Fpz-Cz,100.0,121,32460.0,4,N3,3.57002172677174e-08,2.428103172781298e-05,5.895685017670606e-10,-7.730635569216713e-05,9.275775592702037e-05,0.00017006411161918752,2.427701080113965e-05,0.2780756701408154,1.0506840055665005,4.30431143552015e-10,4.602768307687343e-11,1.0204823281276177e-11,6.60570915628049e-12,4.932693590664452e-10,0.8708432672520806,0.09312267133817186,0.020646279390149958,0.013364593687856901,9.152718471127189,38.414808761088366
SC4001E,SC4001E0-PSG.edf,SC4001EC-Hypnogram.edf,Fpz-Cz,100.0,122,32490.0,3,N2,-2.2731664967550615e-07,2.1518612655283493e-05,4.630506906081269e-10,-8.406072327316638e-05,7.889783204280805e-05,0.00016295855531597443,2.151622674255744e-05,0.08281261972974989,0.740391055665286,3.504335231500858e-10,4.878237063739748e-11,1.4157125561914087e-11,8.343730427169077e-12,4.2171674977656644e-10,0.8290031642590765,0.11540202904943361,0.03349080813428154,0.019738348271222485,7.039309672545674,23.12005147141052
SC4001E,SC4001E0-PSG.edf,SC4001EC-Hypnogram.edf,Fpz-Cz,100.0,123,32520.0,3,N2,2.9785828806728547e-07,1.8795919594454908e-05,3.53286593401214e-10,-5.524217019714026e-05,7.032317307096066e-05,0.0001255653432681009,1.879514700030792e-05,0.307992784427861,0.6965530083096727,2.6421782619536943e-10,2.673644916314994e-11,1.065747084436732e-11,6.267643460903784e-12,3.078793896637904e-10,0.8554077579697554,0.08655951176364365,0.03450366454028475,0.02029155609160585,9.52601483489111,22.665107185151975
SC4001E,SC4001E0-PSG.edf,SC4001EC-Hypnogram.edf,Fpz-Cz,100.0,124,32550.0,4,N3,-4.852809392372406e-08,2.3148298663554502e-05,5.358437310171192e-10,-7.026684781029255e-05,8.279458771572889e-05,0.00015306143552602143,2.314449116779225e-05,0.21946823735506465,0.7871054886459166,4.142457298295562e-10,3.9353883801392505e-11,1.0974344899413322e-11,6.635461399665778e-12,4.712094199300277e-10,0.8772500342982132,0.08333989569124646,0.02324041926363838,0.014051946275550845,10.265324940427709,34.59443780092321
SC4001E,SC4001E0-PSG.edf,SC4001EC-Hypnogram.edf,Fpz-Cz,100.0,125,32580.0,4,N3,-3.411098327909702e-07,2.2190123078951584e-05,4.924015622590198e-10,-6.803898364504302e-05,6.948625286762284e-05,0.00013752523651266587,2.2189046494226835e-05,0.07664643817846545,0.15846883292544156,4.158485335181307e-10,3.475606351071965e-11,9.585307206995096e-12,4.941305633223475e-12,4.651312098690691e-10,0.8921276342661925,0.0745628328995225,0.02056353877202837,0.010600675364800033,11.630154236454453,39.28544778023308
SC4001E,SC4001E0-PSG.edf,SC4001EC-Hypnogram.edf,Fpz-Cz,100.0,126,32610.0,4,N3,2.2700627361518637e-07,2.471685039759749e-05,6.109226935772152e-10,-7.529159132591233e-05,7.218480410990044e-05,0.00014747639543581277,2.4713773174641236e-05,0.025639568603155624,0.10682403421920794,4.928304330915106e-10,4.454094507061201e-11,1.3525571642387245e-11,4.891535732709897e-12,5.557884855372198e-10,0.8851304326381697,0.07999616771463312,0.02429211809101447,0.00878526740363583,10.821699732567442,33.92847078412915
SC4001E,SC4001E0-PSG.edf,SC4001EC-Hypnogram.edf,Fpz-Cz,100.0,127,32640.0,4,N3,-2.6716311634827813e-07,2.0816586123154205e-05,4.3333025782269613e-10,-5.8606741195596714e-05,6.919693601312534e-05,0.00012780367720872205,2.081483102343516e-05,-0.060045644585826535,-0.14904056408899757,3.3009110702801743e-10,4.4337759499508e-11,8.773691401548299e-12,3.033307832212901e-12,3.8623586576128667e-10,0.852429065110161,0.11449807060702433,0.022657228261384447,0.007833230597712243,7.280710618962094,33.77343252066728
SC4001E,SC4001E0-PSG.edf,SC4001EC-Hypnogram.edf,Fpz-Cz,100.0,128,32670.0,2,N1,2.532226433099731e-07,1.6185744710054056e-05,2.6197833181904287e-10,-7.021982467649392e-05,6.795246390525632e-05,0.00013817228858175023,1.6185027878119994e-05,0.17941027774263388,0.3871431216918828,1.3836936439036163e-10,3.833949896917664e-11,1.1738810060821343e-11,1.646448651121864e-11,2.0491215993157823e-10,0.6719824824155108,0.18619346706826992,0.057008823882581716,0.0799587868763533,3.517313845272332,10.862032146622663
SC4001E,SC4001E0-PSG.edf,SC4001EC-Hypnogram.edf,Fpz-Cz,100.0,129,32700.0,3,N2,2.711706401887659e-07,1.4257570105618719e-05,2.0327830531663256e-10,-5.880086443723929e-05,5.988850853807608e-05,0.00011868937297531537,1.4257772595943147e-05,-0.03791394067339346,1.2560998728312978,1.5177123149489611e-10,1.6375346139147225e-11,3.236373973587987e-12,4.154982972831831e-12,1.7553793458046314e-10,0.8597088883790086,0.09275822886487667,0.018332456314724244,0.023535921515712856,8.734860893099018,35.82573975789815
SC4001E,SC4001E0-PSG.edf,SC4001EC-Hypnogram.edf,Fpz-Cz,100.0,130,32730.0,3,N2,-6.413081910608582e-08,1.5726250413968402e-05,2.473149520828414e-10,-4.548090587786647e-05,4.297016160170316e-05,8.845106747956963e-05,1.5723759936078893e-05,-0.03854672635538959,-0.2307210068229213,2.0793195891597662e-10,1.6021902293062888e-11,3.4858271043597377e-12,3.135154411515404e-12,2.3057484272491467e-10,0.8979039193949786,0.06918671348120115,0.015052702026448163,0.01353840673980127,12.215553546016844,46.353092546498125
SC4001E,SC4001E0-PSG.edf,SC4001EC-Hypnogram.edf,Fpz-Cz,100.0,131,32760.0,3,N2,-2.728925600521263e-07,2.116149747079117e-05,4.478089752063011e-10,-6.423632920647508e-05,7.737427555577398e-05,0.00014161060476224906,2.1159730052560473e-05,0.41809910260240085,0.8856797106805945,3.721778984106289e-10,4.2059226154591255e-11,1.1730899535573891e-11,5.818761101455936e-12,4.317867852022501e-10,0.8599567064800802,0.09718232532200843,0.027105493829003586,0.013444867774178249,8.643394961963217,29.2342184753445
SC4001E,SC4001E0-PSG.edf,SC4001EC-Hypnogram.edf,Fpz-Cz,100.0,132,32790.0,3,N2,1.2310361580754416e-07,1.9445971999221516e-05,3.7814582699450725e-10,-8.201493723442423e-05,9.414710976310379e-05,0.00017616204699752802,1.9443120451350754e-05,0.12941977146874603,2.6593797780627177,2.8808961505674865e-10,2.8634568611457682e-11,8.334413594813242e-12,3.669859737795662e-12,3.287284570008153e-10,0.8737177787964971,0.08684287935568412,0.025276597812097953,0.01112994544412825,9.721404041136063,30.863172295775332
SC4001E,SC4001E0-PSG.edf,SC4001EC-Hypnogram.edf,Fpz-Cz,100.0,133,32820.0,3,N2,1.8498168932515875e-08,2.1296990879242865e-05,4.5356182051055384e-10,-8.330002958284302e-05,9.471388889793573e-05,0.00017801391848077874,2.1293449119842097e-05,0.3976548899522123,2.920881742121966,3.855873212169498e-10,3.589933405600101e-11,9.69643052188226e-12,3.4316274810974146e-12,4.3461471327593053e-10,0.8851567898550479,0.08241074730012934,0.022259189660887947,0.007877666608849655,10.449709488842142,36.048223790930365
SC4001E,SC4001E0-PSG.edf,SC4001EC-Hypnogram.edf,Fpz-Cz,100.0,134,32850.0,4,N3,-2.3004262541076893e-07,1.978901239945104e-05,3.9160501174562707e-10,-5.5122025920489305e-05,7.69409852988527e-05,0.000132063011219342,1.978705122930695e-05,0.1985548200921967,0.4178383768527305,3.28905962555332e-10,2.4540748225946154e-11,8.088225968322635e-12,4.60779750519135e-12,3.6614273425479213e-10,0.8958531161536637,0.06684252726874122,0.022030194836184652,0.012550425421175843,12.877694875877024,36.190337223320206
SC4001E,SC4001E0-PSG.edf,SC4001EC-Hypnogram.edf,Fpz-Cz,100.0,135,32880.0,4,N3,9.711054237690247e-08,2.4657856732133192e-05,6.080098986224062e-10,-8.472181899189935e-05,8.900343789856344e-05,0.0001737252568904628,2.4653938004173682e-05,0.14724390901425907,0.7181544639992596,4.924111041969011e-10,4.432306117257765e-11,1.9372140894701816e-11,5.1695594760358524e-12,5.612758657402166e-10,0.8757464693041005,0.07882796305729374,0.034453089799966904,0.009193991403544073,10.86447145134209,24.17080790585748
SC4001E,SC4001E0-PSG.edf,SC4001EC-Hypnogram.edf,Fpz-Cz,100.0,136,32910.0,3,N2,6.605765058698844e-08,2.080195541368125e-05,4.327213490327827e-10,-6.841666046221285e-05,8.260863462136096e-05,0.0001510252950835738,2.079859303405656e-05,-0.04817680106965209,0.7664001947487398,3.363260804588473e-10,3.1718475632042586e-11,7.941728829687598e-12,4.275029365469184e-12,3.802613142860466e-10,0.8821405892928176,0.0831935327386648,0.02083014597103656,0.011212859016327535,10.279393338529163,37.61309326919029
SC4001E,SC4001E0-PSG.edf,SC4001EC-Hypnogram.edf,Fpz-Cz,100.0,137,32940.0,4,N3,-1.41495310143516e-07,2.4199932397627355e-05,5.856367280497341e-10,-6.55049079937075e-05,9.39720921120869e-05,0.00015947700010579438,2.4196312461402946e-05,0.0647395910613112,0.32117167925762224,4.634926786729538e-10,2.9606631249303456e-11,1.3413098556684342e-11,5.634573405226364e-12,5.121469818841679e-10,0.9032357103048838,0.05769620068814226,0.02613890177709759,0.010980427838701094,15.143537846345042,32.157740186824746
SC4001E,SC4001E0-PSG.edf,SC4001EC-Hypnogram.edf,Fpz-Cz,100.0,138,32970.0,3,N2,2.9486754484962204e-07,2.3977724214028273e-05,5.749312584839977e-10,-8.918959330834691e-05,9.11638409497272e-05,0.00018035343425807412,2.3975540903182464e-05,0.17245964624228666,0.48064872116553037,4.1634110806820055e-10,5.1636997457223806e-11,1.2260512932143439e-11,3.4084965437553873e-12,4.836471150013231e-10,0.859060324886209,0.10654555832253913,0.025297814745291462,0.007032945081590101,7.9096667397593485,31.397059088038073
SC4001E,SC4001E0-PSG.edf,SC4001EC-Hypnogram.edf,Fpz-Cz,100.0,139,33000.0,4,N3,-5.483808532275788e-08,2.9587631834887314e-05,8.754279575968372e-10,-8.647201664005005e-05,8.481595727909428e-05,0.00017128797391914433,2.9582750979130392e-05,0.06188551074783344,-0.12190343612721577,6.775329941823662e-10,3.8550410769134935e-11,1.1590798933231352e-11,3.6313209361007465e-12,7.313055248208332e-10,0.92520535653221,0.052642523458452294,0.015827818499754145,0.004958751249335706,17.130871235125365,53.811755534760294
SC4001E,SC4001E0-PSG.edf,SC4001EC-Hypnogram.edf,Fpz-Cz,100.0,140,33030.0,4,N3,-7.750242102976066e-09,2.4854146389657706e-05,6.177285927585352e-10,-6.957541657173015e-05,8.879956769662921e-05,0.00015837498426835936,2.485000489524838e-05,0.26120602497661743,0.19484917017815206,5.219541102187257e-10,3.7160654613547145e-11,8.769860244688921e-12,3.035276883715786e-12,5.709199019606778e-10,0.9126349833767676,0.06497527798237404,0.01533407075820189,0.005307171289738533,13.677808085436522,53.42493107846346
SC4001E,SC4001E0-PSG.edf,SC4001EC-Hypnogram.edf,Fpz-Cz,100.0,141,33060.0,4,N3,-1.4679134122540346e-07,2.6431601421486002e-05,6.986295537043009e-10,-7.090844043892728e-05,8.185720387889835e-05,0.00015276564431782562,2.6427603464640115e-05,0.15068332407719398,0.06354111898283188,5.569475254605253e-10,4.92231652913398e-11,1.1801001695040985e-11,3.979075094283144e-12,6.219507675411891e-10,0.8940474183197796,0.07901614036952799,0.018943714832586205,0.006387463185876965,11.089454880625818,43.50812059311599
SC4001E,SC4001E0-PSG.edf,SC4001EC-Hypnogram.edf,Fpz-Cz,100.0,142,33090.0,4,N3,-2.1460463544773302e-07,2.486812619957955e-05,6.184237006782149e-10,-5.4600040236926664e-05,8.191405549729493e-05,0.0001365140957342216,2.486490729108418e-05,0.3972966975037246,0.0172134203306209,4.823470877530659e-10,4.588248446128497e-11,1.1624252773630644e-11,3.6127652541607062e-12,5.434665902421423e-10,0.8859075954294094,0.08427052326733127,0.021349799936229243,0.006635421381051112,10.288428467381728,38.207971307465066
SC4001E,SC4001E0-PSG.edf,SC4001EC-Hypnogram.edf,Fpz-Cz,100.0,143,33120.0,4,N3,3.5219956361351e-07,2.9066945002390196e-05,8.448872917719765e-10,-8.713146130676967e-05,9.488318013551903e-05,0.0001820146414422887,2.906423415827998e-05,0.06527177099864986,-0.025231897318971352,7.007834494780835e-10,4.0204340693578864e-11,1.2367225370932062e-11,3.1503261485527495e-12,7.565053416911473e-10,0.9251201422732795,0.053074662950655625,0.016326254998178573,0.004158817073843436,17.007515171509368,52.42549818917429
SC4001E,SC4001E0-PSG.edf,SC4001EC-Hypnogram.edf,Fpz-Cz,100.0,144,33150.0,4,N3,-1.5813009431942343e-07,2.9639100704459496e-05,8.784762905690914e-10,-8.511450552688659e-05,9.853179262479163e-05,0.00018364629815167822,2.9634582336615294e-05,0.1838325925896044,0.23745536433734582,6.99001132621297e-10,3.636818609052021e-11,1.0907191261538346e-11,3.1953616045404246e-12,7.494718715778958e-10,0.9314154988269187,0.0484604253242093,0.014533777579971863,0.004257803290910897,18.70578172909024,58.704115627936076
SC4001E,SC4001E0-PSG.edf,SC4001EC-Hypnogram.edf,Fpz-Cz,100.0,145,33180.0,4,N3,-1.8515463466600455e-07,3.1213198238720904e-05,9.742637442896898e-10,-8.125450156889366e-05,8.763113138184993e-05,0.0001688856329507436,3.12085448546868e-05,0.046176843866987595,-0.06919557170514068,8.652648710412158e-10,4.6223019841152185e-11,1.0207434009827426e-11,2.732813562732793e-12,9.244281384549281e-10,0.9349887204487218,0.04994771384229249,0.011029958551800148,0.0029530262255645597,18.322946604257325,77.20454747112443
SC4001E,SC4001E0-PSG.edf,SC4001EC-Hypnogram.edf,Fpz-Cz,100.0,146,33210.0,4,N3,3.0865018855225695e-07,3.5923056226461666e-05,1.2904659686495261e-09,-8.475015955428775e-05,0.00011547635574546845,0.0002002265152997562,3.591839470613263e-05,0.4820384502274436,0.03598174641589136,1.0377388731395255e-09,4.492874626383102e-11,1.017143122117084e-11,2.6700365002861405e-12,1.0955090871248132e-09,0.9464024378134513,0.040974349224628795,0.009276194188086147,0.002435033627753434,22.59453953257041,92.89220446283726
SC4001E,SC4001E0-PSG.edf,SC4001EC-Hypnogram.edf,Fpz-Cz,100.0,147,33240.0,4,N3,1.1540233376659865e-07,3.208194196792634e-05,1.0292510004333935e-09,-9.340272174115787e-05,9.773485979324372e-05,0.0001911375815344016,3.207680212342279e-05,0.08742517780548843,0.08996363214565894,8.223417907975469e-10,5.6912459552570697e-11,1.1767793770894322e-11,3.3382264477509343e-12,8.94360270568763e-10,0.9184479341206055,0.06356375352283387,0.013143082352111762,0.0037283611496748458,14.199738659882968,64.40750888945051
SC4001E,SC4001E0-PSG.edf,SC4001EC-Hypnogram.edf,Fpz-Cz,100.0,148,33270.0,4,N3,-7.317911506768548e-07,3.0454397109446824e-05,9.274703032998831e-10,-7.796848816909716e-05,8.957076498848388e-05,0.00016753925315758102,3.04581132839893e-05,0.1178381591904737,-0.05769643336000163,7.043487206781775e-10,5.7921563826731676e-11,1.515143664087732e-11,3.289057212595243e-12,7.807107783583819e-10,0.901034935398144,0.0740959002105214,0.019382407228279278,0.004207511657319566,11.954005883982102,43.60904459084195
SC4001E,SC4001E0-PSG.edf,SC4001EC-Hypnogram.edf,Fpz-Cz,100.0,149,33300.0,3,N2,3.112006152009873e-07,2.5987152631963516e-05,6.753321019169683e-10,-8.973380491545784e-05,8.68927794077675e-05,0.00017662658432322534,2.5984684663070878e-05,0.08761526904736278,0.7232351298968007,4.743379711632906e-10,2.6390979160460875e-11,5.452550533652158e-12,2.787198561207235e-12,5.089686994186109e-10,0.9301315388651479,0.05175019406200395,0.010691931759475299,0.005465430651694461,17.31730612420025,73.51170187501255
SC4001E,SC4001E0-PSG.edf,SC4001EC-Hypnogram.edf,Fpz-Cz,100.0,150,33330.0,4,N3,2.508708548371173e-07,2.4173361203056848e-05,5.84351391853454e-10,-6.818088153776394e-05,8.55955442571377e-05,0.00015377642579490164,2.4170633923047536e-05,0.19394627295132122,0.7667479549662342,3.6776487319507896e-10,2.5856775750591744e-11,5.606806574820615e-12,3.0365203610354503e-12,4.0226497588152684e-10,0.911968296753653,0.06411857537111795,0.013903529714090049,0.007529839045401092,13.693560113483684,55.66454368388473
SC4001E,SC4001E0-PSG.edf,SC4001EC-Hypnogram.edf,Fpz-Cz,100.0,151,33360.0,4,N3,-5.3966477546170376e-08,2.4172983550418625e-05,5.843331337288095e-10,-7.753468797913108e-05,8.21694686689884e-05,0.00015970415664811949,2.4169014634408772e-05,0.05414202119184475,0.1833905143472605,4.6249901482147107e-10,3.4770303385574365e-11,1.1963481796766015e-11,5.338490612762125e-12,5.145712906165736e-10,0.8970612274945853,0.06744034048907656,0.02320432113754597,0.0103545149039967,12.929692259976472,35.677067478649924
SC4001E,SC4001E0-PSG.edf,SC4001EC-Hypnogram.edf,Fpz-Cz,100.0,152,33390.0,4,N3,-7.74515855533007e-08,2.529196751637651e-05,6.396836208494445e-10,-7.637125014292836e-05,9.041385242152314e-05,0.0001667851025644515,2.5287870446598162e-05,0.33851998369929903,0.32434712085069695,5.405012927991542e-10,3.4408501338164897e-11,9.577316596285033e-12,4.1965303398377294e-12,5.886836410734418e-10,0.9165953659749531,0.058350781574216186,0.016241448683993985,0.007116579208808466,15.264732264072899,51.10003920928198
SC4001E,SC4001E0-PSG.edf,SC4001EC-Hypnogram.edf,Fpz-Cz,100.0,153,33420.0,4,N3,3.2230495529732757e-07,2.3606782399917515e-05,5.572801752770554e-10,-6.050661947211509e-05,7.631132217929927e-05,0.00013681794165141436,2.3605048097871753e-05,0.43618988802481284,0.16601655752912148,3.914445494937304e-10,3.729987794748465e-11,1.2847956050957024e-11,3.940312879704447e-12,4.455326963718765e-10,0.8766313254869288,0.08353224355248776,0.028772710610774917,0.008824242685294692,10.220516891214755,28.267315988967045
SC4001E,SC4001E0-PSG.edf,SC4001EC-Hypnogram.edf,Fpz-Cz,100.0,154,33450.0,4,N3,-2.1337112815487947e-07,2.8120264797906338e-05,7.907492923043704e-10,-8.845989497448627e-05,9.683990537378996e-05,0.00018529980034827625,2.8116387329194085e-05,0.19470487510115206,0.10214375483045623,6.020046114445636e-10,4.4120364093822795e-11,1.2254120273349341e-11,3.777075343279662e-12,6.621561711550153e-10,0.9077870909292085,0.06653088067774234,0.018478483359366783,0.005695604606530543,13.342193121331238,45.42018625370719
SC4001E,SC4001E0-PSG.edf,SC4001EC-Hypnogram.edf,Fpz-Cz,100.0,155,33480.0,4,N3,1.1739529097441401e-08,2.9017924178147537e-05,8.420399236087194e-10,-7.26662628285802e-05,0.00011899949592615128,0.00019166575875473148,2.901308982943262e-05,0.536752079289805,0.7810498272236184,6.775523019296939e-10,4.5556491005318105e-11,1.4141109163348103e-11,2.7329300321118256e-12,7.39982832130472e-10,0.9143967613684074,0.061481169373835826,0.01908426018817416,0.0036882501369891554,14.55333697404939,44.74918545398486
SC4001E,SC4001E0-PSG.edf,SC4001EC-Hypnogram.edf,Fpz-Cz,100.0,156,33510.0,4,N3,6.983953864087705e-08,3.565783100969869e-05,1.2714809123162297e-09,-9.345114801128293e-05,0.00010187419266752632,0.00019532534067880926,3.565195594783847e-05,0.36651304841089305,0.061840612952365426,9.364634778255714e-10,4.2685032326631715e-11,1.2020947390957572e-11,2.998231945688885e-12,9.941676894888499e-10,0.9410107338860338,0.0428923012447843,0.01207931840826938,0.0030127906857877118,21.436712483663996,71.91976510679251
SC4001E,SC4001E0-PSG.edf,SC4001EC-Hypnogram.edf,Fpz-Cz,100.0,157,33540.0,4,N3,1.6140014495344739e-07,3.235620245740914e-05,1.0469238374648493e-09,-8.073399288876346e-05,0.00010390624849578788,0.00018464024138455134,3.23512119225718e-05,0.4124643475632247,0.13367448045389274,8.891512197053139e-10,5.522389419667672e-11,1.2262464584402195e-11,2.347733303485119e-12,9.589853117898778e-10,0.9262133584601467,0.057525769945076154,0.012773596047567663,0.0024455929425709717,15.814472341509738,67.04268381240638
SC4001E,SC4001E0-PSG.edf,SC4001EC-Hypnogram.edf,Fpz-Cz,100.0,158,33570.0,4,N3,-2.3696097801077775e-07,3.454527552065546e-05,1.1933760607979976e-09,-8.329554180583943e-05,8.884379655250092e-05,0.00017213933835834034,3.4540330329671593e-05,0.08690719060690982,-0.6501096038941143,9.023001982328526e-10,5.1843449012413984e-11,1.094403923065594e-11,3.33407761209354e-12,9.684217640880162e-10,0.9307612348498198,0.05347873436819909,0.01128924440947697,0.003439243614702703,17.074967949591713,75.54397476500085
SC4001E,SC4001E0-PSG.edf,SC4001EC-Hypnogram.edf,Fpz-Cz,100.0,159,33600.0,4,N3,-5.427334191136913e-08,3.69451604449292e-05,1.364944880301561e-09,-9.188966521933539e-05,0.00010579962548361227,0.00019768929070294766,3.693904227603142e-05,0.14991217841042753,-0.4956997536814449,1.194947410856973e-09,4.4466421996249956e-11,1.1687026487242207e-11,2.443143484520278e-12,1.2535440028249854e-09,0.9524954151996161,0.03544429043231672,0.009315756530600227,0.0019474354658097295,26.281975981209417,94.18656231691371
SC4001E,SC4001E0-PSG.edf,SC4001EC-Hypnogram.edf,Fpz-Cz,100.0,160,33630.0,4,N3,-2.764954036255896e-07,3.0940266388326727e-05,9.573000841806204e-10,-8.128487152318473e-05,9.496496284222715e-05,0.0001762498343654119,3.0936344869114484e-05,0.06936676266311337,-0.3320521589503098,8.370345680182636e-10,4.03773177696368e-11,1.1968229891053981e-11,2.642900902094828e-12,8.920230165810493e-10,0.9373045850742591,0.04521419607326797,0.013401927687009133,0.0029594991988148413,20.229309513931085,64.54501308584022
SC4001E,SC4001E0-PSG.edf,SC4001EC-Hypnogram.edf,Fpz-Cz,100.0,161,33660.0,4,N3,6.686798181751137e-08,3.341873690123632e-05,1.116811976074054e-09,-9.302439262112041e-05,9.474976190113997e-05,0.00018777415452226037,3.341323355711558e-05,0.2569388983621326,-0.4427108835091875,9.807162496253996e-10,5.07482590303782e-11,1.292933417810487e-11,1.9862699431785644e-12,1.046380112777061e-09,0.9363517959349958,0.048452570763275665,0.012344452620762076,0.0018964174695966847,18.951676210975172,70.40654184081247
SC4001E,SC4001E0-PSG.edf,SC4001EC-Hypnogram.edf,Fpz-Cz,100.0,162,33690.0,4,N3,4.772322667081389e-07,3.393217501063981e-05,1.1513925009526886e-09,-7.627939861699008e-05,0.00010023568001004746,0.00017651507862703752,3.3929875538951784e-05,0.14931020192137268,-0.31418948096326726,8.978167762402721e-10,4.477911969212792e-11,1.8037587607446516e-11,2.487084914033858e-12,9.631205684538803e-10,0.9312287338502312,0.04644555998212787,0.01870885052931983,0.0025796409654679307,19.611927496165,47.16021770999456
SC4001E,SC4001E0-PSG.edf,SC4001EC-Hypnogram.edf,Fpz-Cz,100.0,163,33720.0,4,N3,-2.816669799176741e-07,3.807293090524343e-05,1.4495480677154404e-09,-9.402849658985453e-05,0.00010928246285331431,0.00020331095944316885,3.806762694618326e-05,0.26392447936415686,-0.07414691939734475,1.2103700389302785e-09,5.0811471852211285e-11,1.3787848906933629e-11,2.338908527386357e-12,1.2773082682168095e-09,0.9468530158368589,0.03974899726111552,0.010786012458612305,0.0018296905257829893,23.361043329994118,81.8489590032779
SC4001E,SC4001E0-PSG.edf,SC4001EC-Hypnogram.edf,Fpz-Cz,100.0,164,33750.0,4,N3,2.437478621408179e-07,4.190178282261977e-05,1.755759403713993e-09,-0.00011416334297860507,0.00011837870031192513,0.0002325420432905302,4.18955076780282e-05,0.13566137917339746,-0.393669071151618,1.641323560540159e-09,4.909099522600703e-11,1.3088894576249249e-11,3.1714691613562895e-12,1.7066749195037715e-09,0.9611452049767801,0.028747271898958524,0.007664746039634238,0.0018571855363887862,32.766838692955154,116.49768203298693
SC4001E,SC4001E0-PSG.edf,SC4001EC-Hypnogram.edf,Fpz-Cz,100.0,165,33780.0,4,N3,1.942990476183174e-07,3.502394507788549e-05,1.2266767288187392e-09,-0.00010148544025021013,9.806314272113286e-05,0.000199548582971343,3.501864630015993e-05,0.08674846700332242,-0.2771114975443525,1.021226355883205e-09,3.5305841841855593e-11,9.717383957070368e-12,2.4621915026006535e-12,1.0687117731847317e-09,0.9546743164682794,0.033005004457175885,0.00908411424522318,0.0023017335737740355,28.128430689792538,95.2869058320423
SC4001E,SC4001E0-PSG.edf,SC4001EC-Hypnogram.edf,Fpz-Cz,100.0,166,33810.0,4,N3,-3.0793172253199144e-08,3.682674389089231e-05,1.3562090656053739e-09,-0.00010020587996900999,9.224345117203451e-05,0.00019244933114104452,3.682061846488046e-05,-0.03244423085735733,-0.4189125978591637,1.0710759920525289e-09,4.565011791105838e-11,1.5482811880470488e-11,2.4194441590232444e-12,1.1346283660030809e-09,0.9431571314322234,0.04019811346534693,0.013633695973061386,0.002130489367343507,22.95977030743219,64.9813878736057
SC4001E,SC4001E0-PSG.edf,SC4001EC-Hypnogram.edf,Fpz-Cz,100.0,167,33840.0,4,N3,-5.605014855588702e-07,3.7866616432361806e-05,1.4338806400356132e-09,-8.736974443362573e-05,0.0001120445046563253,0.00019941424908995103,3.786445353808215e-05,0.30210770085246746,-0.17600359495757267,1.215803153099689e-09,3.650907769661612e-11,1.175039150812582e-11,5.06830077777499e-12,1.2691309230822062e-09,0.9572266378251142,0.028744342046267267,0.00925132306802777,0.003990376649893561,32.413571000957255,95.35418205196743
SC4001E,SC4001E0-PSG.edf,SC4001EC-Hypnogram.edf,Fpz-Cz,100.0,168,33870.0,4,N3,1.7018218257746427e-07,4.124066397310771e-05,1.7007923649427843e-09,-0.00010289718172210237,0.00011878979989996497,0.00022168698162206734,4.123414114698809e-05,0.07033767599528973,-0.2232940036355613,1.4219452652561697e-09,4.2785502085588627e-11,1.446425225399157e-11,2.516146238971561e-12,1.4817111658347214e-09,0.959017034484702,0.028856262144287343,0.009755273034481152,0.0016969901467997963,32.47525316659969,91.95047014892963
SC4001E,SC4001E0-PSG.edf,SC4001EC-Hypnogram.edf,Fpz-Cz,100.0,169,33900.0,4,N3,-1.2091018117537638e-07,3.475204668704632e-05,1.2077047489386474e-09,-8.015581686642354e-05,9.281896196687293e-05,0.00017297477883329647,3.474646456779327e-05,0.1401300178583334,-0.5955577774930862,1.042915852842891e-09,4.3574572040657446e-11,1.1962343936380382e-11,2.219663112472185e-12,1.1006724319324012e-09,0.9466660166974973,0.03955311104973823,0.010858349169541887,0.0020148122510234364,23.39710299162546,80.4573507663087
SC4001E,SC4001E0-PSG.edf,SC4001EC-Hypnogram.edf,Fpz-Cz,100.0,170,33930.0,4,N3,5.62653120502176e-07,3.8825949506243455e-05,1.5074543550613665e-09,-0.00011144278426704301,0.00011082848467039864,0.00022227126893744167,3.882355533449194e-05,-0.041078987008240954,-0.33587096249641046,1.2828721990637002e-09,4.8869588630786056e-11,1.2380129699454146e-11,2.868688879626685e-12,1.3469906062735674e-09,0.9516922396144266,0.03625365666744731,0.00918413647827874,0.002128122307585651,25.72453942946189,95.8789061002926
SC4001E,SC4001E0-PSG.edf,SC4001EC-Hypnogram.edf,Fpz-Cz,100.0,171,33960.0,4,N3,-2.029497041062728e-07,3.667569788382775e-05,1.3451068152658071e-09,-8.490013127532709e-05,0.00010156342048776886,0.00018646355176309595,3.667014637153474e-05,0.1966058679913626,-0.42468474783683474,1.1199402584841312e-09,3.176066935617855e-11,8.943242114376864e-12,2.071384426568709e-12,1.1627155543812555e-09,0.9623831650850455,0.027292467851446407,0.007685075687702706,0.0017799748562010572,34.18551209402912,112.63330869363199
SC4001E,SC4001E0-PSG.edf,SC4001EC-Hypnogram.edf,Fpz-Cz,100.0,172,33990.0,4,N3,-3.720766662451044e-07,4.310992719186494e-05,1.8584658224878963e-09,-9.874715553509919e-05,0.00011900065568403733,0.00021774781121913653,4.310434751769205e-05,0.17040532192603167,-0.23628886907902746,1.342678217748623e-09,4.474796486679571e-11,1.4079791487674887e-11,2.2850660507311273e-12,1.4037910401538246e-09,0.955785009563842,0.03185382280192775,0.010022694539775216,0.0016266234517561505,29.34946334024032,89.03824823082132
SC4001E,SC4001E0-PSG.edf,SC4001EC-Hypnogram.edf,Fpz-Cz,100.0,173,34020.0,4,N3,4.6471189382174724e-07,3.908178207866335e-05,1.5273856904441322e-09,-8.88450258906779e-05,0.00010831535305695429,0.0001971603789476322,3.907803115594375e-05,0.3244360939736165,-0.4704540628169749,1.3772752079759447e-09,3.7966813942081894e-11,1.0647984586714151e-11,2.373050599311167e-12,1.4282630571040518e-09,0.9636261156617004,0.02656390910922276,0.0074499823764345476,0.0016603315866285673,35.34482470193868,118.24150330237245
SC4001E,SC4001E0-PSG.edf,SC4001EC-Hypnogram.edf,Fpz-Cz,100.0,174,34050.0,4,N3,-3.447748874050578e-07,3.5982484563718884e-05,1.2947391953782679e-09,-9.634807848251787e-05,9.910329310984064e-05,0.00019545137159235852,3.5978138992580764e-05,-0.02084115719081997,-0.3428913298243339,1.059607913285571e-09,3.99962664695656e-11,1.1921187280796055e-11,2.1750430843745507e-12,1.1137004101203074e-09,0.9505764092893888,0.035880731814971596,0.010694521301476353,0.001951235564845448,25.8464490680436,82.00546050906632
SC4001E,SC4001E0-PSG.edf,SC4001EC-Hypnogram.edf,Fpz-Cz,100.0,175,34080.0,4,N3,2.9335999346561544e-07,3.5858365324888065e-05,1.2858223637731347e-09,-8.412887731802798e-05,0.00012062730836354363,0.0002047561856815716,3.585358861263834e-05,0.4040376808929877,0.09351738322003822,1.0039339073604755e-09,4.4371882169784965e-11,1.5242287521917355e-11,1.965860436988384e-12,1.065513937489166e-09,0.9413228201442737,0.04160459663025801,0.014291690887604729,0.0018432580840120091,22.126785562998684,61.809883983753295
SC4001E,SC4001E0-PSG.edf,SC4001EC-Hypnogram.edf,Fpz-Cz,100.0,176,34110.0,4,N3,-3.768997517061701e-07,4.403620860514943e-05,1.939187668316236e-09,-0.00011615178668019369,0.00010579826799830084,0.00022195005467849453,4.40304817808031e-05,0.04771528931997493,-0.5221869938255299,1.5730167728523172e-09,3.7459473450196446e-11,1.7488859308161836e-11,2.2922661406780716e-12,1.6302573717513535e-09,0.9642971122107432,0.022963558110992096,0.010721091356286357,0.0014052142723603722,40.90063206115689,85.07916830531103
SC4001E,SC4001E0-PSG.edf,SC4001EC-Hypnogram.edf,Fpz-Cz,100.0,177,34140.0,4,N3,-8.473222390714834e-08,3.9905015622385924e-05,1.5924102718228646e-09,-0.00010760436067446758,0.00011433883350845017,0.00022194319418291774,3.9898454205002626e-05,0.2509547628653521,-0.18546424681441165,1.3388938680424988e-09,4.3126348205301254e-11,1.2447562214786885e-11,2.5469044509228635e-12,1.3970146829135101e-09,0.9577108770075278,0.030848279873158753,0.008903742118677711,0.0018218009310281547,30.342276723493892,99.56405827743681
SC4001E,SC4001E0-PSG.edf,SC4001EC-Hypnogram.edf,Fpz-Cz,100.0,178,34170.0,4,N3,-9.25022527486972e-08,3.939457975380556e-05,1.5519329139789468e-09,-9.996416669213799e-05,0.00012165275663551225,0.00022161692332765023,3.938812206331223e-05,0.18312948884133812,-0.20821666400305494,1.2476842315549064e-09,4.2798465113365125e-11,1.693767617923699e-11,2.255715468771281e-12,1.3096760883162794e-09,0.9519394171276188,0.03265373153205601,0.012922854342292506,0.0017210319840877068,28.48693962963042,69.556625902251
SC4001E,SC4001E0-PSG.edf,SC4001EC-Hypnogram.edf,Fpz-Cz,100.0,179,34200.0,4,N3,1.7846416351948998e-07,3.746067096779224e-05,1.4033018693571923e-09,-0.0001089947237050008,0.00010189418650801105,0.00021088891021301185,3.7454852175987386e-05,0.17051114800994902,-0.458578989488061,1.1447101289188377e-09,5.696672564180732e-11,1.7481317373504938e-11,2.327407010788352e-12,1.2214855789449384e-09,0.936379249485115,0.04659909828218361,0.014299814799117813,0.0019038318740716858,19.74771071238909,61.93877339934162
SC4001E,SC4001E0-PSG.edf,SC4001EC-Hypnogram.edf,Fpz-Cz,100.0,180,34230.0,4,N3,1.770418843381329e-07,3.595850003087546e-05,1.2930137244704706e-09,-8.8436201182491e-05,0.00010633806062955301,0.000194774261812044,3.595294235141899e-05,0.24449029630232322,-0.3099070141538438,9.870894062413376e-10,3.762819327059121e-11,1.4097496302302052e-11,2.3139919544672853e-12,1.0411290877686983e-09,0.9471853514374058,0.03610703675027141,0.01352759122431386,0.0022204465661943775,25.553600172981373,65.38100003315299
SC4001E,SC4001E0-PSG.edf,SC4001EC-Hypnogram.edf,Fpz-Cz,100.0,181,34260.0,4,N3,1.6661251684207625e-07,3.807409155000779e-05,1.4496364473583748e-09,-8.841786901332768e-05,9.498439425041096e-05,0.00018340226326373865,3.806810994704129e-05,0.042917672045564695,-0.5109669142399431,1.26232961835228e-09,3.98961123071818e-11,1.1832430918438409e-11,1.969772879658445e-12,1.3160279344575592e-09,0.958468370583341,0.03029253310683475,0.00898419130594356,0.001495619666161242,30.86673884477281,98.3702640891282
SC4001E,SC4001E0-PSG.edf,SC4001EC-Hypnogram.edf,Fpz-Cz,100.0,182,34290.0,4,N3,-6.680497401206304e-07,3.955367556069721e-05,1.564493250360896e-09,-0.00011490427265777325,0.00010501678894939744,0.00021992106160717068,3.955272485007892e-05,0.09833193154257053,0.0010221091515414393,1.203389054443038e-09,3.8038463928018223e-11,1.260630958663834e-11,1.917755077105486e-12,1.2559515830347991e-09,0.9573869595975691,0.030262473464711896,0.010029272214448796,0.0015257191311022775,30.825727586565097,88.44345682276621
SC4001E,SC4001E0-PSG.edf,SC4001EC-Hypnogram.edf,Fpz-Cz,100.0,183,34320.0,4,N3,2.877553166518503e-07,4.310044250670347e-05,1.8576481442736515e-09,-9.20861939069958e-05,0.00012158247761592582,0.0002136686715229216,4.309421923353319e-05,0.3307359719287224,-0.3482894687964384,1.4802979060127266e-09,4.632737818949795e-11,1.3384632847677652e-11,1.7400694959315622e-12,1.5417499865458337e-09,0.9595189881200807,0.03002908999741651,0.008675827557545732,0.0011279011577420399,31.277834577813312,102.9082856467703
SC4001E,SC4001E0-PSG.edf,SC4001EC-Hypnogram.edf,Fpz-Cz,100.0,184,34350.0,4,N3,1.291459039284608e-07,4.4107294494927355e-05,1.945453427662249e-09,-9.17803555633502e-05,0.00012192828335354578,0.00021370863891689596,4.410013176681973e-05,0.21175592631493304,-0.5661593546270218,1.6635429000906097e-09,4.808846188911497e-11,1.1612270872215578e-11,2.0321658596242527e-12,1.7252757987115648e-09,0.9636599790903765,0.027856766528851648,0.00672677615064904,0.0011771965181583347,33.88867436605279,131.89876089288097
SC4001E,SC4001E0-PSG.edf,SC4001EC-Hypnogram.edf,Fpz-Cz,100.0,185,34380.0,4,N3,-1.5612114343292218e-07,4.292228468828412e-05,1.8423225228621096e-09,-0.00010217663963756979,0.00011801873501448348,0.00022019537465205327,4.291541435388823e-05,0.1901491389482641,-0.39071380996561045,1.4912646280243168e-09,4.2641197982351767e-11,1.2833714568601316e-11,1.9914597338054284e-12,1.5487310003090748e-09,0.9622732124006698,0.027515225528719177,0.008281253047168695,0.0012850357471124061,34.17102868320377,107.79929140717365
SC4001E,SC4001E0-PSG.edf,SC4001EC-Hypnogram.edf,Fpz-Cz,100.0,186,34410.0,4,N3,3.8583197011086963e-07,4.3702556852036856e-05,1.9099134754055137e-09,-0.00010229474659227704,0.00011680738808706297,0.00021910213467934,4.3696975912407686e-05,0.06495288020998514,-0.5513338662548426,1.6909733087679571e-09,5.0674199325637883e-11,1.5340327696081775e-11,2.078812672310228e-12,1.759066648461987e-09,0.9607439071955562,0.028791068434777124,0.008715765229394429,0.0011810988374370785,32.72374474758411,103.48466323435076
SC4001E,SC4001E0-PSG.edf,SC4001EC-Hypnogram.edf,Fpz-Cz,100.0,187,34440.0,4,N3,-4.4125891369223566e-07,4.4291596425681616e-05,1.9617455139354522e-09,-0.00011049305345907156,0.0001275712845970789,0.00023806433805615047,4.4286412229859544e-05,-0.016742399724500374,-0.24584436286174371,1.5487878179089492e-09,3.5941152135831626e-11,7.847863884786024e-12,1.7052575234879855e-12,1.5942820914530548e-09,0.9708551397942689,0.02252965311175455,0.004919420788857371,0.0010689379217783106,41.9258124980536,175.0465240058793
SC4001E,SC4001E0-PSG.edf,SC4001EC-Hypnogram.edf,Fpz-Cz,100.0,188,34470.0,4,N3,2.326396715299033e-07,3.907180805988894e-05,1.526606185068802e-09,-9.675897440302887e-05,0.00010780458253702867,0.00020456355694005755,3.906598824498383e-05,0.18389456180591246,-0.2445611953951814,1.36286747110713e-09,3.2569253311881954e-11,9.678985996945545e-12,2.4110885761100178e-12,1.4075267989920672e-09,0.9675836285702119,0.023122920582830445,0.0068717087980660115,0.001711780406191332,40.59868292109846,127.62143067674626
SC4001E,SC4001E0-PSG.edf,SC4001EC-Hypnogram.edf,Fpz-Cz,100.0,189,34500.0,4,N3,-2.9697102768109645e-07,3.502645208763482e-05,1.2268523458473776e-09,-8.572633021830303e-05,0.00010685377885386823,0.00019258010907217125,3.5021872977565184e-05,0.2991375889159728,-0.027314271538045,1.1013687999479976e-09,3.4616489800978524e-11,8.990332861661842e-12,2.43421525818608e-12,1.1474098378688241e-09,0.959038109593241,0.030142975669050782,0.007828505612896667,0.002119639851486648,30.923002409904488,110.24345386674037
SC4001E,SC4001E0-PSG.edf,SC4001EC-Hypnogram.edf,Fpz-Cz,100.0,190,34530.0,4,N3,1.4644688524133366e-07,4.586070987442771e-05,2.1032047101864316e-09,-0.00013440304329575281,0.00012377072533656044,0.0002581737686323133,4.585329964833392e-05,0.1853803669631412,-0.2945901957736985,1.7531090166993903e-09,4.154459633093048e-11,8.92894861295318e-12,2.0109483025435738e-12,1.8055935099458181e-09,0.9703948381570174,0.022996095193642343,0.004942422611282917,0.0011131160891881453,41.20638501451374,176.56542349431706
SC4001E,SC4001E0-PSG.edf,SC4001EC-Hypnogram.edf,Fpz-Cz,100.0,191,34560.0,4,N3,3.1543960435077203e-07,3.798323193113859e-05,1.4427259079346663e-09,-9.583480697737828e-05,0.0001118676593532498,0.00020770246633062807,3.797821087732651e-05,0.3384988067104315,0.003963652046416133,1.2581503131759291e-09,4.736668740267334e-11,1.0253546972223744e-11,1.8100264082791712e-12,1.3175805739591054e-09,0.9541702175986626,0.03592248235574444,0.007776200540735214,0.0013727082318864099,26.012745150423267,111.80033426628279
SC4001E,SC4001E0-PSG.edf,SC4001EC-Hypnogram.edf,Fpz-Cz,100.0,192,34590.0,4,N3,-6.328575963265048e-07,4.275299907621538e-05,1.827818930010873e-09,-9.609828417512911e-05,0.00012839563143386047,0.0002244939156089896,4.2750557490767663e-05,0.17660098448396364,-0.3847257598560532,1.5332555704975796e-09,5.159833368438084e-11,1.2066434983817674e-11,2.191707860189085e-12,1.5991120470259671e-09,0.9582176281638215,0.03224670033594434,0.00754099377368281,0.0013697214918559494,29.150268898211927,117.3430681281056
SC4001E,SC4001E0-PSG.edf,SC4001EC-Hypnogram.edf,Fpz-Cz,100.0,193,34620.0,4,N3,9.074429902331318e-07,3.6469279470388406e-05,1.3300083450892933e-09,-7.77799833941158e-05,0.00010902590986296261,0.0001868058932570784,3.647449056196381e-05,0.38328910716763465,-0.4001246523180977,1.0707181900289296e-09,4.267788888085537e-11,1.1184296268994728e-11,1.886743535573437e-12,1.1264671187143528e-09,0.9496668880684219,0.03785289005103832,0.009919842524319596,0.0016734355301863566,24.513963871963607,87.87690042908567
SC4001E,SC4001E0-PSG.edf,SC4001EC-Hypnogram.edf,Fpz-Cz,100.0,194,34650.0,4,N3,-4.238305789348053e-07,3.857491579025626e-05,1.4880241282253615e-09,-8.181266675461922e-05,0.00010193634100923881,0.00018374900776385803,3.8570814776748754e-05,0.19420591368635573,-0.6549834474102969,1.338845996815151e-09,4.233018868164344e-11,1.2314208491526939e-11,2.451528338229436e-12,1.3959419223265504e-09,0.9584120681161582,0.030302039050517014,0.008815118434571797,0.0017549250251911075,30.89868836371683,100.55768599892231
SC4001E,SC4001E0-PSG.edf,SC4001EC-Hypnogram.edf,Fpz-Cz,100.0,195,34680.0,4,N3,2.9853737356029146e-07,3.984249904686092e-05,1.5874247302991131e-09,-8.913037760618995e-05,8.619374507675354e-05,0.00017532412268294348,3.983697670865297e-05,-0.10813941054526784,-0.7827302913517391,1.3470027289161516e-09,5.251232732548114e-11,1.1714751102395717e-11,2.1078764242332953e-12,1.4133376837682614e-09,0.9523911753007193,0.037128564082073386,0.008282852982594483,0.0014903629086776633,25.17182107821995,105.94015707176123
SC4001E,SC4001E0-PSG.edf,SC4001EC-Hypnogram.edf,Fpz-Cz,100.0,196,34710.0,4,N3,-3.01414581373941e-07,3.617518561679462e-05,1.3086440544095441e-09,-8.056998476037019e-05,9.007506655563722e-05,0.0001706450513160074,3.617041180958002e-05,0.0868128507995525,-0.6780746658853003,1.150641154894125e-09,4.0182454111844795e-11,9.246752875207418e-12,1.8514896888631153e-12,1.20192185157004e-09,0.9565385759617893,0.033404043711899575,0.007686910719211444,0.0015391604088383396,27.940082243986044,112.29324732502963
SC4001E,SC4001E0-PSG.edf,SC4001EC-Hypnogram.edf,Fpz-Cz,100.0,197,34740.0,4,N3,-2.8053308440436236e-07,3.9288254967318946e-05,1.5435669783770618e-09,-0.00010924946492677062,9.951710513599225e-05,0.00020876657006276288,3.928270808972291e-05,0.048294855780391055,-0.49394651820029667,1.295167362039576e-09,4.581056726960168e-11,1.8293733655161685e-11,2.848178328140758e-12,1.36211984129248e-09,0.9501492992806317,0.033607145814974794,0.013420488133909027,0.002089455557656749,27.668268888521776,67.12891269197539
SC4001E,SC4001E0-PSG.edf,SC4001EC-Hypnogram.edf,Fpz-Cz,100.0,198,34770.0,4,N3,2.002690182070632e-07,3.779928762160009e-05,1.4287861447004496e-09,-9.631596786252754e-05,0.00010739499215470388,0.00020371096001723141,3.779351783483339e-05,0.17522197728141184,-0.4075627853549655,1.0946105779636208e-09,4.0483043264393204e-11,1.2190720213113759e-11,2.3357072953021965e-12,1.1496200487364301e-09,0.9513223580326825,0.03518367623513099,0.010594913782791437,0.0020299553252763037,26.386940104348014,82.9833822777468
SC4001E,SC4001E0-PSG.edf,SC4001EC-Hypnogram.edf,Fpz-Cz,100.0,199,34800.0,4,N3,-1.9864712269052716e-07,3.978659240142676e-05,1.5829729349172696e-09,-8.48746387779165e-05,0.00011879561195008345,0.00020367025072799995,3.978045673382409e-05,0.2583558978980505,-0.45098710063335723,1.307506568778845e-09,4.4489884801189244e-11,1.5417434699778677e-11,1.962445993270097e-12,1.369376334273083e-09,0.9541222626793338,0.032465450320833894,0.011250511493951669,0.00143204895194799,28.74279797570872,79.6413442592509
SC4001E,SC4001E0-PSG.edf,SC4001EC-Hypnogram.edf,Fpz-Cz,100.0,200,34830.0,4,N3,8.195546133915356e-07,4.167394598845171e-05,1.7367177742483905e-09,-9.456846030437413e-05,0.00010007687144715575,0.00019464533175152988,4.167505894522493e-05,0.01847834105827462,-0.6262469945826568,1.4469559841054082e-09,4.086316266576237e-11,9.655278789590159e-12,2.0293521947207977e-12,1.4995037777554811e-09,0.9643134562912117,0.027232962203458937,0.006434691423458423,0.0013524472412567937,34.56394338043637,135.79710232631683
SC4001E,SC4001E0-PSG.edf,SC4001EC-Hypnogram.edf,Fpz-Cz,100.0,201,34860.0,4,N3,-1.0503519296016318e-07,4.0830516442599745e-05,1.6671310729694082e-09,-9.410177381802902e-05,0.00010923456477084135,0.00020333633858887035,4.0823845911470806e-05,0.10668625943743781,-0.5937590722887682,1.4953843268495372e-09,4.795126479120637e-11,1.1874288139007011e-11,2.4857889497245426e-12,1.557695668729475e-09,0.9593818452504302,0.03076371209159286,0.00761809272793193,0.0015947878727030533,30.548430836830363,116.15277759076749
SC4001E,SC4001E0-PSG.edf,SC4001EC-Hypnogram.edf,Fpz-Cz,100.0,202,34890.0,4,N3,-5.910323600458965e-07,3.52052756757423e-05,1.2394114354050123e-09,-9.956434691018852e-05,0.00010573187859002102,0.00020529622550020954,3.5204369295735136e-05,0.2616626152565913,-0.28298190846536464,1.1905056063748517e-09,2.8309284367108744e-11,1.2232516054296934e-11,1.5311166214952298e-12,1.2325785234177524e-09,0.9650829548138022,0.02294891150396737,0.009916284875328023,0.0012411991554887956,40.61871970203586,89.9681966369702
SC4001E,SC4001E0-PSG.edf,SC4001EC-Hypnogram.edf,Fpz-Cz,100.0,203,34920.0,4,N3,-3.3819336351958473e-09,4.399130726882339e-05,1.9352351152200336e-09,-9.47881957369194e-05,0.00011914430994319959,0.000213932505680119,4.3983974903205014e-05,0.22431329324693122,-0.46582462894622,1.6067087698978352e-09,5.221349161968206e-11,8.874906407930238e-12,1.7959034699501242e-12,1.669593071395397e-09,0.9617595076913605,0.03125446436580134,0.005312428597897446,0.0010750095284724598,30.193635504714038,162.70622763650053
SC4001E,SC4001E0-PSG.edf,SC4001EC-Hypnogram.edf,Fpz-Cz,100.0,204,34950.0,4,N3,2.004523902772063e-07,3.735597491621483e-05,1.3954688619408716e-09,-0.00010498237830382286,0.00010305247488664771,0.00020803485319047056,3.735028630163798e-05,0.08426179818318061,-0.4088633083694422,1.1861994164905115e-09,3.568879924109363e-11,9.548626171785342e-12,2.2372840009948473e-12,1.233674125904385e-09,0.9607388634807859,0.02890544030389556,0.0077337217743921535,0.001812044128936501,32.33137745107498,112.45060704333869
SC4001E,SC4001E0-PSG.edf,SC4001EC-Hypnogram.edf,Fpz-Cz,100.0,205,34980.0,4,N3,3.003688740758067e-07,4.0769006965459184e-05,1.6621119289496594e-09,-8.754543574449942e-05,0.00013094867554681942,0.00021849411129131884,4.0763318229758025e-05,0.40004417562374456,-0.24960795580365325,1.3211052528393327e-09,4.3825836368648484e-11,9.19457256335187e-12,1.8593873292022418e-12,1.3759850491005354e-09,0.959418734213778,0.03182738723072998,0.006677322000959912,0.0013503322569964123,29.47195992004565,129.58907738697454
SC4001E,SC4001E0-PSG.edf,SC4001EC-Hypnogram.edf,Fpz-Cz,100.0,206,35010.0,4,N3,-7.401189345086745e-07,4.222281604380185e-05,1.7827661946687309e-09,-9.878578886602118e-05,0.00011689075308722988,0.00021567654195325106,4.2222265634469766e-05,0.22676314071975806,-0.5209967776990259,1.4935295455280298e-09,3.868742460986428e-11,7.782808812568265e-12,2.2645187035323058e-12,1.542264297653995e-09,0.9677730171030523,0.02506856710718654,0.00504308226685433,0.0014673563737428068,37.632312003354684,170.05146956982347
SC4001E,SC4001E0-PSG.edf,SC4001EC-Hypnogram.edf,Fpz-Cz,100.0,207,35040.0,4,N3,-8.23074423988968e-09,4.104863119611356e-05,1.6849901230745475e-09,-9.285843585050477e-05,0.00010647887603725858,0.00019933731188776334,4.104179001268512e-05,0.21734747574113647,-0.5453796902396393,1.5120104960903492e-09,4.083986074458135e-11,7.649181182424506e-12,1.7756367576210442e-12,1.562275174774976e-09,0.9672068747000948,0.026124550177456757,0.004893048457400059,0.0011358440191929972,36.13803844426438,174.81544948587933
SC4001E,SC4001E0-PSG.edf,SC4001EC-Hypnogram.edf,Fpz-Cz,100.0,208,35070.0,4,N3,4.66386651563473e-07,4.099581373083911e-05,1.6806567434536565e-09,-9.794844161599e-05,0.000104432878544222,0.000202381320160212,4.099163379334774e-05,0.21781466055051077,-0.5518166161532738,1.439479461169324e-09,3.671250206602578e-11,8.8449228639248e-12,1.6248376119919706e-12,1.486661723711267e-09,0.9676120842702447,0.024677990621711478,0.0059455202234143575,0.0010922090594214463,38.16982120807396,146.21541286464256
SC4001E,SC4001E0-PSG.edf,SC4001EC-Hypnogram.edf,Fpz-Cz,100.0,209,35100.0,4,N3,-3.075308224238932e-07,4.033971969239286e-05,1.6272929848608281e-09,-9.608430909614299e-05,0.00011514641962438041,0.0002112307287205234,4.033416825809868e-05,0.16260194877547476,-0.4317331941619553,1.3928123786681744e-09,3.534445266968695e-11,1.0431767012163559e-11,2.801223394206108e-12,1.4413898217442312e-09,0.9656282633663452,0.02450409184595198,0.0072322799668322595,0.0019420709658216299,38.32255753929259,121.83701585119805
SC4001E,SC4001E0-PSG.edf,SC4001EC-Hypnogram.edf,Fpz-Cz,100.0,210,35130.0,4,N3,6.416375601695589e-08,4.06427378321868e-05,1.6518321384958683e-09,-0.00010162535971552834,0.00010837594972223547,0.0002100013094377638,4.0636014134885606e-05,0.19033505584457877,-0.1952385840630413,1.3746885406326104e-09,3.7868913338791776e-11,1.1898882903375198e-11,1.9535585367565754e-12,1.426409895411534e-09,0.963065020812593,0.026529810014994923,0.008335995807248241,0.0013686037507771012,35.36730056357531,106.5742321199692
SC4001E,SC4001E0-PSG.edf,SC4001EC-Hypnogram.edf,Fpz-Cz,100.0,211,35160.0,4,N3,-2.7857700956537662e-08,3.44259575975046e-05,1.1851465565051846e-09,-0.00010271932223650566,9.36541967343682e-05,0.00019637351897087386,3.442023073287741e-05,0.1877192041460811,-0.1840861776078464,9.90187680045303e-10,3.807182170464169e-11,1.2272226149673886e-11,1.5779636086581424e-12,1.0421096915082769e-09,0.9492651521754611,0.036498387479836386,0.01176503894995832,0.0015127494466823496,25.342756924171507,74.60599818589084
SC4001E,SC4001E0-PSG.edf,SC4001EC-Hypnogram.edf,Fpz-Cz,100.0,212,35190.0,4,N3,3.594121530452232e-07,3.738297565492955e-05,1.3974868688170556e-09,-9.531994416020679e-05,0.00010485996357689307,0.00020017990773709988,3.737847264076663e-05,-0.005240599422189088,-0.28461688137088403,1.2561507958840319e-09,3.71439652657894e-11,9.786647884116054e-12,1.9192456334696184e-12,1.3050006546674067e-09,0.9618301425767126,0.028441000494941315,0.007493601055359635,0.0014695594727388434,32.93183566865949,116.45423206349255
SC4001E,SC4001E0-PSG.edf,SC4001EC-Hypnogram.edf,Fpz-Cz,100.0,213,35220.0,4,N3,-1.1148541313598116e-07,4.084006246537583e-05,1.6679107021757996e-09,-9.64667494234416e-05,0.00010835699105782908,0.00020482374048127067,4.0833407412792325e-05,0.22674397046623487,-0.43545615772577184,1.2389808716196686e-09,3.5799854101365e-11,1.2334981108874794e-11,1.9844693842122503e-12,1.2891001762141207e-09,0.9603757091604584,0.02774966995696559,0.00956125837070464,0.0015382289071813006,33.6680919496828,92.91208300213437
SC4001E,SC4001E0-PSG.edf,SC4001EC-Hypnogram.edf,Fpz-Cz,100.0,214,35250.0,4,N3,3.911239238419754e-07,4.4784062975521076e-05,2.0056122965954375e-09,-0.00010585554089829577,0.00011437348581533772,0.00022022902671363348,4.4778306545547705e-05,0.20218241934099487,-0.4170724685636964,1.7821755886993533e-09,4.427020461884736e-11,1.2558797123656508e-11,2.1648259818949853e-12,1.8411694164237523e-09,0.96743305627076,0.024031559868576132,0.006817395301262357,0.0011751503214604516,39.36751785648831,131.44053800981573
SC4001E,SC4001E0-PSG.edf,SC4001EC-Hypnogram.edf,Fpz-Cz,100.0,215,35280.0,4,N3,-6.88481144782773e-07,3.8385775533225596e-05,1.473467763287181e-09,-9.165401411530829e-05,0.00011431051832669264,0.0002059645324420009,3.838555214729634e-05,0.34280458394804986,-0.3922276760087797,1.3214394180309353e-09,3.711206136830822e-11,1.0620848064872276e-11,2.0299540880611316e-12,1.3712022815521765e-09,0.9630062825257654,0.027045619925896523,0.007740001753136882,0.0014793402659008365,34.67247298068657,113.71282118603787
SC4001E,SC4001E0-PSG.edf,SC4001EC-Hypnogram.edf,Fpz-Cz,100.0,216,35310.0,4,N3,2.4442952838753283e-07,3.931940157459094e-05,1.5460153401839442e-09,-8.855573179468638e-05,0.00010880321498027286,0.00019735894677495923,3.9313607663652084e-05,0.18170521489603847,-0.5435356482242018,1.2300294983087885e-09,3.3341110554760135e-11,6.7861607376059904e-12,1.9047391998536365e-12,1.2720615088010085e-09,0.9661980114906243,0.026189709078677095,0.005330583550513058,0.001496187879914422,35.817988365501186,157.97638139782165
SC4001E,SC4001E0-PSG.edf,SC4001EC-Hypnogram.edf,Fpz-Cz,100.0,217,35340.0,4,N3,-3.3516080562938466e-07,3.98616271016001e-05,1.58894931518702e-09,-0.00010435086566374757,0.00010300324793177274,0.0002073541135955203,3.9856392187212846e-05,0.13680036921729147,-0.29571746708703506,1.3195052777751945e-09,3.796961636678259e-11,8.184291450932953e-12,1.991341461746754e-12,1.3676505270546572e-09,0.9640921854717555,0.02774237514706796,0.005979825594007251,0.0014549670806265867,33.85984776847665,143.66979584921137
SC4001E,SC4001E0-PSG.edf,SC4001EC-Hypnogram.edf,Fpz-Cz,100.0,218,35370.0,4,N3,4.632706927675783e-07,3.726947773657586e-05,1.389013970757124e-09,-0.00010808351330275172,0.00010511404363438895,0.00021319755693714065,3.726614530421657e-05,0.07920215441671194,-0.17422393825810767,9.61332160814955e-10,4.692186059193859e-11,1.3041806801000036e-11,1.1639497565919786e-11,1.0329353257738137e-09,0.9297797810472126,0.04538181395129479,0.012613754918606092,0.011257471599791407,20.060409778343836,68.46214126422039
SC4001E,SC4001E0-PSG.edf,SC4001EC-Hypnogram.edf,Fpz-Cz,100.0,219,35400.0,2,N1,-1.8830189506554588e-07,2.1234747695513668e-05,4.509145096921231e-10,-7.668343921708094e-05,6.35544232804429e-05,0.00014023786249752385,2.1232043294493454e-05,-0.10217211325989138,-0.00014926612685206564,2.9074660926419896e-10,5.771021737945532e-11,1.059601587267626e-11,1.2064019795918215e-11,3.711168623122487e-10,0.7813314544725717,0.15508627322303345,0.028474968338803707,0.032419976135870776,4.952231864260496,25.072974412641706
SC4001E,SC4001E0-PSG.edf,SC4001EC-Hypnogram.edf,Fpz-Cz,100.0,220,35430.0,4,N3,2.909314766883581e-07,2.5662220517000082e-05,6.5854956186314e-10,-8.542543710299174e-05,7.77247977114342e-05,0.00016315023481442594,2.56595924844228e-05,-0.3738899214157046,0.2616746928309932,4.93524594957307e-10,3.841136258607455e-11,4.322442442319795e-12,2.912743071560776e-12,5.391711430572623e-10,0.91364487218635,0.07110961605367107,0.008001986958902732,0.00539225967361978,12.522393608681952,92.72521033448763
SC4001E,SC4001E0-PSG.edf,SC4001EC-Hypnogram.edf,Fpz-Cz,100.0,221,35460.0,4,N3,-1.5531504837415423e-07,2.4378148197583013e-05,5.942941095433198e-10,-9.847519201258554e-05,6.523364610661422e-05,0.00016370883811919976,2.4374579673730926e-05,-0.29897724709074036,0.39108380017549926,4.3056608600733546e-10,3.488317349395755e-11,5.095926601707902e-12,2.778222414687914e-12,4.733234085176889e-10,0.9077479168757457,0.07354301488718673,0.010743569704124902,0.005857232354123434,11.999108330812476,70.63177005554878
SC4001E,SC4001E0-PSG.edf,SC4001EC-Hypnogram.edf,Fpz-Cz,100.0,222,35490.0,4,N3,-2.1174332522426438e-08,2.603149732604034e-05,6.776388530356454e-10,-9.474319536833145e-05,8.250629921798272e-05,0.00017724949458631416,2.602716699470622e-05,-0.1673722590920203,0.48826738449864715,4.841985267771017e-10,5.900969607963016e-11,4.673091593692005e-12,2.4840901745832975e-12,5.50365404625007e-10,0.8781808265725582,0.10702466202021445,0.00847548931161224,0.004505342833892107,8.068671538255952,85.35002807208141
SC4001E,SC4001E0-PSG.edf,SC4001EC-Hypnogram.edf,Fpz-Cz,100.0,223,35520.0,4,N3,8.337740040901237e-08,2.2089130354981957e-05,4.879296798393853e-10,-7.830811676962438e-05,8.982276527434529e-05,0.00016813088204396966,2.208560590981536e-05,-0.06435360187104579,0.9027288162987337,4.113087481248931e-10,5.6675860798810915e-11,5.882056523126021e-12,2.878398378274885e-12,4.76745063825105e-10,0.8609377244669278,0.11863201755562056,0.012312124119150189,0.006024967281145204,7.1313846456431715,59.76538360921006
SC4001E,SC4001E0-PSG.edf,SC4001EC-Hypnogram.edf,Fpz-Cz,100.0,224,35550.0,4,N3,-2.468687654886295e-07,2.234961970737185e-05,4.995055010641442e-10,-7.945049068448091e-05,7.924961657853806e-05,0.00015870010726301898,2.234725807381814e-05,0.21564641469657447,0.42984129804150273,3.7480523796390714e-10,5.3536858817231684e-11,5.090419215352699e-12,2.8130925691520523e-12,4.362456085656435e-10,0.8571961172884777,0.1224411583980362,0.011642013357324494,0.006433666831738401,6.872512390564785,61.5401378314156
SC4001E,SC4001E0-PSG.edf,SC4001EC-Hypnogram.edf,Fpz-Cz,100.0,225,35580.0,4,N3,1.7379886546998067e-07,2.115266362183382e-05,4.474351782984519e-10,-8.606585860263198e-05,6.88945443772036e-05,0.00015496040297983558,2.114985199202722e-05,-0.37096002333319816,0.8664607818371266,3.5445412677441804e-10,5.4064909295203657e-11,4.008972316323338e-12,2.7892265856943894e-12,4.1531723497163945e-10,0.8514039222963333,0.12986469152276794,0.00962960929685373,0.00669976246811977,6.437023710947839,70.76384223951806
SC4001E,SC4001E0-PSG.edf,SC4001EC-Hypnogram.edf,Fpz-Cz,100.0,226,35610.0,4,N3,-1.2363568258722483e-07,2.3097392672458e-05,5.334895482657165e-10,-9.476787970825399e-05,7.83428583123798e-05,0.00017311073802063378,2.3093873737385497e-05,-0.33700421046818085,1.8103079170913796,3.944031259500375e-10,3.3474712643893274e-11,4.8625088416521666e-12,2.650482963522716e-12,4.353908303991056e-10,0.9037841734422608,0.07670810271902057,0.011142555028493862,0.006073644950556569,11.440360069829344,67.27548505306598
SC4001E,SC4001E0-PSG.edf,SC4001EC-Hypnogram.edf,Fpz-Cz,100.0,227,35640.0,3,N2,2.913568288200981e-08,1.725455464623216e-05,2.9771965603981183e-10,-7.401122894455084e-05,5.817839650042107e-05,0.00013218962544497191,1.725170325047594e-05,-0.27270256214538485,1.716920983929855,2.257737286849753e-10,2.5060915580947378e-11,5.747960674699191e-12,2.4420283251469894e-12,2.5902463326576887e-10,0.8682782313713101,0.09637900558187823,0.022105446712905277,0.009391526850654237,8.663307625693475,33.45806823259826
SC4001E,SC4001E0-PSG.edf,SC4001EC-Hypnogram.edf,Fpz-Cz,100.0,228,35670.0,3,N2,8.095995378082315e-08,2.0277270719090163e-05,4.1116770781527127e-10,-8.598384854476777e-05,8.836197436759165e-05,0.00017434582291235942,2.02740525407917e-05,0.11946673783687525,2.110140916440704,2.961832928735819e-10,3.106397510262107e-11,6.552766739517063e-12,3.8848138312552404e-12,3.3768484854697527e-10,0.8745100176292697,0.09171941182456683,0.01934768197523368,0.011470291180493775,9.237260568149905,39.21520458508432
SC4001E,SC4001E0-PSG.edf,SC4001EC-Hypnogram.edf,Fpz-Cz,100.0,229,35700.0,4,N3,-1.8613851809741673e-08,2.4422727613951828e-05,5.964696241052852e-10,-7.167236287881635e-05,0.0001136369294849236,0.00018530929236373997,2.4418663914570126e-05,0.549393457610118,2.3319140945190053,4.745657104457441e-10,4.098836181885522e-11,6.691306081910833e-12,4.624675455208482e-12,5.268700538017188e-10,0.8990199520278203,0.07764858325199003,0.012676047890423153,0.00876101120323379,11.302315448578335,61.7015764802124
SC4001E,SC4001E0-PSG.edf,SC4001EC-Hypnogram.edf,Fpz-Cz,100.0,230,35730.0,4,N3,-1.7949295309693317e-07,2.5059802408870385e-05,6.279936967716259e-10,-7.548916498185466e-05,0.00010307132438392702,0.00017856048936578167,2.505626834266388e-05,0.35664934152968736,1.2851050467463558,4.274149515429791e-10,8.156211528916201e-11,8.41758958957828e-12,5.756929654141016e-12,5.231515860758602e-10,0.8154414923035633,0.15560787653012573,0.016059456487764984,0.01098332964561099,5.1768895460832045,45.3847502566863
SC4001E,SC4001E0-PSG.edf,SC4001EC-Hypnogram.edf,Fpz-Cz,100.0,231,35760.0,4,N3,6.218702483464472e-07,3.142819082329041e-05,9.877311784251556e-10,-8.444858496897166e-05,0.00012529310590045633,0.000209741690869428,3.142910525778283e-05,0.6630624700522949,1.0100382604466605,6.33059546334017e-10,9.345666612225989e-11,8.739323611108335e-12,4.144092927129024e-12,7.393996289945144e-10,0.8550241268944604,0.12622462581346366,0.011803522407185168,0.005597102922318898,6.702116137728353,65.0003605601493
SC4001E,SC4001E0-PSG.edf,SC4001EC-Hypnogram.edf,Fpz-Cz,100.0,232,35790.0,3,N2,-3.44225643549516e-07,2.0820385389123453e-05,4.334884477516254e-10,-6.385636383754242e-05,0.00010203669370611811,0.00016589305754366053,2.0819760875092968e-05,0.23947254477014274,1.4324825976267999,2.8156192185601264e-10,7.543573516317548e-11,6.095941110583437e-12,2.902618483807456e-12,3.6599621661357907e-10,0.7672066062535934,0.20554908129367433,0.016610364997310122,0.007909123725010242,3.6836424907137024,39.679292354338926
SC4001E,SC4001E0-PSG.edf,SC4001EC-Hypnogram.edf,Fpz-Cz,100.0,233,35820.0,3,N2,-5.265645499010013e-09,1.784419467329359e-05,3.184152835383993e-10,-6.656608294333219e-05,6.145207873828365e-05,0.00012801816168161583,1.7841221170020165e-05,-0.16662819223649716,0.6145138818838562,2.100131992989569e-10,5.784505913330813e-11,6.252734212809698e-12,3.202768142393056e-12,2.773137607874678e-10,0.7545915038650636,0.20784117526075566,0.02246649319501148,0.01150776064155457,3.5689181452463346,28.956417419520758
SC4001E,SC4001E0-PSG.edf,SC4001EC-Hypnogram.edf,Fpz-Cz,100.0,234,35850.0,3,N2,-2.7674145548279242e-08,1.911227722564076e-05,3.6527914074974653e-10,-5.544005333012438e-05,8.79699754312007e-05,0.00014341002876132507,1.9109111619708935e-05,0.14793497274842754,0.2431004666890213,2.457238917564644e-10,6.86622240539632e-11,6.0559210890385375e-12,4.930857792724965e-12,3.253728946921911e-10,0.7528930733914395,0.21037967665396948,0.018555220692423,0.015108049329204735,3.527362140578754,34.825204059920615
SC4001E,SC4001E0-PSG.edf,SC4001EC-Hypnogram.edf,Fpz-Cz,100.0,235,35880.0,3,N2,-6.397638841225814e-09,1.7958232028660855e-05,3.224980975952206e-10,-5.9953636487801124e-05,5.80378227852306e-05,0.00011799145927303173,1.7955239880300634e-05,-0.10069189525793416,0.26823894694978856,1.649213605851494e-10,8.550803813302884e-11,8.747038900373944e-12,9.537946263151817e-12,2.68714383881704e-10,0.6114666863947584,0.3170318056545788,0.03243074683110105,0.035363135350375434,1.9064281671899606,16.9201500343681
SC4001E,SC4001E0-PSG.edf,SC4001EC-Hypnogram.edf,Fpz-Cz,100.0,236,35910.0,3,N2,-2.4861103032366577e-07,1.5614140298527583e-05,2.43801377262103e-10,-7.052330880902268e-05,6.080711486181304e-05,0.00013133042367083572,1.5613517143191908e-05,-0.21352671162696946,1.9263708455353719,1.7174960514104768e-10,2.5543978879201767e-11,4.314606729260387e-12,2.418217679772577e-12,2.0402640842928237e-10,0.8376950386871138,0.12458872530078186,0.021044151152599347,0.011794664396155912,6.470379061204729,32.31652197244506
SC4001E,SC4001E0-PSG.edf,SC4001EC-Hypnogram.edf,Fpz-Cz,100.0,237,35940.0,4,N3,1.5986402507486516e-07,2.1671942149697305e-05,4.696730765398266e-10,-6.831801207196183e-05,8.301577748208208e-05,0.0001513337895540439,2.1668919570531422e-05,0.3154001480098917,0.8164968626438975,2.9281153973929374e-10,9.970914398278313e-11,8.465743972208962e-12,4.886699414870578e-12,4.0587312710915643e-10,0.7196630109727986,0.2450620041958019,0.020806839793913845,0.01201037642763654,2.9074970569638814,30.933811499547893
SC4001E,SC4001E0-PSG.edf,SC4001EC-Hypnogram.edf,Fpz-Cz,100.0,238,35970.0,5,REM,-1.36024747528881e-07,1.4550072067242964e-05,2.1170459716196394e-10,-6.491180684405888e-05,6.282357611949096e-05,0.00012773538296354984,1.4548282774776212e-05,-0.2517969175575205,1.1051765415907226,1.0654896574443469e-10,5.192926093415735e-11,4.297815325783418e-12,2.1037793761583677e-12,1.6487982138053384e-10,0.6423262628189587,0.31305351369429013,0.025909211198896137,0.012682551492096364,2.0130446536364617,20.11186860853416
SC4001E,SC4001E0-PSG.edf,SC4001EC-Hypnogram.edf,Fpz-Cz,100.0,239,36000.0,5,REM,1.6941410375781702e-07,1.4070272475140133e-05,1.9797256752468607e-10,-6.78149291147315e-05,6.120132289879379e-05,0.0001290162520135253,1.4068947288528613e-05,0.15682990333535146,1.482468271093273,1.0463353253503761e-10,5.871368127098319e-11,4.676493321324208e-12,2.5992167459371207e-12,1.7062292387328214e-10,0.6096710752480469,0.3421086178110709,0.02724865196200188,0.015144927538096563,1.7522539275414333,18.432776471694815
SC4001E,SC4001E0-PSG.edf,SC4001EC-Hypnogram.edf,Fpz-Cz,100.0,240,36030.0,5,REM,1.8193438315770313e-08,1.464964949471357e-05,2.146122303179616e-10,-5.371474171604365e-05,7.752431382273991e-05,0.00013123905553878357,1.4647218982081661e-05,0.3823933282724022,2.1035534189387715,1.1880210173089869e-10,5.536496289458602e-11,5.87275511385944e-12,2.5335017976740896e-12,1.8257332153701818e-10,0.6471643087143348,0.3015959096399609,0.031991332208232554,0.01380103479340924,2.1077296183638556,17.285950068455822
SC4001E,SC4001E0-PSG.edf,SC4001EC-Hypnogram.edf,Fpz-Cz,100.0,241,36060.0,5,REM,-5.017170592039103e-09,1.118986412102694e-05,1.2521305904704602e-10,-3.3833280676964715e-05,3.8662445889660715e-05,7.249572656662543e-05,1.1188000113188137e-05,0.03739487316613793,0.2898751077004844,6.359106577255245e-11,3.105646055322295e-11,5.9020419616544616e-12,2.445097202607861e-12,1.0299466549003773e-10,0.6114839205732551,0.2986351310125425,0.05675331454592595,0.023511756022159536,1.9837207438099094,9.213369916590494
SC4001E,SC4001E0-PSG.edf,SC4001EC-Hypnogram.edf,Fpz-Cz,100.0,242,36090.0,5,REM,5.270552422127777e-08,1.0575309399614039e-05,1.1183716889756504e-10,-4.2655758586762576e-05,3.8817194600984454e-05,8.147295318774703e-05,1.057367805985927e-05,0.11983779470041936,0.4784045879653238,6.15080949269789e-11,3.0849369577101805e-11,4.349494275736561e-12,2.4069800678178556e-12,9.911393884763511e-11,0.6143809307172399,0.3081426016416347,0.04344544152194552,0.024042407036657245,1.9312186000441374,11.497927048161944
SC4001E,SC4001E0-PSG.edf,SC4001EC-Hypnogram.edf,Fpz-Cz,100.0,243,36120.0,5,REM,-9.817666486093605e-08,9.94168260042396e-06,9.883705292757252e-11,-3.527972606358515e-05,4.4493371039711985e-05,7.977309710329713e-05,9.940510344081261e-06,0.3029763665857189,0.8048949755429753,6.138216452807766e-11,2.2578437027753542e-11,6.53308442974394e-12,2.273630811790035e-12,9.276731679736518e-11,0.6546221713982379,0.24079218430176927,0.06967336437558717,0.02424758316059571,2.60331778802074,8.148344161086765
SC4001E,SC4001E0-PSG.edf,SC4001EC-Hypnogram.edf,Fpz-Cz,100.0,244,36150.0,5,REM,-2.064075752842995e-08,1.4918852369608364e-05,2.225721560261691e-10,-5.96398847409397e-05,9.486682992701937e-05,0.00015450671466795906,1.4916379967953518e-05,0.4707143136977167,4.038160203233689,1.0182633666198838e-10,8.031770899934245e-11,5.958858224564677e-12,2.975707581250543e-12,1.9107861146714607e-10,0.5301284504516797,0.41815019582792184,0.031023018018765225,0.015492133968073382,1.2522037071016323,14.632621239867019
SC4001E,SC4001E0-PSG.edf,SC4001EC-Hypnogram.edf,Fpz-Cz,100.0,245,36180.0,5,REM,1.361473863532616e-07,1.0343504172407762e-05,1.069880785646168e-10,-3.7367035377912754e-05,3.445395854388618e-05,7.182099392179894e-05,1.0342676248562206e-05,-0.06065963198514622,0.3315389806100293,4.9183340704804567e-11,2.947177747353442e-11,6.140378967727249e-12,2.5922742555198274e-12,8.738777140158605e-11,0.556449607506701,0.3334372731226661,0.06947091062890023,0.02932842648268549,1.6140620857290537,6.888057472453652
SC4001E,SC4001E0-PSG.edf,SC4001EC-Hypnogram.edf,Fpz-Cz,100.0,246,36210.0,5,REM,-2.027285194820164e-07,1.1165517930739665e-05,1.2466879066166896e-10,-4.1334596059580106e-05,6.477503658501867e-05,0.00010610963264459877,1.1165497447526753e-05,0.5288547570618212,2.6738772217332194,7.171422147207232e-11,2.7456852393306897e-11,6.5379194554225374e-12,2.9404807208946934e-12,1.0864947404169646e-10,0.6540316047918435,0.2504056917123548,0.05962563443702758,0.026817098272414106,2.52010378663452,9.513795138854052
SC4001E,SC4001E0-PSG.edf,SC4001EC-Hypnogram.edf,Fpz-Cz,100.0,247,36240.0,5,REM,2.0485637344508794e-07,9.431534694880716e-06,8.895384670073869e-11,-3.2501337635082e-05,3.1538862097132256e-05,6.404019973221426e-05,9.432187527410923e-06,0.1877459146727145,0.3450261456623229,5.2302319984767215e-11,1.863339685665483e-11,5.3073200550966585e-12,2.90052253320134e-12,7.914355942972003e-11,0.6526078995858985,0.2325002406836564,0.0662226645891712,0.03619158612171304,2.6639465583378716,8.292320593831938
SC4001E,SC4001E0-PSG.edf,SC4001EC-Hypnogram.edf,Fpz-Cz,100.0,248,36270.0,5,REM,3.544867643871536e-09,1.1705500109080974e-05,1.3701873280369468e-10,-6.048211460473547e-05,3.11072540678979e-05,9.158936867263338e-05,1.1703549566642026e-05,-0.5445111788079994,1.9688945085511484,7.954474954766667e-11,1.490025518533964e-11,6.000609620520003e-12,2.179236084018115e-12,1.0262485043754446e-10,0.7676223339459384,0.14379036613732094,0.05790705217120307,0.021030052876472506,5.002734146116633,11.362546100914868
SC4001E,SC4001E0-PSG.edf,SC4001EC-Hypnogram.edf,Fpz-Cz,100.0,249,36300.0,5,REM,-2.0973685922735054e-09,9.291821146619222e-06,8.633794022076015e-11,-4.466794457866326e-05,3.4453772358990475e-05,7.912171693765372e-05,9.290272617437459e-06,0.020789548180561893,0.533813155353267,4.3090696355540094e-11,2.4717238709154904e-11,4.920644609356657e-12,2.6002548427562537e-12,7.53288345168079e-11,0.5645402111577029,0.32382570578504083,0.06446639255670951,0.03406648168044106,1.6755568839589505,7.278041361820967
SC4001E,SC4001E0-PSG.edf,SC4001EC-Hypnogram.edf,Fpz-Cz,100.0,250,36330.0,5,REM,-9.793486032895743e-08,1.022335025934726e-05,1.0451689052529568e-10,-3.356783297190316e-05,4.038551893907689e-05,7.395335191098005e-05,1.0222115377878245e-05,0.12930461610169885,0.23995623394921672,5.0305403006978555e-11,3.3807904226408803e-11,4.999790834434075e-12,2.5654425524458518e-12,9.167854062026729e-11,0.542794509606009,0.3647867564610266,0.05394766470179724,0.027681084912172554,1.4452292984882376,8.38452612685515
SC4001E,SC4001E0-PSG.edf,SC4001EC-Hypnogram.edf,Fpz-Cz,100.0,251,36360.0,5,REM,4.1807050551422394e-08,1.1080934017365225e-05,1.227870986972018e-10,-3.619651722605277e-05,4.006311012772526e-05,7.625962735377802e-05,1.1079165920491424e-05,0.10681645687487512,0.3453042309881149,6.150602919989256e-11,2.0431624257590965e-11,5.651075126484996e-12,2.2651091143492936e-12,8.98538376983178e-11,0.676977778353455,0.2248845483603525,0.06219963041351668,0.024931353168268347,2.8698725052585528,9.247531869693024
SC4001E,SC4001E0-PSG.edf,SC4001EC-Hypnogram.edf,Fpz-Cz,100.0,252,36390.0,5,REM,-4.976930796676038e-08,8.554045527693975e-06,7.31716948898613e-11,-2.951186148340147e-05,2.8574932850851305e-05,5.808679433425278e-05,8.552764541884307e-06,0.2180496529851065,0.23443993781792338,3.871426766632068e-11,1.6256978890405456e-11,5.4662268784105146e-12,2.277924350556124e-12,6.271539778569278e-11,0.6076124298326822,0.25514992380783574,0.08579130113565657,0.03575155189673209,2.2433977530009646,5.987149599649861
SC4001E,SC4001E0-PSG.edf,SC4001EC-Hypnogram.edf,Fpz-Cz,100.0,253,36420.0,5,REM,-1.5286206948450725e-08,9.24310096394087e-06,8.543491542960465e-11,-3.55389243630876e-05,3.4936855082080485e-05,7.047577944516808e-05,9.241572960951201e-06,-0.15493031092283668,0.35274933834769806,4.757614577600704e-11,1.5250791770154203e-11,4.3817276012248864e-12,2.74174033947759e-12,6.99504054868637e-11,0.6705549524282233,0.21495002974969396,0.061757611829803466,0.03864305384393069,2.9276201706912643,8.840311011872593
SC4001E,SC4001E0-PSG.edf,SC4001EC-Hypnogram.edf,Fpz-Cz,100.0,254,36450.0,5,REM,3.3813132712039396e-08,8.545571135447276e-06,7.302678603098965e-11,-3.1662861356747636e-05,3.5121213584131546e-05,6.678407494087918e-05,8.544213661708321e-06,0.05530757223701191,0.26903548244684306,3.646403146006388e-11,1.5977590944294502e-11,5.4684598622312946e-12,2.2522195637579733e-12,6.016230183034767e-11,0.5961847472844958,0.26123266237777043,0.08940899375238916,0.03682365601617141,2.1477741794879326,5.63720456440857
SC4001E,SC4001E0-PSG.edf,SC4001EC-Hypnogram.edf,Fpz-Cz,100.0,255,36480.0,5,REM,-1.8108648326292722e-08,8.674797380544202e-06,7.525210959349654e-11,-2.939001511364831e-05,2.8460204294221373e-05,5.7850219407869684e-05,8.673370364518605e-06,0.19162347816792122,-0.004208373374295249,4.325960238410671e-11,1.4159803900036449e-11,5.318213173363567e-12,2.121239319817199e-12,6.485885877732394e-11,0.6568532037637063,0.21500226640598658,0.08075167520507806,0.03220886846808784,2.853572689288065,6.846809564210543
SC4001E,SC4001E0-PSG.edf,SC4001EC-Hypnogram.edf,Fpz-Cz,100.0,256,36510.0,5,REM,5.016888412908658e-08,9.117876342796455e-06,8.313566900252727e-11,-2.684726383904873e-05,3.99442225127033e-05,6.679148635175202e-05,9.116494613051361e-06,0.28106955489624463,0.4333694370090373,4.620091012459138e-11,1.4315063168198124e-11,5.673444155140716e-12,1.7977537620566496e-12,6.798717120998687e-11,0.6697029217789284,0.20750326353613144,0.08223911860179889,0.026059247401006628,3.016697327147041,6.923098335812355
SC4001E,SC4001E0-PSG.edf,SC4001EC-Hypnogram.edf,Fpz-Cz,100.0,257,36540.0,5,REM,-4.5624418656880436e-08,7.633648504555164e-06,5.82725894910973e-11,-2.8271111824919798e-05,2.1868964669832637e-05,5.014007649475243e-05,7.632512488177012e-06,-0.018674076510063635,0.09556202717165307,3.0411541293987026e-11,1.4704862747537528e-11,3.510497522542146e-12,1.961859196251569e-12,5.058876076031827e-11,0.589499356948682,0.28504004614215134,0.06804771951882971,0.03802881029390064,1.9364410745172198,6.742391752129127
SC4001E,SC4001E0-PSG.edf,SC4001EC-Hypnogram.edf,Fpz-Cz,100.0,258,36570.0,5,REM,-1.943090008043698e-09,8.016663262050582e-06,6.426688985711148e-11,-2.7295193679209727e-05,2.8025479905113048e-05,5.532067358432278e-05,8.015327275669486e-06,0.045890343910623486,0.09336017883271586,3.7011156541462114e-11,1.1198264736862515e-11,3.471380576382788e-12,2.2018530401921794e-12,5.38826548948996e-11,0.6743689169618079,0.20404014270641999,0.06325095939747245,0.04011928804116223,3.034132914792081,8.277344303222568
SC4001E,SC4001E0-PSG.edf,SC4001EC-Hypnogram.edf,Fpz-Cz,100.0,259,36600.0,5,REM,-1.3044412017513728e-07,1.2216442247230652e-05,1.4924146117992192e-10,-4.8539877458478236e-05,6.771831666774376e-05,0.000116258194126222,1.2215102524935414e-05,0.36683563862206475,3.288300436473861,1.1170288844200158e-10,2.6197053047278182e-11,3.673295393179944e-12,2.7737501847013132e-12,1.44346987067161e-10,0.7685256550270743,0.18023801921104302,0.025272593999369326,0.01908364418603075,4.107168826262981,23.90238130570928
SC4001E,SC4001E0-PSG.edf,SC4001EC-Hypnogram.edf,Fpz-Cz,100.0,260,36630.0,5,REM,1.0672252478256036e-07,1.0688781587164269e-05,1.142500518181019e-10,-4.3761284509548845e-05,4.494877184158453e-05,8.871005635113338e-05,1.0687532838068467e-05,0.16519111278309156,0.9931529651268631,5.752513620479632e-11,2.0341545410747397e-11,5.522818348211698e-12,3.421986320575865e-12,8.681148628433128e-11,0.6550980815713726,0.23165016641310465,0.06289403108756135,0.03896968910759082,2.695453168814439,8.819061505915993
SC4001E,SC4001E0-PSG.edf,SC4001EC-Hypnogram.edf,Fpz-Cz,100.0,261,36660.0,5,REM,4.797508441680753e-08,9.54698616223981e-06,9.114494478199841e-11,-3.1077048227327806e-05,3.0789214411047476e-05,6.186626263837529e-05,9.545515425709736e-06,0.16225573745843125,0.0935034673736963,4.868278234408335e-11,1.7350603863583865e-11,5.97655137717476e-12,2.4634036320955717e-12,7.447334121693752e-11,0.6450328229692591,0.22989049621788957,0.07918758174487071,0.03263938752909937,2.652925359077291,6.978058314507538
SC4001E,SC4001E0-PSG.edf,SC4001EC-Hypnogram.edf,Fpz-Cz,100.0,262,36690.0,5,REM,-1.8856821053964003e-08,1.0364610406845804e-05,1.0742514888569635e-10,-4.662868067122259e-05,3.956316291720242e-05,8.6191843588425e-05,1.0362899984195289e-05,-0.06451340775705228,1.1542988233926001,6.166495527023078e-11,2.2982293981179228e-11,6.7565302287489035e-12,2.456049759227525e-12,9.385982923938643e-11,0.6500639497738742,0.24227635834323039,0.07122646417271378,0.02589135758435202,2.571270092786956,7.950069612527904
SC4001E,SC4001E0-PSG.edf,SC4001EC-Hypnogram.edf,Fpz-Cz,100.0,263,36720.0,5,REM,1.0744577163666655e-08,8.127048770876062e-06,6.604892172419811e-11,-2.5650448402776566e-05,2.595918394309444e-05,5.1609632345871005e-05,8.125701253608524e-06,-0.0014287312379975135,-0.27112007153941686,3.39017402457661e-11,1.8145564556355736e-11,4.123818113738644e-12,3.2978069040422433e-12,5.946892981990273e-11,0.5606472670632198,0.3000807953836701,0.06819730605487469,0.05453721297638716,1.7707359919304007,6.616499550377162
SC4001E,SC4001E0-PSG.edf,SC4001EC-Hypnogram.edf,Fpz-Cz,100.0,264,36750.0,5,REM,4.07128684856636e-08,1.080574123143546e-05,1.1676404356074432e-10,-5.2714226946114215e-05,5.349481111667499e-05,0.00010620903806278921,1.0804016834055336e-05,0.1697955231956859,2.674414211432108,7.731246917493305e-11,2.30279064052701e-11,6.35852387768846e-12,2.9914524082607865e-12,1.0969035186615241e-10,0.6984571633525916,0.20803896651368148,0.057444246679938596,0.02702541240340507,3.217611550125562,10.50651876109958
SC4001E,SC4001E0-PSG.edf,SC4001EC-Hypnogram.edf,Fpz-Cz,100.0,265,36780.0,5,REM,-4.875756522916142e-08,1.1552475758001406e-05,1.3345969613921013e-10,-6.742180848290624e-05,5.659262198726464e-05,0.00012401443047017088,1.1550653092963942e-05,-0.03038588440840386,3.708123543954489,7.756787828616406e-11,3.2597465277951026e-11,5.0552719897577455e-12,2.4806922876034567e-12,1.1770130784147636e-10,0.6534711343682471,0.27461757474049403,0.04258817431488605,0.020898609566428538,2.308741973373493,12.809974253405477
SC4001E,SC4001E0-PSG.edf,SC4001EC-Hypnogram.edf,Fpz-Cz,100.0,266,36810.0,5,REM,-3.4555958579598356e-08,8.289497925396742e-06,6.871577585515688e-11,-2.8220037618885116e-05,2.888906338534675e-05,5.7109101004231866e-05,8.288188264681965e-06,0.21540351015978182,0.11700049208898422,3.584214397552198e-11,1.5073074970809566e-11,3.572253790962259e-12,2.1532708827865894e-12,5.66407436200804e-11,0.6218195971197636,0.26150035589684056,0.061974457069942916,0.03735675058217762,2.2299494054880706,7.839053913929563
SC4001E,SC4001E0-PSG.edf,SC4001EC-Hypnogram.edf,Fpz-Cz,100.0,267,36840.0,2,N1,-4.860072037902349e-10,1.2612851822627582e-05,1.590840310995599e-10,-7.260412168875376e-05,5.971047377211031e-05,0.00013231459546086407,1.2610749514814589e-05,0.07392789037535595,1.433586367670138,6.337746358167803e-11,5.462628437830839e-11,8.295511884430157e-12,1.5533275849986858e-11,1.4183253569440343e-10,0.4437186756753863,0.38244986769109635,0.058078587235745605,0.10875166343907101,1.1393438244167937,6.818071384302604
SC4001E,SC4001E0-PSG.edf,SC4001EC-Hypnogram.edf,Fpz-Cz,100.0,268,36870.0,2,N1,3.778533928969635e-08,1.837944553088367e-05,3.378040180227197e-10,-7.331594315357058e-05,7.632688972394525e-05,0.00014964283287751583,1.837642088153305e-05,0.2699813047665183,2.8400855245908323,1.9838429864426451e-10,3.555710473054378e-11,5.949452859468826e-12,6.93024856123304e-12,2.468211047955102e-10,0.8005141402624345,0.14347892105429744,0.024007046794412533,0.027964723048715084,5.426696126690599,28.546750752321504
SC4001E,SC4001E0-PSG.edf,SC4001EC-Hypnogram.edf,Fpz-Cz,100.0,269,36900.0,2,N1,-1.0955854264075388e-08,1.4754509027319349e-05,2.1769553663724817e-10,-8.105395804039334e-05,6.158254403863009e-05,0.00014263650207902342,1.475205380579639e-05,-0.4440392703361655,5.385578684589786,9.549971305329998e-11,2.8196615804441515e-11,8.205301108218243e-12,5.473458857661755e-12,1.3737508882362152e-10,0.6901510515019634,0.20376945044192213,0.05929753092102475,0.03955523283991129,3.270917208109172,10.374425771693707
SC4001E,SC4001E0-PSG.edf,SC4001EC-Hypnogram.edf,Fpz-Cz,100.0,270,36930.0,2,N1,1.287635212726326e-07,9.50894840309091e-06,9.042009973264517e-11,-3.818115439534653e-05,3.0905999277067976e-05,6.908715367241451e-05,9.508235364346608e-06,-0.21256971632918398,0.3152932921826852,6.32192707901906e-11,1.4463125223627279e-11,2.9328019212982485e-12,2.566971798431006e-12,8.318216973354712e-11,0.7509817220236998,0.17180746551681755,0.0348387542229089,0.030493058168445518,4.088388981911179,16.07486775467233
SC4001E,SC4001E0-PSG.edf,SC4001EC-Hypnogram.edf,Fpz-Cz,100.0,271,36960.0,2,N1,-1.495061010384356e-07,1.0645626314976711e-05,1.1332935963812464e-10,-4.332321281758246e-05,3.808956542992983e-05,8.141277824751228e-05,1.0644901843566227e-05,-0.16011677393339133,0.28233233388881285,8.26769215626406e-11,1.2367638491836442e-11,3.4149459529126182e-12,2.524275887122634e-12,1.009837818945123e-10,0.8106869545998804,0.12127063992026696,0.03348518646273477,0.024751738366926204,6.184856181825311,18.72659879518959
SC4001E,SC4001E0-PSG.edf,SC4001EC-Hypnogram.edf,Fpz-Cz,100.0,272,36990.0,2,N1,4.162583097385183e-09,1.0243042474193889e-05,1.0491991912814006e-10,-3.5992158319588806e-05,5.179384245002468e-05,8.778600076961349e-05,1.024133600409937e-05,0.2006707149882933,1.1344644268791138,7.197186932705546e-11,1.0119573438500009e-11,4.0888519726376556e-12,2.8422796301051637e-12,8.90225743682983e-11,0.7994869046135673,0.11241150910769383,0.04542029597942221,0.03157296544838736,6.4725386927040445,14.143046351916379
SC4001E,SC4001E0-PSG.edf,SC4001EC-Hypnogram.edf,Fpz-Cz,100.0,273,37020.0,3,N2,3.657749767878189e-08,1.626568326619585e-05,2.6457245211620377e-10,-5.8244242835318944e-05,8.577097053613216e-05,0.0001440152133714511,1.6263013226710732e-05,0.49064909010508556,2.8963906273234574,1.7405298075369218e-10,3.26704640301156e-11,6.7141777513824174e-12,3.692832374928365e-12,2.1713045491011854e-10,0.7979306733001192,0.1497748860587926,0.030780560899435244,0.016929467168855492,5.169307455876324,22.562739200882564
SC4001E,SC4001E0-PSG.edf,SC4001EC-Hypnogram.edf,Fpz-Cz,100.0,274,37050.0,3,N2,-7.5344664915868e-09,1.0181160726698933e-05,1.0365603374287675e-10,-3.7576791281562545e-05,3.5797171769817604e-05,7.337396305138016e-05,1.0179466513517024e-05,-0.06419258915260997,0.3169024628256776,6.411270826064245e-11,9.364888210160739e-12,3.3122785590311907e-12,2.944806022005735e-12,7.973468105184012e-11,0.7941160778163647,0.11599585318417868,0.041026712633005405,0.03647510566264405,6.185566786701329,14.867478383642778
SC4001E,SC4001E0-PSG.edf,SC4001EC-Hypnogram.edf,Fpz-Cz,100.0,275,37080.0,3,N2,-1.937311096216148e-08,1.1520741356725405e-05,1.3272748140856312e-10,-3.723023482032842e-05,3.663844485139657e-05,7.386867967172498e-05,1.1518837364603628e-05,-0.04081994648515533,-0.03729954940397828,9.676652535458796e-11,1.0434406993010636e-11,8.846045831472735e-12,3.68594443388799e-12,1.1973292261295932e-10,0.8014924451452082,0.08642553138931983,0.07326954106653269,0.03052973749094305,8.462749787875943,9.827958046394142
SC4001E,SC4001E0-PSG.edf,SC4001EC-Hypnogram.edf,Fpz-Cz,100.0,276,37110.0,3,N2,4.848945155083406e-08,1.089680486348735e-05,1.1874035623292157e-10,-4.70467125110616e-05,3.625076198338562e-05,8.329747449444723e-05,1.0895096481495195e-05,-0.007867732940565727,0.3321846147766965,8.773056106168659e-11,1.297277814182362e-11,8.737366574636682e-12,3.374765964423057e-12,1.1281547174256992e-10,0.7708140177999465,0.11398079666326653,0.07676782814202124,0.029651205699486705,6.278677022652324,9.009680429429656
SC4001E,SC4001E0-PSG.edf,SC4001EC-Hypnogram.edf,Fpz-Cz,100.0,277,37140.0,3,N2,-4.2717333082292224e-08,1.3146709270318312e-05,1.7283596463827344e-10,-3.8705964962776544e-05,6.260619928828656e-05,0.0001013121642510631,1.31445873811469e-05,0.4003399966983253,1.2176623495435432,1.3458414432240975e-10,1.4976602255325736e-11,7.525332761007429e-12,2.59114088345939e-12,1.596772202222023e-10,0.8376056303207875,0.09320924418915405,0.046835094300240965,0.016126373607136545,8.423827680728966,15.786380203006422
SC4001E,SC4001E0-PSG.edf,SC4001EC-Hypnogram.edf,Fpz-Cz,100.0,278,37170.0,3,N2,-5.220317457123034e-08,1.1367410568331851e-05,1.2921802302902266e-10,-4.222747482937184e-05,5.952643538324816e-05,0.00010175391021262,1.1365635729078906e-05,0.05870383054432975,0.6672545614323226,9.615125547837624e-11,1.838287417656327e-11,6.509135957373708e-12,2.571149983195843e-12,1.2361441559550903e-10,0.7715901488514578,0.1475180386531923,0.052234213243048666,0.02063284549310605,4.960629399051518,12.80456979660344
SC4001E,SC4001E0-PSG.edf,SC4001EC-Hypnogram.edf,Fpz-Cz,100.0,279,37200.0,3,N2,5.1996887993768064e-08,1.1993829425423617e-05,1.438519442861574e-10,-6.048330692160696e-05,4.666949854379751e-05,0.00010715280546540448,1.1991943016643427e-05,-0.21973685925093642,1.0825864233569646,1.004412866163738e-10,1.5087164250393644e-11,8.248260956271462e-12,3.040001601826848e-12,1.2681671342486578e-10,0.7858227920671422,0.11803749170301034,0.06453194371266649,0.023784069550605722,6.243566924103237,10.860559308532727
SC4001E,SC4001E0-PSG.edf,SC4001EC-Hypnogram.edf,Fpz-Cz,100.0,280,37230.0,3,N2,-2.4005157317169574e-09,1.687131390675504e-05,2.8464123294026597e-10,-7.315948394234365e-05,5.54904092784246e-05,0.00012864989322076823,1.6868501957546843e-05,-0.23976686368172098,1.3662769149210918,2.156272512942825e-10,2.955301061004674e-11,9.052395797810111e-12,3.1915665653449564e-12,2.574242242674843e-10,0.8343925648049759,0.11435851532036576,0.03502920758868313,0.012350106010346371,7.057479671851972,21.45033439105694
SC4001E,SC4001E0-PSG.edf,SC4001EC-Hypnogram.edf,Fpz-Cz,100.0,281,37260.0,4,N3,7.154276258239864e-08,2.3402611184473234e-05,5.476822102516317e-10,-9.774797179132769e-05,9.130055663887948e-05,0.00018904852843020718,2.339881979677093e-05,0.09771460070156425,2.2240645105748538,4.40865620243729e-10,2.6824611347483547e-11,7.670168039310734e-12,3.179647135630001e-12,4.785400467661532e-10,0.9193509973082942,0.05593820897416002,0.015994843581960686,0.006630618562667301,15.844448453854174,50.84856697642243
SC4001E,SC4001E0-PSG.edf,SC4001EC-Hypnogram.edf,Fpz-Cz,100.0,282,37290.0,2,N1,-1.8832924427131468e-08,1.468847060803139e-05,2.1575116880300203e-10,-5.671779734409368e-05,4.899109145662296e-05,0.00010570888880071664,1.4686034400946255e-05,-0.16579404431502798,0.5777583195645706,1.3588848252317767e-10,4.3594287930688683e-11,6.847795497753189e-12,5.621600147964144e-12,1.9195216609958367e-10,0.7042599483078354,0.22593313571918874,0.035489601574200544,0.02913468276413547,3.0472172295784676,17.31549739822888
SC4001E,SC4001E0-PSG.edf,SC4001EC-Hypnogram.edf,Fpz-Cz,100.0,283,37320.0,2,N1,-8.649656655917912e-08,1.0522422331539171e-05,1.1072137172327423e-10,-4.683360727137554e-05,3.6887216261935945e-05,8.372082353331148e-05,1.0521024011729704e-05,-0.1656747600501516,0.5392299249809467,5.480325320011054e-11,3.5682457565114695e-11,4.841381842496771e-12,3.4426844667551526e-12,9.876977707447714e-11,0.5492971399465038,0.3576479632552261,0.04852553533203475,0.03450628604878232,1.4939907748228096,9.38189878316294
SC4001E,SC4001E0-PSG.edf,SC4001EC-Hypnogram.edf,Fpz-Cz,100.0,284,37350.0,2,N1,5.5991583261526345e-08,1.1313210133010396e-05,1.279887235136491e-10,-4.0145042260797715e-05,4.0460145479723356e-05,8.060518774052108e-05,1.131146302045882e-05,-0.07616321974629081,-0.0026293425551120464,6.1721735411329e-11,3.6017357603718696e-11,7.532200339865599e-12,3.5820759367770034e-12,1.0885336929169029e-10,0.5618556427472076,0.32786757325651894,0.06856594739361682,0.03260779309613733,1.6673728058084982,7.233976342883348
SC4001E,SC4001E0-PSG.edf,SC4001EC-Hypnogram.edf,Fpz-Cz,100.0,285,37380.0,2,N1,-2.9012821733223935e-08,1.0025081485378598e-05,1.0050225878848076e-10,-3.721423178963256e-05,5.349024394502947e-05,9.070447573466202e-05,1.0023452488009119e-05,0.17255294825316067,1.340518452218694,5.672558279236575e-11,2.4262278394839303e-11,3.5937040639313006e-12,3.6285744087126464e-12,8.821013965984901e-11,0.6358647459656018,0.27196772124053825,0.04028358298321022,0.04067446169850316,2.245465824806757,12.348549667742395
SC4001E,SC4001E0-PSG.edf,SC4001EC-Hypnogram.edf,Fpz-Cz,100.0,286,37410.0,3,N2,-3.6354428794816384e-08,1.636214234323814e-05,2.677197020603865e-10,-7.7712453869951e-05,8.286088344116017e-05,0.00016057333731111118,1.635945548617657e-05,0.004063784118721038,2.9207693351885258,1.9311111551546077e-10,1.588983760719306e-11,3.0198381100074244e-12,2.732602071324616e-12,2.147533933039859e-10,0.8950548242056,0.07364814691375472,0.013996712004212241,0.012665395567959918,11.43356851656279,48.03952553081898
SC4001E,SC4001E0-PSG.edf,SC4001EC-Hypnogram.edf,Fpz-Cz,100.0,287,37440.0,3,N2,9.418497076235083e-08,1.4934725834398273e-05,2.230460357486432e-10,-7.666163441401164e-05,5.4279964906216966e-05,0.00013094159932022862,1.4932533538511735e-05,-0.6237196316046911,2.7904913739261508,1.6051074604050864e-10,3.218079849077526e-11,6.190592964130345e-12,3.684082727051592e-12,2.0256622022246583e-10,0.7884940137174806,0.15808515998188066,0.030410708404198898,0.018097711511396487,4.837458811762258,22.32232401989693
SC4001E,SC4001E0-PSG.edf,SC4001EC-Hypnogram.edf,Fpz-Cz,100.0,288,37470.0,3,N2,-1.3199107510545563e-08,9.859971036336187e-06,9.72190288373885e-11,-3.4631160707930675e-05,4.245983874290695e-05,7.709099945083762e-05,9.858336406863066e-06,0.17577238882207816,0.7653164409652877,5.4371181612281195e-11,2.7455219178791142e-11,4.746411949381887e-12,3.196499351308498e-12,8.976931209176273e-11,0.5990040065227656,0.3024724826716263,0.05229093225454357,0.035215639268886545,1.9107630579351256,9.461761894416503
SC4001E,SC4001E0-PSG.edf,SC4001EC-Hypnogram.edf,Fpz-Cz,100.0,289,37500.0,2,N1,1.4841489811798758e-08,8.391487700310886e-06,7.041706582446889e-11,-2.6381807960212803e-05,2.752798551713853e-05,5.390979347735133e-05,8.390102129236204e-06,-0.0930601332785717,-0.08948541130770593,3.292035275974193e-11,2.268831980875424e-11,4.708542764937296e-12,2.7561380973861635e-12,6.307335343081965e-11,0.5137916309513317,0.3540991472102509,0.07348675405324517,0.043015355835276846,1.3897293275978109,5.7668575178141
SC4001E,SC4001E0-PSG.edf,SC4001EC-Hypnogram.edf,Fpz-Cz,100.0,290,37530.0,3,N2,9.426925444307528e-09,1.1074937398744967e-05,1.2265423838611994e-10,-5.758322736316307e-05,5.249337642634284e-05,0.00011007660378950591,1.1073095434742473e-05,-0.27234157294167355,2.5756630545052843,8.444188697412512e-11,1.641156591163363e-11,4.168059057466205e-12,2.507584078347605e-12,1.0752909602157256e-10,0.7780575907251677,0.15121812042340674,0.03840499193541344,0.023105177968580585,4.849758338950136,16.339187697968235
SC4001E,SC4001E0-PSG.edf,SC4001EC-Hypnogram.edf,Fpz-Cz,100.0,291,37560.0,3,N2,-1.0288864773422872e-07,1.3483365654053478e-05,1.8180114936090898e-10,-7.609702693444252e-05,7.86801392548275e-05,0.00015477716618927,1.3481510859381495e-05,0.43868314056635704,6.1146103398255445,1.4486231850426084e-10,1.5418501897582078e-11,3.6189906113470904e-12,2.5148122577592186e-12,1.664146232709493e-10,0.8652907116113204,0.09209770088380076,0.02161693250350059,0.015021461140160763,8.823114277289479,31.362332313122614
SC4001E,SC4001E0-PSG.edf,SC4001EC-Hypnogram.edf,Fpz-Cz,100.0,292,37590.0,3,N2,6.050690732131083e-08,1.633995956666652e-05,2.669942786402967e-10,-6.145459001634151e-05,8.062735217687555e-05,0.00014208194219321707,1.6337348059989728e-05,0.3977361074012673,2.3623029373808073,2.127633198375033e-10,2.1501320054499198e-11,8.408655773034861e-12,5.362214052752519e-12,2.4803550971778987e-10,0.8543493258395533,0.08633837029452049,0.033764886712596344,0.021531925542783225,9.455592797319493,22.613572541072383
SC4001E,SC4001E0-PSG.edf,SC4001EC-Hypnogram.edf,Fpz-Cz,100.0,293,37620.0,3,N2,-1.111609930636849e-07,1.3688415247794027e-05,1.8737271199604e-10,-5.477407130792522e-05,7.971075838002112e-05,0.00013448482968794634,1.368658508144941e-05,0.5751856207656225,4.235107435652948,1.466094284709986e-10,2.179390792440787e-11,6.872285609410675e-12,3.795231683437503e-12,1.790708536882547e-10,0.8141763393026072,0.1210296251615394,0.03816434180574403,0.021076324156312092,6.431956685847987,18.62348951056082
SC4001E,SC4001E0-PSG.edf,SC4001EC-Hypnogram.edf,Fpz-Cz,100.0,294,37650.0,3,N2,-1.0672025790364057e-08,1.3710957728623523e-05,1.8799036183610112e-10,-6.104918134978697e-05,5.7968328769853e-05,0.00011901751011963997,1.370867653255741e-05,0.13875667905702851,1.2218080170220995,1.2458569968090588e-10,1.2163163545049313e-11,1.1454853969989558e-11,4.3200536073395e-12,1.5252377080328427e-10,0.8115075537099866,0.0792265815346239,0.07461290137712348,0.028139314092766425,9.464723222083096,10.002983574203265
SC4001E,SC4001E0-PSG.edf,SC4001EC-Hypnogram.edf,Fpz-Cz,100.0,295,37680.0,3,N2,1.4647536876472597e-07,1.2257509924448264e-05,1.502465495479477e-10,-4.119014397635464e-05,7.150427379296056e-05,0.0001126944177693152,1.2256342129624963e-05,0.4070208216090132,2.3372989330104197,9.042802311641237e-11,1.086703557957533e-11,6.711356199888151e-12,3.588896406393413e-12,1.1159531130226923e-10,0.803124233776064,0.09651410395235809,0.05960600066081874,0.03187429711667828,7.620102131660449,11.726604344605944
SC4001E,SC4001E0-PSG.edf,SC4001EC-Hypnogram.edf,Fpz-Cz,100.0,296,37710.0,3,N2,-5.46810870733007e-08,1.6431873611750248e-05,2.7000647039253414e-10,-7.991572904612407e-05,6.977452227618939e-05,0.00014969025132231345,1.642922573516537e-05,-0.0025205216711757152,2.615631794655126,1.85853400906875e-10,1.649622215310711e-11,9.451684918646815e-12,4.044784371872808e-12,2.1584609235050179e-10,0.857075167425515,0.07607341213436876,0.04358706590557081,0.01865278884221244,10.622487487898624,17.7821473143813
SC4001E,SC4001E0-PSG.edf,SC4001EC-Hypnogram.edf,Fpz-Cz,100.0,297,37740.0,3,N2,3.518755197933251e-08,1.3826673833914723e-05,1.9117690930946207e-10,-4.9153633887481386e-05,5.2273786119747605e-05,0.00010142742000722899,1.382441397806214e-05,-0.0799457070483826,0.917817917253172,1.566270152995967e-10,1.6365672524698056e-11,7.1703002397429095e-12,2.8226996858450995e-12,1.8298568774988276e-10,0.8512999962938503,0.0889507913623487,0.03897205444311784,0.01534195252014595,9.019346361440157,19.17028881481168
SC4001E,SC4001E0-PSG.edf,SC4001EC-Hypnogram.edf,Fpz-Cz,100.0,298,37770.0,3,N2,1.7777347808801554e-07,1.5920993653362397e-05,2.534780389104057e-10,-7.216921237738822e-05,8.041069784411359e-05,0.0001525799102215018,1.591933257521434e-05,0.20496917304393117,3.2222388244781452,2.1486425420286432e-10,1.831027668427541e-11,7.867724005972586e-12,3.3466500511582816e-12,2.443889049442706e-10,0.8756070460955085,0.07461737802870017,0.032062264623412357,0.013638147380454414,11.126938143658545,24.229921235499553
SC4001E,SC4001E0-PSG.edf,SC4001EC-Hypnogram.edf,Fpz-Cz,100.0,299,37800.0,3,N2,-2.1992815595609838e-07,1.3242560096208846e-05,1.7536539790170285e-10,-4.5102077184593884e-05,4.8715167506070934e-05,9.381724469066481e-05,1.3242179245231928e-05,0.1340852554846547,0.7413343423609078,1.192281662414835e-10,2.083509731975951e-11,1.0439507575981242e-11,3.673758441047377e-12,1.5417652957827159e-10,0.7683389141741592,0.13426706587899437,0.06727504220098902,0.023674704228994373,5.460390878752294,10.422491129934542
SC4001E,SC4001E0-PSG.edf,SC4001EC-Hypnogram.edf,Fpz-Cz,100.0,300,37830.0,3,N2,1.4586818337338104e-07,1.6132915581741334e-05,2.602709651675923e-10,-5.14266162962337e-05,5.685991602307666e-05,0.00010828653231931035,1.613088607938584e-05,-0.009392800279755878,0.21854783094056973,1.9747832037920313e-10,2.1630843389862303e-11,1.0188868347984168e-11,3.1343545525569664e-12,2.3243238666960654e-10,0.8459765296351455,0.09266427721735962,0.043648049413148475,0.01342724802361397,8.726069858610103,17.649534719459062
SC4001E,SC4001E0-PSG.edf,SC4001EC-Hypnogram.edf,Fpz-Cz,100.0,301,37860.0,3,N2,-2.401511921385509e-07,1.2115881713416725e-05,1.4679458969350582e-10,-4.2635165362146015e-05,4.7007015182303486e-05,8.96421805444495e-05,1.2116242435618954e-05,0.024173463097167367,0.2729278115640952,1.0217192253905568e-10,1.8875919541109122e-11,1.2197136503259675e-11,3.4881956235378855e-12,1.3673317420696239e-10,0.7418105560068543,0.13704700882552484,0.08855627247021737,0.02532574772651655,5.140487831404969,7.741976641206929
SC4001E,SC4001E0-PSG.edf,SC4001EC-Hypnogram.edf,Fpz-Cz,100.0,302,37890.0,3,N2,2.018482586471231e-07,1.6109315698352498e-05,2.5951005226918625e-10,-7.401938258589364e-05,6.702624303348725e-05,0.0001410456256193809,1.610789531993391e-05,-0.09601636891862014,1.1110008268855314,1.81409799166524e-10,2.8586229673162167e-11,7.765517972144057e-12,2.798617357817373e-12,2.205601641696476e-10,0.8187834660910405,0.12902242503879813,0.03504925175176362,0.012631410381491162,6.131561918181209,20.695844757038465
SC4001E,SC4001E0-PSG.edf,SC4001EC-Hypnogram.edf,Fpz-Cz,100.0,303,37920.0,3,N2,-1.2075895189455447e-07,1.5393124746576604e-05,2.36948289463669e-10,-6.184954097031291e-05,5.383002584450101e-05,0.00011567956681481392,1.53910327601814e-05,-0.11201624256221766,0.8360262209062439,1.7388226132952092e-10,1.954344870199361e-11,8.332738963148632e-12,3.926679271535501e-12,2.056851282661986e-10,0.8412906278654482,0.09455662759065456,0.040316103209982974,0.0189983638613716,8.464122253857346,18.631428781637904
SC4001E,SC4001E0-PSG.edf,SC4001EC-Hypnogram.edf,Fpz-Cz,100.0,304,37950.0,3,N2,9.086372448124025e-08,1.6351701675998087e-05,2.6737814770083866e-10,-5.489461606564275e-05,8.47518111351476e-05,0.00013964642720079037,1.6349228662785032e-05,0.8449231170284505,3.1983048730565153,1.61869621464559e-10,2.432220224507522e-11,6.527747216910977e-12,2.961438549514141e-12,1.9568100947605935e-10,0.8230058504161902,0.12366319610554877,0.033189514505240304,0.015057064011432263,6.392399045625668,21.503062842083907
SC4001E,SC4001E0-PSG.edf,SC4001EC-Hypnogram.edf,Fpz-Cz,100.0,305,37980.0,3,N2,-1.8544810470044815e-08,1.5165213018064328e-05,2.2998368588326777e-10,-4.454481855010107e-05,6.572399133379936e-05,0.00011026880988390043,1.5162696612563194e-05,0.37954525626713237,1.1472027926682795,1.5672946899442373e-10,1.837738203769717e-11,7.558100898220671e-12,2.5084411785592007e-12,1.851733931089008e-10,0.8418467664858316,0.0987111086649608,0.04059710559069853,0.013473682445546373,8.088268512718534,18.31358041443629
SC4001E,SC4001E0-PSG.edf,SC4001EC-Hypnogram.edf,Fpz-Cz,100.0,306,38010.0,3,N2,6.29694905888944e-08,1.7985255491946174e-05,3.2346941511058e-10,-6.507787770984027e-05,5.642209632121603e-05,0.0001214999740310563,1.7982367951105736e-05,-0.3673767118466849,0.7920689970708832,2.1851584885315586e-10,3.557585682767681e-11,7.911652423299675e-12,2.814943178661997e-12,2.6481830128279433e-10,0.8220496775377587,0.1338352425547591,0.02976338493293868,0.01058972676101516,5.974319340833753,24.520239173808243
SC4001E,SC4001E0-PSG.edf,SC4001EC-Hypnogram.edf,Fpz-Cz,100.0,307,38040.0,3,N2,-1.8887257583609295e-07,1.773437060658e-05,3.145079008115287e-10,-6.351580200735573e-05,7.149304409023659e-05,0.00013500884609759232,1.7732420525537243e-05,0.3155691493616802,1.2935928496475047,2.2602647221137698e-10,2.7557938611225376e-11,1.1101516941365872e-11,4.173669378698058e-12,2.688595971426663e-10,0.8375706278546169,0.1021195425436597,0.041138121671088275,0.015466077259766939,7.91466342470993,18.677532189271627
SC4001E,SC4001E0-PSG.edf,SC4001EC-Hypnogram.edf,Fpz-Cz,100.0,308,38070.0,3,N2,9.981639459727505e-08,2.0492898319595847e-05,4.1995888153729427e-10,-8.268709548168128e-05,8.037149145053343e-05,0.0001630585869322147,2.0489725682792313e-05,0.06514259850072679,1.7951734664708514,3.0715487910624876e-10,3.812164285368354e-11,8.599315239847867e-12,3.93166946140864e-12,3.5780750666118886e-10,0.8560436261894763,0.10624538825404414,0.023966374950923037,0.010957600909730122,7.851277622849834,31.99758226828653
SC4001E,SC4001E0-PSG.edf,SC4001EC-Hypnogram.edf,Fpz-Cz,100.0,309,38100.0,3,N2,6.402288986827856e-08,1.871188122380852e-05,3.501344989339179e-10,-7.086499096636207e-05,6.1016858182009607e-05,0.0001318818491483717,1.8708871862426667e-05,0.03528841693680392,0.6252498964914937,2.5884590781712244e-10,3.1584348304035415e-11,1.0597699908026915e-11,5.046227092748637e-12,3.060741831219334e-10,0.8429425918698596,0.10285575942245155,0.034511855735585455,0.016433250888906133,7.943872481410518,22.318727839989368
SC4001E,SC4001E0-PSG.edf,SC4001EC-Hypnogram.edf,Fpz-Cz,100.0,310,38130.0,3,N2,-9.365034759900474e-09,1.892877020275661e-05,3.582983413887665e-10,-5.733875652573943e-05,7.20649283108516e-05,0.00012940368483659102,1.8925617461847303e-05,0.1446180194912966,0.5921715484474506,2.506758173293506e-10,2.789032427840101e-11,1.1953291447509291e-11,3.75023095244393e-12,2.9426966400770485e-10,0.8489724746081921,0.09445712742665373,0.04048262623822195,0.012701037084344943,8.676808709854493,19.352287281203076
SC4001E,SC4001E0-PSG.edf,SC4001EC-Hypnogram.edf,Fpz-Cz,100.0,311,38160.0,3,N2,3.247939508066318e-08,2.3330028293820234e-05,5.442902201904527e-10,-0.00010454747721510852,8.196480843523422e-05,0.00018651228565034274,2.3326162243887453e-05,-0.3613205369736628,1.7799292331708703,4.084326831406204e-10,3.975006665856767e-11,1.2171781778695203e-11,5.128549422666741e-12,4.6548308100054996e-10,0.8755573348224794,0.0852122365795316,0.026092654320041358,0.010994073807921651,10.02287153448736,31.00815743859672
SC4001E,SC4001E0-PSG.edf,SC4001EC-Hypnogram.edf,Fpz-Cz,100.0,312,38190.0,3,N2,-4.751412719706424e-08,1.823888421982069e-05,3.326568975840242e-10,-6.262894992252764e-05,8.409778876771471e-05,0.00014672673869024235,1.823590605217573e-05,0.3094409408372671,1.496090782447201,2.5184788666730996e-10,2.5947423395381098e-11,6.96650114760367e-12,3.1924765831365817e-12,2.879542877934313e-10,0.8715838362895376,0.08979767558919384,0.024109353769423584,0.01104837933887602,9.34589860307304,31.613362252896433
SC4001E,SC4001E0-PSG.edf,SC4001EC-Hypnogram.edf,Fpz-Cz,100.0,313,38220.0,3,N2,-2.401099509668602e-07,2.0020501565757756e-05,4.008204829445087e-10,-6.648302476727209e-05,6.706030052090724e-05,0.00013354332528817933,2.0018604569385298e-05,0.02110190728900425,0.24138194121743206,2.742375653996016e-10,3.7519492077810484e-11,1.1208945281397682e-11,3.6978523795622365e-12,3.26663855138372e-10,0.8369478692844879,0.11450604480608963,0.0342086718007519,0.01128550592802077,7.119449156952376,22.46201937012915
SC4001E,SC4001E0-PSG.edf,SC4001EC-Hypnogram.edf,Fpz-Cz,100.0,314,38250.0,3,N2,3.529449813166214e-08,1.6799576477157263e-05,2.822257698118556e-10,-6.475631196110383e-05,5.8628277843212544e-05,0.00012338458980431637,1.679681339590489e-05,-0.08912869108573955,1.2536639205175213,2.0777867246836415e-10,2.063227334555344e-11,8.051441063669372e-12,2.4292537368281812e-12,2.388916406144152e-10,0.8661355265910781,0.08600663738306868,0.03356282462801898,0.010126462642075933,9.60503175737993,22.955314077262805
SC4001E,SC4001E0-PSG.edf,SC4001EC-Hypnogram.edf,Fpz-Cz,100.0,315,38280.0,3,N2,1.6153462339813916e-07,1.929187042292413e-05,3.7217626441489473e-10,-6.374213673119165e-05,5.9911686546157696e-05,0.00012365382327734933,1.9289331224660073e-05,-0.20221754624622262,0.3239297801644536,2.6157750087685784e-10,2.602068042692934e-11,8.538915070697477e-12,2.637128120731243e-12,2.987742244952159e-10,0.8725816948315793,0.08680092649975182,0.02848448723393745,0.008797047595308945,9.680640781205664,27.422143811762812
SC4001E,SC4001E0-PSG.edf,SC4001EC-Hypnogram.edf,Fpz-Cz,100.0,316,38310.0,3,N2,-1.540363697042705e-07,1.9268431463826156e-05,3.7127245107616576e-10,-5.666275126387152e-05,5.835702702151381e-05,0.00011501977828538533,1.926583558519239e-05,0.12018173250008701,0.12261604566500361,2.959299121611381e-10,3.340168757395764e-11,1.242979751549913e-11,2.9970699108226157e-12,3.447584671614175e-10,0.8558862335046826,0.09660410588980327,0.03594936551386397,0.008668102723348297,8.602191724604797,22.035321963686332
SC4001E,SC4001E0-PSG.edf,SC4001EC-Hypnogram.edf,Fpz-Cz,100.0,317,38340.0,3,N2,3.2648783145379306e-07,2.1235106836800765e-05,4.5092976237034253e-10,-7.904507056826469e-05,8.377081906434402e-05,0.0001628158896326087,2.123407748769981e-05,-0.006655178258378363,0.8482561019700379,3.268706735680139e-10,2.5233491593133476e-11,1.2080446765157026e-11,3.1318335752691177e-12,3.6731644550157354e-10,0.8874723829474441,0.06851035814806068,0.032799096843763975,0.008503105450543174,12.460052159186128,24.989259116035242
SC4001E,SC4001E0-PSG.edf,SC4001EC-Hypnogram.edf,Fpz-Cz,100.0,318,38370.0,3,N2,-3.312862209373188e-07,2.44918234419832e-05,5.998494155132777e-10,-9.002495556925506e-05,9.662201839301321e-05,0.00018664697396226826,2.4489981957287952e-05,-0.2378239201320231,0.9783768102143351,4.374501183700151e-10,3.1244233071161296e-11,1.3317256406269827e-11,3.09076535088467e-12,4.851023731983307e-10,0.8999135624288233,0.06427500624115158,0.027395991339536952,0.006358260155260818,13.566770758807818,30.554046526571007
SC4001E,SC4001E0-PSG.edf,SC4001EC-Hypnogram.edf,Fpz-Cz,100.0,319,38400.0,3,N2,1.6040371093087065e-07,2.1378972409905457e-05,4.570604613034987e-10,-5.6312209436809494e-05,6.659362354059229e-05,0.0001229058329774018,2.137601078702193e-05,0.1780759748619462,-0.1658814412034939,3.2264286593460943e-10,4.1157868061529035e-11,8.804963342355016e-12,2.0999927739425827e-12,3.74705690112436e-10,0.8587649173959898,0.10954816268343415,0.023435799813731832,0.005589462255187368,7.653206406541123,32.90607569544621
SC4001E,SC4001E0-PSG.edf,SC4001EC-Hypnogram.edf,Fpz-Cz,100.0,320,38430.0,3,N2,3.136963728014551e-08,2.0830475146448854e-05,4.3390869482682336e-10,-8.31107574838096e-05,6.280501362641985e-05,0.00014591577111022945,2.0827026735695074e-05,-0.2967967034142309,0.7175745357599759,3.099443207964379e-10,2.8941042790527502e-11,1.1010094488129472e-11,2.280315737790357e-12,3.521757738128851e-10,0.8775922466319802,0.08194515291374618,0.031174546230236886,0.006456602935054327,10.351821176198161,25.80698437491732
SC4001E,SC4001E0-PSG.edf,SC4001EC-Hypnogram.edf,Fpz-Cz,100.0,321,38460.0,4,N3,-1.629623324432381e-07,2.4036696961089253e-05,5.777628007992373e-10,-6.351773407744347e-05,8.330149442172557e-05,0.00014681922849916904,2.4033243017137038e-05,0.2554432071225004,0.2810988270339032,4.4510867855726527e-10,3.573263051812689e-11,8.540017032441265e-12,2.2772751196368527e-12,4.916586012274704e-10,0.9034830153137825,0.07253020738722152,0.017334553808993923,0.00462242030071731,12.11752799292749,46.65701088830899
SC4001E,SC4001E0-PSG.edf,SC4001EC-Hypnogram.edf,Fpz-Cz,100.0,322,38490.0,3,N2,-8.604467877902448e-08,2.08238353918807e-05,4.336321204281432e-10,-6.947088385441758e-05,6.304390051304988e-05,0.00013251478436746746,2.0820542261784314e-05,-0.04046370137734887,0.07433627825257183,3.3743969727517543e-10,2.8357987986977367e-11,9.239745822996399e-12,2.0966205155659347e-12,3.77134051600715e-10,0.892381143265801,0.07499453663834951,0.02443510650226489,0.005544648800314418,11.493965370680616,32.953913418178225
SC4001E,SC4001E0-PSG.edf,SC4001EC-Hypnogram.edf,Fpz-Cz,100.0,323,38520.0,4,N3,1.7294705896799134e-07,2.61823960103148e-05,6.855178608409483e-10,-7.549819663289005e-05,7.452927697924343e-05,0.00015002747361213348,2.617860320132723e-05,-0.09464200175561059,0.04569642636422122,4.546361333654623e-10,4.068090453634864e-11,9.416123426800905e-12,2.2914129737181244e-12,5.0702457430233e-10,0.8949097275261024,0.080076647064201,0.01853477942426715,0.004510437269427215,10.90753999757822,43.647345056959864
SC4001E,SC4001E0-PSG.edf,SC4001EC-Hypnogram.edf,Fpz-Cz,100.0,324,38550.0,4,N3,2.3075200007858991e-07,3.03944795824125e-05,9.238243890856904e-10,-8.981111665147143e-05,0.00010446514183690614,0.00019427625848837757,3.0390289470622062e-05,0.19665342947037556,0.22243125094439753,6.664132466010459e-10,3.600643689433929e-11,8.213160222157762e-12,2.1798551967695443e-12,7.128126989143126e-10,0.933596793128842,0.05044241570527392,0.011506043860875169,0.003053819580521666,18.00803596692618,72.33275342355536
SC4001E,SC4001E0-PSG.edf,SC4001EC-Hypnogram.edf,Fpz-Cz,100.0,325,38580.0,4,N3,-1.994467842359714e-09,2.8995792584912645e-05,8.407559876272751e-10,-7.49852218846044e-05,8.456670890661898e-05,0.00015955193079122338,2.8990959618634594e-05,0.02663679266418471,-0.3867034371266147,5.706402041509706e-10,3.012709514615203e-11,8.198988590321382e-12,2.2909059474857357e-12,6.112571938349296e-10,0.9320269486369167,0.04920660050958026,0.01339141242092438,0.0037417379012509994,18.33258778153328,62.03292878864571
SC4001E,SC4001E0-PSG.edf,SC4001EC-Hypnogram.edf,Fpz-Cz,100.0,326,38610.0,4,N3,-1.5528249291809524e-07,2.8815726226329484e-05,8.303460779507729e-10,-0.00010243485661887112,0.00011902972960748997,0.0002214645862263611,2.881134166569471e-05,0.2677277810707284,1.5480329110204147,6.092741429960008e-10,4.424437114567756e-11,1.3478172640518135e-11,2.724497690595981e-12,6.697211844727927e-10,0.9083866099665674,0.06596537006722844,0.020095045381804053,0.004062042102841167,13.466297078906532,42.08225430956019
SC4001E,SC4001E0-PSG.edf,SC4001EC-Hypnogram.edf,Fpz-Cz,100.0,327,38640.0,4,N3,-6.245220010095748e-08,2.976098594383742e-05,8.857162843492886e-10,-7.693337625602452e-05,9.919044244317478e-05,0.0001761238186991993,2.9756090903630744e-05,0.3470401559655129,0.4619944550903825,7.232062571645389e-10,3.194101170650363e-11,7.754713848748765e-12,2.0725680814974125e-12,7.649745508012887e-10,0.9441648634513905,0.04169983411732155,0.010123983676267743,0.0027057923521470674,21.954585475641426,82.60764082744984
SC4001E,SC4001E0-PSG.edf,SC4001EC-Hypnogram.edf,Fpz-Cz,100.0,328,38670.0,4,N3,8.478460864490174e-08,2.7992394198002137e-05,7.835741329363436e-10,-8.81008175232987e-05,0.00011966619158648739,0.0002077670091097861,2.798785683092868e-05,0.4405396644914879,1.5198319550437098,5.681240061467047e-10,2.9199251888985325e-11,9.766122111287107e-12,2.1348442983238008e-12,6.092242244453009e-10,0.9310086086194534,0.04785003728019434,0.016004153424365602,0.003498458784169692,18.812519205282648,52.76960453115134
SC4001E,SC4001E0-PSG.edf,SC4001EC-Hypnogram.edf,Fpz-Cz,100.0,329,38700.0,4,N3,-5.257334836969659e-07,3.5119646533470845e-05,1.233389572635931e-09,-0.00010589662931431861,9.373989937618685e-05,0.00019963652869050546,3.511772826471362e-05,-0.023449876333914176,-0.20235481420519585,9.662109210585626e-10,5.252161741279234e-11,1.2622713219349944e-11,2.619735653939572e-12,1.0339749873446444e-09,0.9335596829615134,0.050746750457750685,0.01219615292513983,0.0025312067305711663,18.052722764458643,70.92646710687114
SC4001E,SC4001E0-PSG.edf,SC4001EC-Hypnogram.edf,Fpz-Cz,100.0,330,38730.0,4,N3,4.492965412566272e-07,3.09506006692369e-05,9.579396817865674e-10,-0.00012307178129586144,0.00011964765604497578,0.00024271943734083723,3.094870329983618e-05,-0.08395623134768197,2.033898895398485,6.464158215653519e-10,4.713537518362562e-11,9.268616656903154e-12,1.1962371371322931e-11,7.147821847772035e-10,0.9030901233823767,0.06585156236921029,0.012948934541851068,0.01671230665659327,13.429121910848746,62.95062355169272
SC4001E,SC4001E0-PSG.edf,SC4001EC-Hypnogram.edf,Fpz-Cz,100.0,331,38760.0,3,N2,-1.5787476792845116e-07,1.780651089960208e-05,3.1707183041764763e-10,-6.604174787452547e-05,6.748188131113696e-05,0.00013352362918566242,1.780424287213182e-05,-0.19678904649091591,0.7297652878565861,2.262609559227721e-10,2.2832007600018485e-11,7.1300923113927574e-12,4.1438899554603505e-12,2.6036694578964366e-10,0.8656831308151492,0.08735614035293661,0.027280007767819577,0.015854682553452966,9.493994787186818,27.83005988821443
SC4001E,SC4001E0-PSG.edf,SC4001EC-Hypnogram.edf,Fpz-Cz,100.0,332,38790.0,3,N2,1.2991498064890833e-07,1.7858610046547028e-05,3.189299527946304e-10,-5.9584274999356265e-05,5.5431539690590623e-05,0.00011501581468994689,1.7856105978419894e-05,-0.07357216349575961,0.4732159498682149,1.9103163253690417e-10,3.429916723045928e-11,9.519435462999804e-12,3.074888583969036e-12,2.379251238143323e-10,0.799546022984816,0.14355613458680477,0.039842756220134126,0.01286967454439207,5.411788648998636,18.159874948501095
SC4001E,SC4001E0-PSG.edf,SC4001EC-Hypnogram.edf,Fpz-Cz,100.0,333,38820.0,3,N2,4.174158133111342e-08,2.0784879258285757e-05,4.3201120578151754e-10,-8.071314823202012e-05,6.783180402197039e-05,0.00014854495225399052,2.0781456744075212e-05,-0.25311719519785103,1.0510931383323836,3.385110160997335e-10,2.863170021290018e-11,9.850063612901492e-12,2.490483513507124e-12,3.7948326343904234e-10,0.8896870076230482,0.07525087951072859,0.025888296698967896,0.0065455796688574375,11.423948462881738,31.19898907295069
SC4001E,SC4001E0-PSG.edf,SC4001EC-Hypnogram.edf,Fpz-Cz,100.0,334,38850.0,3,N2,-1.2534850675783728e-07,2.440189028837608e-05,5.954522496459429e-10,-9.126126673825356e-05,7.654689804869894e-05,0.0001678081647869525,2.4398144966592725e-05,0.2322558955514429,0.5746862980921836,4.255280219884241e-10,3.0810570824329574e-11,1.0946659367106905e-11,3.837262750979771e-12,4.711225149308403e-10,0.9013084708547703,0.06525969393525516,0.02318605662920025,0.00812768429724619,13.376937633038917,35.61899681847824
SC4001E,SC4001E0-PSG.edf,SC4001EC-Hypnogram.edf,Fpz-Cz,100.0,335,38880.0,3,N2,-2.2174070913639685e-07,1.965018379406104e-05,3.8612972314037913e-10,-7.705593940183646e-05,8.351934164769169e-05,0.00016057528104952815,1.9648159765605377e-05,-0.04902277456903364,1.102716335951933,2.6575550371254606e-10,3.312278493684206e-11,7.303089594223177e-12,2.315956502328051e-12,3.084973347459394e-10,0.8586681495357619,0.10702122835413733,0.023596615461060906,0.007482961054346968,7.788212603526749,32.006821159372265
SC4001E,SC4001E0-PSG.edf,SC4001EC-Hypnogram.edf,Fpz-Cz,100.0,336,38910.0,4,N3,2.814386712063401e-07,2.4773101916083616e-05,6.137065785446657e-10,-6.568722934379802e-05,9.942922825507357e-05,0.0001651164575988716,2.477057160040521e-05,0.651257433345189,1.397784895057213,4.963922360978874e-10,4.1934984678294577e-11,1.0036352408424107e-11,2.138173309796215e-12,5.505017464944022e-10,0.900073733679329,0.07603780939018336,0.018198224161971855,0.0038770018832894443,11.561486275522867,44.977925471008746
SC4001E,SC4001E0-PSG.edf,SC4001EC-Hypnogram.edf,Fpz-Cz,100.0,337,38940.0,4,N3,1.927750253177901e-07,2.4895327178295942e-05,6.197773153144006e-10,-7.808691582920078e-05,7.871594468582111e-05,0.0001568028605150219,2.489192409369651e-05,0.15397588275257604,-0.05211217073423757,4.46197608022348e-10,2.963099035254157e-11,8.197440514687717e-12,2.6680290112007122e-12,4.866940679007781e-10,0.9149129288017657,0.060757331907038956,0.01680857130367125,0.005470702202068871,14.566868484724827,48.5132366237976
SC4001E,SC4001E0-PSG.edf,SC4001EC-Hypnogram.edf,Fpz-Cz,100.0,338,38970.0,4,N3,6.027504705679322e-08,2.849460495584877e-05,8.119425115898814e-10,-9.822613422295127e-05,9.47311995704286e-05,0.00019295733379337987,2.848991922009109e-05,-0.041870392953856084,0.28256895929160697,6.194067824342429e-10,4.126368342929142e-11,1.0373009146691133e-11,2.255945109862219e-12,6.732994201200877e-10,0.9185930818744158,0.06119489680406764,0.015383387316043927,0.0033456133025599397,14.655769023789219,54.462875607064234
SC4001E,SC4001E0-PSG.edf,SC4001EC-Hypnogram.edf,Fpz-Cz,100.0,339,39000.0,4,N3,1.0238700382007975e-07,3.305394502993701e-05,1.0925632820420975e-09,-0.00010754724625324343,9.205084052239532e-05,0.00019959808677563875,3.3048594181598224e-05,-0.017314251907742644,0.10374204314695179,8.396480149265825e-10,3.8971403352484895e-11,9.946712169520276e-12,2.2583877443480226e-12,8.908245181929358e-10,0.941494652589193,0.04369851081404547,0.011153216766987809,0.0025323230055662666,21.00621805850067,76.70321480311462
SC4001E,SC4001E0-PSG.edf,SC4001EC-Hypnogram.edf,Fpz-Cz,100.0,340,39030.0,4,N3,2.617696470783058e-07,3.42243403723207e-05,1.1713054739204604e-09,-8.387153750385747e-05,0.00010440247280962814,0.00018827401031348563,3.42196370832687e-05,0.29083201904470235,0.03619977193541768,8.623017990623662e-10,4.310734390990421e-11,8.807521190082644e-12,2.296161972872983e-12,9.165128261352263e-10,0.9398253348616155,0.04698282430718946,0.009599343942887356,0.0025025938684093843,19.550073131217,87.92250175654222
SC4001E,SC4001E0-PSG.edf,SC4001EC-Hypnogram.edf,Fpz-Cz,100.0,341,39060.0,4,N3,-6.177830409573346e-07,2.9329993246978442e-05,8.602485038678009e-10,-7.41892654505854e-05,0.00010705434792385079,0.0001812436133744362,2.9331611109044215e-05,0.47826771335841983,0.50691558398817,6.992804398137063e-10,3.689827724023976e-11,9.661640276116997e-12,4.117028032297782e-12,7.499573853623607e-10,0.9311852489156642,0.04913498150422367,0.012865763709687667,0.005482372385633021,18.451509956004593,65.58844809087729
SC4001E,SC4001E0-PSG.edf,SC4001EC-Hypnogram.edf,Fpz-Cz,100.0,342,39090.0,4,N3,-1.4105933238506177e-07,2.6893357383162613e-05,7.232526713385069e-10,-8.404932116650989e-05,9.902883474499944e-05,0.00018307815591150933,2.6889244780208692e-05,0.13112281410349869,0.6226511398813139,5.903787858310588e-10,2.9255651027743225e-11,9.446712936603136e-12,2.402139113398216e-12,6.314832889088033e-10,0.9334298568577429,0.04625521581481901,0.014935909141411704,0.0037979487450846726,19.513008835595866,56.51335395294465
SC4001E,SC4001E0-PSG.edf,SC4001EC-Hypnogram.edf,Fpz-Cz,100.0,343,39120.0,4,N3,2.538924312659696e-07,3.2486779374379386e-05,1.055390834119602e-09,-9.363204385739925e-05,0.00010865768411129833,0.00020228972796869758,3.248235672702259e-05,0.236709081394323,0.31425318531743907,8.090406098940131e-10,3.944380765325757e-11,9.872679421189131e-12,3.3663899427177856e-12,8.617234869111776e-10,0.9377751065878986,0.045720104125690206,0.011443619619695807,0.0039020497225252604,20.00406630429735,74.41041702354629
SC4001E,SC4001E0-PSG.edf,SC4001EC-Hypnogram.edf,Fpz-Cz,100.0,344,39150.0,4,N3,-5.681898529696468e-08,2.9338444942018745e-05,8.607443516158652e-10,-7.865735569127334e-05,9.916022871687745e-05,0.0001778175844081508,2.9333609822677526e-05,0.2577056713387948,0.6052365183063619,7.747193325078114e-10,3.677337725828501e-11,8.255357694863153e-12,2.121077293336549e-12,8.218691447542961e-10,0.9414854566446748,0.04468921637505964,0.01003240642511654,0.0025776605027156415,20.50966550357603,83.70495858175109
SC4001E,SC4001E0-PSG.edf,SC4001EC-Hypnogram.edf,Fpz-Cz,100.0,345,39180.0,4,N3,1.6983792307831005e-07,3.101757897574317e-05,9.620902055164646e-10,-0.00010761392116070506,9.605108107297373e-05,0.0002036650022336788,3.101287399937981e-05,-0.012904137430312589,0.3525804328208979,8.072044628650442e-10,3.0344235277495034e-11,7.190394619529334e-12,2.1515113594907666e-12,8.468906041215595e-10,0.952014869537719,0.03578791312227429,0.008480332939859385,0.0025374869694655927,25.7528842454999,98.55501479017022
SC4001E,SC4001E0-PSG.edf,SC4001EC-Hypnogram.edf,Fpz-Cz,100.0,346,39210.0,4,N3,-3.0181315029943794e-08,3.001219421061594e-05,9.007318013357289e-10,-7.836236833747854e-05,7.391105761826085e-05,0.0001522734259557394,3.000720693956249e-05,0.029164656334301684,-0.5094118630536193,7.190682435077099e-10,4.6139422098902403e-11,7.547540291096334e-12,2.3418775389766736e-12,7.750970834366854e-10,0.9265184199940008,0.059450580453916234,0.009724995045303593,0.003017505913830336,15.254074222612346,84.12575068604679
SC4001E,SC4001E0-PSG.edf,SC4001EC-Hypnogram.edf,Fpz-Cz,100.0,347,39240.0,4,N3,-3.2027447804711593e-07,3.196319496155963e-05,1.0216458321506712e-09,-0.000100047475157063,0.00010300814155941934,0.00020305561671648235,3.195947213708704e-05,0.21740994341897377,0.22600638484340996,8.217517944900626e-10,3.346977615875613e-11,7.421677405393416e-12,2.5176829129509846e-12,8.651609309671632e-10,0.9487287698054991,0.03864152141032669,0.008568473986821713,0.002906714933609066,23.839777511329103,97.57578626364813
SC4001E,SC4001E0-PSG.edf,SC4001EC-Hypnogram.edf,Fpz-Cz,100.0,348,39270.0,4,N3,3.9592110754777584e-07,3.174527916393797e-05,1.007762749196354e-09,-9.310467211376858e-05,0.00011677169414445216,0.00020987636625822075,3.1742457085162094e-05,0.11281917089950003,0.6007666813062826,7.96716683112916e-10,3.0718184836795285e-11,7.301502177117087e-12,2.115399171106535e-12,8.368517692979348e-10,0.9509041005911018,0.03666303033833195,0.008714551242441453,0.002524789286867654,25.118609000243595,95.97259220253517
SC4001E,SC4001E0-PSG.edf,SC4001EC-Hypnogram.edf,Fpz-Cz,100.0,349,39300.0,4,N3,-1.671861172879667e-07,3.0412787711124192e-05,9.249376563619067e-10,-8.131581100332408e-05,8.18764522486181e-05,0.00016319226325194218,3.0408178094183804e-05,-0.06903434709555564,-0.36359986142894396,7.524163306526427e-10,2.991306530053317e-11,8.601443008177266e-12,2.153598513467531e-12,7.930844374748206e-10,0.9475268562689857,0.03766987978716265,0.010831899735410702,0.0027120522854168377,24.33975160139378,78.36492181558874
SC4001E,SC4001E0-PSG.edf,SC4001EC-Hypnogram.edf,Fpz-Cz,100.0,350,39330.0,4,N3,-2.8886346679487014e-08,3.494356224897366e-05,1.2210525426478971e-09,-0.00010719845541009895,0.00010737108185974721,0.00021456953726984616,3.493774977806535e-05,0.14725607728417764,0.3282723098081095,8.931580620685118e-10,4.019669186848008e-11,8.272573668649282e-12,2.3021198956732414e-12,9.439294475013147e-10,0.9452113747013573,0.042539357805783856,0.008754699824970551,0.0024362875998422497,21.680334550160183,96.32256307526501
SC4001E,SC4001E0-PSG.edf,SC4001EC-Hypnogram.edf,Fpz-Cz,100.0,351,39360.0,4,N3,-2.270227177433707e-08,3.984218693199512e-05,1.5873998595240425e-09,-0.00010917573622593705,0.00010430510220569246,0.0002134808384316295,3.983555248306064e-05,0.1777408017336943,-0.11428924235858329,1.1579933531537194e-09,3.380086969108144e-11,5.7464063779454135e-12,2.1432132700253907e-12,1.1996838424927717e-09,0.9644448539838585,0.028151348835432438,0.004785944621371056,0.001784993846153379,33.27483949202807,171.6459531609747
SC4001E,SC4001E0-PSG.edf,SC4001EC-Hypnogram.edf,Fpz-Cz,100.0,352,39390.0,4,N3,-4.9282938704628384e-08,3.782236812608289e-05,1.4305315306649312e-09,-0.00010335481773906746,0.00013106419418156223,0.0002344190119206297,3.7816095986093326e-05,0.30952163448125253,0.29241289420838656,1.0600976374869621e-09,2.6291559481605496e-11,5.938401012688174e-12,2.578771075666338e-12,1.094906369056922e-09,0.9673250082479447,0.023990698680062053,0.005418712018069976,0.0023530943413400266,38.8434247666011,152.787023342752
SC4001E,SC4001E0-PSG.edf,SC4001EC-Hypnogram.edf,Fpz-Cz,100.0,353,39420.0,4,N3,-6.958990241705923e-08,3.530206548091683e-05,1.2462358272189399e-09,-9.719683513226645e-05,0.00010241048680410689,0.00019960732193637334,3.529624991455965e-05,0.20537479287992283,0.13983564957334105,1.0522301463641858e-09,4.034502632791277e-11,8.36015327570032e-12,2.0947373056502846e-12,1.1030300632734491e-09,0.9530810630684488,0.036543412783787574,0.0075723963991636825,0.0018973553124444712,25.449981287200348,112.41590980094915
SC4001E,SC4001E0-PSG.edf,SC4001EC-Hypnogram.edf,Fpz-Cz,100.0,354,39450.0,4,N3,4.584967737863088e-07,2.9228139188999738e-05,8.542841204515423e-10,-9.035700437773158e-05,9.125522537899797e-05,0.00018161222975672953,2.9226863984519976e-05,-0.060723487375555774,0.08650739918982886,7.375463015231279e-10,2.619314485239481e-11,7.415442056376242e-12,4.7249128314375015e-12,7.758798012633364e-10,0.9493699029421984,0.033715826836790426,0.009545160067641731,0.0060819097417052215,27.122508467724163,87.64201530736003
SC4001E,SC4001E0-PSG.edf,SC4001EC-Hypnogram.edf,Fpz-Cz,100.0,355,39480.0,4,N3,-2.8412827328990653e-07,3.34052931182624e-05,1.1159136083170292e-09,-0.00011796398336513269,0.00010113642690226936,0.00021910041026740204,3.3400933609555576e-05,-0.020142098727402406,0.6292790399449699,9.672699287292802e-10,4.1558026175563296e-11,9.113935342658906e-12,2.796921198147885e-12,1.0207388114456497e-09,0.9466900130383595,0.04067382555113394,0.008920024609580676,0.0027374130911113617,22.72826105090099,95.63734549987636
SC4001E,SC4001E0-PSG.edf,SC4001EC-Hypnogram.edf,Fpz-Cz,100.0,356,39510.0,4,N3,-1.4049471347847897e-07,3.017466636524528e-05,9.105104902538648e-10,-8.698741605712139e-05,0.00011148594647989804,0.00019847336253701943,3.01699639628825e-05,0.4227974433865963,0.8124456594463081,7.449109587805173e-10,3.08577065460256e-11,7.605432393929942e-12,2.1917190207981177e-12,7.855658167412709e-10,0.9470421202216377,0.039230927519668425,0.009669162112128291,0.002786440720089227,23.38244147312759,86.56287385465477
SC4001E,SC4001E0-PSG.edf,SC4001EC-Hypnogram.edf,Fpz-Cz,100.0,357,39540.0,4,N3,1.933146082923539e-07,3.5621664145746255e-05,1.2689029565123443e-09,-8.94630310419408e-05,0.00011768784557504625,0.00020715087661698703,3.561625133837014e-05,0.22344057195329337,0.006818192712350513,9.367897304192295e-10,3.7544375807078585e-11,7.196721952089215e-12,3.0460939647036017e-12,9.84576922143101e-10,0.9504988493259505,0.038093805733031685,0.007302039841233504,0.0030906709524812954,24.304187337421876,114.28833817895415
SC4001E,SC4001E0-PSG.edf,SC4001EC-Hypnogram.edf,Fpz-Cz,100.0,358,39570.0,4,N3,2.227288345701489e-07,2.8713115280453072e-05,8.244429891085877e-10,-0.00010178464850361704,8.919419269241453e-05,0.00019097884119603157,2.8709193351827807e-05,-0.042331667740881276,0.734019758841832,6.208248402752069e-10,3.009889767312975e-11,6.770114167183612e-12,2.0179228635107367e-12,6.597117749790312e-10,0.9396303559065673,0.04555526148158172,0.010246698217840106,0.0030541651290758045,19.96292109130336,79.89906286026087
SC4001E,SC4001E0-PSG.edf,SC4001EC-Hypnogram.edf,Fpz-Cz,100.0,359,39600.0,4,N3,-1.90639264068102e-07,3.4958346390711165e-05,1.2220859823729485e-09,-8.934391279909919e-05,0.00010840707786322927,0.00019775099066232847,3.495303940586324e-05,0.27055922866154375,-0.12356674978326865,1.0066490133567357e-09,2.7271088405006977e-11,9.833729814101965e-12,2.2453432963502292e-12,1.045999174872195e-09,0.9614611334145655,0.026046905345781097,0.009392299488012821,0.0021445511612980146,35.60701303521276,92.91804675121293
SC4001E,SC4001E0-PSG.edf,SC4001EC-Hypnogram.edf,Fpz-Cz,100.0,360,39630.0,4,N3,2.0607033077441737e-07,4.0722878692372553e-05,1.6583528489936906e-09,-8.745785929067212e-05,0.00010925831998291731,0.00019671617927358943,4.0716612453541835e-05,0.3057262699789222,-0.510228373622712,1.089902771644702e-09,3.746449272203497e-11,6.016985766412347e-12,2.277110128823649e-12,1.1356613602619731e-09,0.9588632197310777,0.03296011814231136,0.00529356057729065,0.0020033320463174976,28.33529560680608,155.32349757094477
SC4001E,SC4001E0-PSG.edf,SC4001EC-Hypnogram.edf,Fpz-Cz,100.0,361,39660.0,4,N3,-3.224112414755367e-07,3.585529789910084e-05,1.2856023874332653e-09,-9.096093813801803e-05,9.931298770270085e-05,0.0001902739258407189,3.585077129313609e-05,0.10573564134696538,-0.08107499873705226,9.838628303773856e-10,2.6561523591137465e-11,6.810410988340062e-12,3.243794192960994e-12,1.020478559149824e-09,0.963175214559818,0.026003016268148205,0.006667208946615936,0.003175587156387112,35.696968171010376,125.96812534528159
SC4001E,SC4001E0-PSG.edf,SC4001EC-Hypnogram.edf,Fpz-Cz,100.0,362,39690.0,4,N3,-5.556057855295265e-08,3.108107436483641e-05,9.660331836724908e-10,-7.956337143231707e-05,8.615578054784412e-05,0.0001657191519801612,3.1075943422350925e-05,-0.09457306985806996,-0.29958297505741394,7.710577431334836e-10,2.6553397532523063e-11,7.855949339708489e-12,2.4946551412318457e-12,8.07961745146947e-10,0.9531448770713155,0.03282404599700777,0.009711150603643767,0.003083773931459138,27.984125813281434,87.06663888378392
SC4001E,SC4001E0-PSG.edf,SC4001EC-Hypnogram.edf,Fpz-Cz,100.0,363,39720.0,4,N3,3.195331855018344e-07,3.8199299000093474e-05,1.4591864440985423e-09,-0.00010474276586768498,0.00010866532088217111,0.0002134080867498561,3.819426855005621e-05,0.09589459189809589,0.1336189002864714,1.1215228351572586e-09,3.158884421491767e-11,6.5874276276252004e-12,1.7237770818339339e-12,1.1614228840816358e-09,0.9648148281623945,0.027175002013036086,0.005666980337220006,0.0014829173663384921,34.41431760393261,147.81331568473698
SC4001E,SC4001E0-PSG.edf,SC4001EC-Hypnogram.edf,Fpz-Cz,100.0,364,39750.0,4,N3,1.0227067985195302e-07,3.699570733609922e-05,1.3686823612983057e-09,-0.0001034689964536731,0.00011216780524444102,0.0002156368016981141,3.69896822524403e-05,0.20272948749849334,-0.1262458130649735,1.1720115688155267e-09,3.3994775806105395e-11,9.017946594668379e-12,4.720704248446161e-12,1.2197449954647467e-09,0.9600789461924709,0.027847565160947746,0.007387248465626663,0.003867068278784099,33.491043786342836,116.99119752138422
SC4001E,SC4001E0-PSG.edf,SC4001EC-Hypnogram.edf,Fpz-Cz,100.0,365,39780.0,4,N3,1.224175410290187e-07,3.999163290989624e-05,1.5993307027998963e-09,-0.00010453666821335809,0.00010862404068781604,0.00021316070890117414,3.998515447788067e-05,0.17021771405867434,-0.36606438366170124,1.308252105671036e-09,3.359488873751484e-11,7.1746327827294496e-12,3.090484115257804e-12,1.3521121113065377e-09,0.9668467932105155,0.024827867888253766,0.005302319536406905,0.0022839823023043486,37.81634089351361,160.0380274493774
SC4001E,SC4001E0-PSG.edf,SC4001EC-Hypnogram.edf,Fpz-Cz,100.0,366,39810.0,4,N3,-8.039581618228926e-07,4.259416865448558e-05,1.8142632033667617e-09,-0.0001143819120261012,0.0001224962854614715,0.0002368781974875727,4.259465691482443e-05,0.20498399677310794,-0.17906109235851053,1.4247924681914445e-09,3.3005565623260936e-11,7.865804556818331e-12,2.201546047768833e-12,1.4678653844192926e-09,0.9699952652602865,0.02247010922400455,0.00535502071207705,0.0014988072229908268,41.89880221303653,160.70650543448923
SC4001E,SC4001E0-PSG.edf,SC4001EC-Hypnogram.edf,Fpz-Cz,100.0,367,39840.0,4,N3,2.1641070660798385e-07,3.7695136373470084e-05,1.4209233062145073e-09,-0.00010069626633817374,9.865833314907952e-05,0.00019935459948725324,3.768947464089106e-05,-0.10589115912471854,-0.3299133255265456,1.1782859187101538e-09,4.423820981851703e-11,1.0900850167835522e-11,9.980761276019962e-12,1.2434057399725266e-09,0.9468663482186825,0.03554966712022213,0.008759884190245044,0.008020504048977074,26.046254337585538,99.00854998533737
SC4001E,SC4001E0-PSG.edf,SC4001EC-Hypnogram.edf,Fpz-Cz,100.0,368,39870.0,2,N1,3.2092309798054504e-07,1.864527137506384e-05,3.47646144649775e-10,-5.6289433755308204e-05,6.229351495870694e-05,0.00011858294871401514,1.8644925696724454e-05,-0.016662625243992077,-0.076592125727442,2.5169561200860546e-10,3.6511116723211696e-11,6.457017313336744e-12,4.0964922181223496e-12,2.987602382632763e-10,0.8396564316430247,0.12180106652819099,0.021540606421808394,0.013665895923542878,6.709893866019121,33.752853377241365
SC4001E,SC4001E0-PSG.edf,SC4001EC-Hypnogram.edf,Fpz-Cz,100.0,369,39900.0,3,N2,-1.5378255014721094e-07,2.2603985114718054e-05,5.109401430663954e-10,-8.12179209056245e-05,8.305668949327657e-05,0.00016427461039890108,2.2600740668352067e-05,-0.030870053644432596,1.4300371746462996,3.753614045531228e-10,2.2523502910769345e-11,3.710822924563981e-12,2.4431830369537484e-12,4.0403891342540986e-10,0.9267292403554397,0.05560824445307814,0.009161645465571666,0.006031971141468298,15.956866882324647,79.68064403266975
SC4001E,SC4001E0-PSG.edf,SC4001EC-Hypnogram.edf,Fpz-Cz,100.0,370,39930.0,3,N2,-3.782681563693219e-08,1.9033660970469186e-05,3.6228024993876205e-10,-7.579976250553198e-05,6.995446664533842e-05,0.0001457542291508704,1.903052602329821e-05,0.001709121494115549,1.5613797408106311,2.6800848249456894e-10,1.4349696661604942e-11,4.910061494039377e-12,2.65932692331726e-12,2.8992756757353043e-10,0.9212206485960847,0.04932394953592059,0.016877264451050637,0.009140855730851731,17.460181031782447,45.34783314266193
SC4001E,SC4001E0-PSG.edf,SC4001EC-Hypnogram.edf,Fpz-Cz,100.0,371,39960.0,2,N1,2.3482058758986363e-07,2.293317439202079e-05,5.259304876948383e-10,-8.6937783089586e-05,7.224180483598872e-05,0.00015917958792557472,2.2930554250620052e-05,-0.18838234109900862,0.8785643194870443,2.8962292724009333e-10,2.3955126572561875e-11,6.9673600216872846e-12,1.2943486331729486e-11,3.3348890016607203e-10,0.8658670798830604,0.07161710466526176,0.020829869147311095,0.03869631047638086,11.605748678451237,36.35117861521695
SC4001E,SC4001E0-PSG.edf,SC4001EC-Hypnogram.edf,Fpz-Cz,100.0,372,39990.0,3,N2,-2.869435101748162e-07,1.9210962165535184e-05,3.6906106732562424e-10,-7.428198935535658e-05,7.445122725578015e-05,0.00014873321661113673,1.9209903267530537e-05,-0.06617880641475761,1.077225998162067,2.6540673017914714e-10,1.522810029282881e-11,3.270042509232113e-12,2.304442631310144e-12,2.862093156125181e-10,0.9240881675899907,0.053020913546458416,0.011385572582345542,0.008023565065762458,16.354762750414494,62.15552412073657
SC4001E,SC4001E0-PSG.edf,SC4001EC-Hypnogram.edf,Fpz-Cz,100.0,373,40020.0,3,N2,1.6790778366876198e-07,1.9241376829786502e-05,3.702305823058449e-10,-7.719985453408178e-05,7.209959917109746e-05,0.00014929945370517926,1.9238902389054306e-05,0.0042948644199977525,0.80437145028408,3.166792639524116e-10,3.321605538024654e-11,5.713477859946624e-12,3.6123860640988725e-12,3.592211832567036e-10,0.8791244898186268,0.0922101667646121,0.015861026851036245,0.010028244400953472,9.255282657019412,47.17067227431497
SC4001E,SC4001E0-PSG.edf,SC4001EC-Hypnogram.edf,Fpz-Cz,100.0,374,40050.0,3,N2,-2.6958948066487103e-07,2.2201396803940942e-05,4.929020200460391e-10,-8.686043555392407e-05,8.073116408876553e-05,0.0001675915996426896,2.2199333275140845e-05,-0.31643455672722653,1.5384454970928143,2.7824381412301427e-10,4.0105595583410086e-11,5.159356766482925e-12,2.4993095169643248e-12,3.2600807598987163e-10,0.8508774998316319,0.12264405232809072,0.01577745977944204,0.0076429596100915115,6.769000915177383,45.17416747753925
SC4001E,SC4001E0-PSG.edf,SC4001EC-Hypnogram.edf,Fpz-Cz,100.0,375,40080.0,3,N2,-3.2576444677146344e-08,1.3219300969119701e-05,1.7474991811216906e-10,-4.3684822471604044e-05,4.3918935044257424e-05,8.760375751586146e-05,1.3217137714505848e-05,-0.11212509032885148,0.26207610446106067,1.118110743610404e-10,1.4292578867193906e-11,4.165400973157063e-12,3.2138834697944737e-12,1.3348293767118587e-10,0.8314145741998978,0.10627800905226815,0.030973453177692862,0.023898076034392545,7.311459717294696,21.64615582451136
SC4001E,SC4001E0-PSG.edf,SC4001EC-Hypnogram.edf,Fpz-Cz,100.0,376,40110.0,3,N2,1.7519705331194258e-07,1.8472860649648627e-05,3.4124658058133675e-10,-8.838777430718783e-05,7.705428558816276e-05,0.00016544205989535058,1.847061248926608e-05,-0.17268529931952536,2.1573682127806455,2.4642582270862126e-10,3.752021724704181e-11,9.225936200686849e-12,4.590871083256705e-12,2.977628472396067e-10,0.8248208402934006,0.12558528476250175,0.03088046685164867,0.015366271695673204,6.397311342462527,24.09811853628321
SC4001E,SC4001E0-PSG.edf,SC4001EC-Hypnogram.edf,Fpz-Cz,100.0,377,40140.0,3,N2,-1.370546710051325e-07,1.5539740865618608e-05,2.41483546170577e-10,-4.5938821593005556e-05,7.190082667662097e-05,0.00011783964826962652,1.553775516727018e-05,0.15982133685460453,0.8666085612240488,1.63280628675828e-10,1.834546850496819e-11,5.4359768639850895e-12,3.3201168127996134e-12,1.9038219085758087e-10,0.8531652184781134,0.09585776201412685,0.028403775918890647,0.01734809700903839,8.440251970837265,25.369983784361576
SC4001E,SC4001E0-PSG.edf,SC4001EC-Hypnogram.edf,Fpz-Cz,100.0,378,40170.0,3,N2,-8.79978988534203e-08,2.4085497968161393e-05,5.801112123743066e-10,-7.687135752330704e-05,9.623443640131431e-05,0.00017310579392462136,2.4081644163146013e-05,0.4379673129900525,1.455991602109103,4.189862066660321e-10,4.068088960487271e-11,9.035870534086119e-12,3.294488904248995e-12,4.719974557092398e-10,0.8858106985750692,0.08600657173488054,0.01910342312631938,0.0069651302866080905,10.052237623475541,41.748865257176774
SC4001E,SC4001E0-PSG.edf,SC4001EC-Hypnogram.edf,Fpz-Cz,100.0,379,40200.0,2,N1,1.0657587169637973e-07,1.6983445935879667e-05,2.884374358569475e-10,-7.660716679558744e-05,6.904168442394112e-05,0.00014564885121952858,1.698094957478595e-05,0.10317778307566412,2.4493890710158457,2.2688253399524381e-10,3.298164314472557e-11,5.376070933526531e-12,2.820234499389014e-12,2.680604825728849e-10,0.8432398984261257,0.12258077748668011,0.019980901253569355,0.010481786371675931,6.6766204632591215,35.58343945050149
SC4001E,SC4001E0-PSG.edf,SC4001EC-Hypnogram.edf,Fpz-Cz,100.0,380,40230.0,3,N2,2.0912193906814671e-07,2.1715936906642137e-05,4.715819157332621e-10,-0.00011531326292536257,7.685084103854531e-05,0.0001921641039639079,2.17133243366084e-05,-0.7904188091901706,4.64432413502382,3.1253584000150373e-10,2.611135418671654e-11,6.5178655594345444e-12,4.675540994299797e-12,3.4984060074195453e-10,0.8908200457431544,0.07442512107064143,0.018577854289528125,0.013326681645202993,11.527857953869143,41.57241673592937
SC4001E,SC4001E0-PSG.edf,SC4001EC-Hypnogram.edf,Fpz-Cz,100.0,381,40260.0,3,N2,-1.401367703502111e-07,1.7301716976777783e-05,2.993494103445205e-10,-5.512752337813761e-05,6.989850089890466e-05,0.00012502602427704227,1.729940072725478e-05,0.054448094451801564,0.9311813347224911,2.0666871648042785e-10,1.4244404556148116e-11,4.1016302045665805e-12,2.284381921866593e-12,2.2729913316300916e-10,0.9052540568906284,0.06239359895412913,0.017966034946080817,0.010006091088552264,13.557021247975062,40.51032869756694
SC4001E,SC4001E0-PSG.edf,SC4001EC-Hypnogram.edf,Fpz-Cz,100.0,382,40290.0,2,N1,3.8346655832866796e-08,1.7757884614506375e-05,3.153424659821222e-10,-7.732752043708491e-05,9.47178581482307e-05,0.00017204537858531561,1.775496613043259e-05,-0.11967120585593545,3.5231584340189066,1.8082985764325214e-10,3.19245196378761e-11,5.455054234298864e-12,3.244756910093018e-12,2.2145418842552015e-10,0.8128858302157604,0.14351053519751886,0.024522146662683632,0.014586180341483634,5.492255001200593,28.01368525804393
SC4001E,SC4001E0-PSG.edf,SC4001EC-Hypnogram.edf,Fpz-Cz,100.0,383,40320.0,3,N2,2.976548121993023e-07,1.6617017776148114e-05,2.761252797728224e-10,-7.288327450521919e-05,6.16458461496701e-05,0.00013452912065488928,1.6616914165997355e-05,-0.21472385825736195,2.0286790027566397,2.212157814204523e-10,1.780677050022336e-11,8.156989742298693e-12,5.860810781765549e-12,2.530403524447399e-10,0.8707899327472877,0.07009425994280485,0.03210903174948571,0.02307039305120009,11.762560797869313,24.15813358385615
SC4001E,SC4001E0-PSG.edf,SC4001EC-Hypnogram.edf,Fpz-Cz,100.0,384,40350.0,3,N2,-4.4253046781246504e-07,2.324445077753733e-05,5.403044919493558e-10,-6.259108071655282e-05,7.410261452604443e-05,0.00013669369524259726,2.324478917234961e-05,0.19810628113799594,0.45152290928734784,4.231897886006272e-10,3.6827084832881077e-11,1.1031050404510026e-11,7.695447428260759e-12,4.78743371266279e-10,0.8821170107752004,0.07676413482415874,0.02299364840705074,0.016040758224441298,11.187480887577431,35.17479973668699
SC4001E,SC4001E0-PSG.edf,SC4001EC-Hypnogram.edf,Fpz-Cz,100.0,385,40380.0,3,N2,1.1575528389752199e-07,1.4887964893160487e-05,2.2165149865997914e-10,-7.121335516533815e-05,7.236362701606362e-05,0.00014357698218140177,1.4885933431022815e-05,0.1463074638417104,1.935171568103705,1.4669068736036232e-10,3.687252412783214e-11,6.019846934673829e-12,3.918906037375101e-12,1.935019644602434e-10,0.754186148029092,0.1895740448182926,0.0309500572468732,0.020148413658701802,3.873274642726039,20.896564943004442
SC4001E,SC4001E0-PSG.edf,SC4001EC-Hypnogram.edf,Fpz-Cz,100.0,386,40410.0,3,N2,1.788942958481133e-07,1.724657058537394e-05,2.974441969562856e-10,-5.9834991760719444e-05,7.606235883115766e-05,0.0001358973505918771,1.724462385961841e-05,-0.13815474545132925,0.6654068327014984,1.7544129255989399e-10,4.523983827441468e-11,3.890651489261575e-12,3.3460775141942497e-12,2.279178598377645e-10,0.766394079886254,0.19762476508594146,0.01699584074400706,0.014616935159911226,3.7941588705116374,35.872785649337565
SC4001E,SC4001E0-PSG.edf,SC4001EC-Hypnogram.edf,Fpz-Cz,100.0,387,40440.0,3,N2,-2.632390282933393e-07,1.7404870470648912e-05,3.029295161000665e-10,-5.792606848363714e-05,8.952658020079887e-05,0.000147452648684436,1.7403960307375922e-05,0.38852145737493354,1.7573561990864839,2.314255444448601e-10,3.098387635513229e-11,3.722389774748843e-12,2.38261837442593e-12,2.685144289491672e-10,0.8586758985304976,0.11496184629497563,0.01381146749456935,0.008840411193254936,7.235694068949975,49.00602353543938
SC4001E,SC4001E0-PSG.edf,SC4001EC-Hypnogram.edf,Fpz-Cz,100.0,388,40470.0,3,N2,6.230935908444474e-08,1.5324338415810638e-05,2.3483534788228973e-10,-4.957090017092523e-05,6.16241400798588e-05,0.00011119504025078402,1.5321910843273602e-05,0.0733201270622372,1.0047747701738015,1.476162335276234e-10,3.675132381925166e-11,5.646138675135038e-12,3.31273679962683e-12,1.9332643282163693e-10,0.7596302334387695,0.18912158930526948,0.029054918536570693,0.017047278394017734,3.9102266779938732,22.210826578129456
SC4001E,SC4001E0-PSG.edf,SC4001EC-Hypnogram.edf,Fpz-Cz,100.0,389,40500.0,5,REM,-1.200092141250961e-07,1.150729892293514e-05,1.3241792850178424e-10,-3.974252278931611e-05,6.278133934292187e-05,0.00010252386213223798,1.1506006753159783e-05,0.09446595486222724,1.2723184378960903,5.73372671302641e-11,2.999401091910878e-11,3.712370365434655e-12,2.020071673326834e-12,9.306372008813436e-11,0.6095577240251727,0.31886906972215706,0.03946654844137884,0.021475566471686414,1.8499466648543337,12.16739404670615
SC4001E,SC4001E0-PSG.edf,SC4001EC-Hypnogram.edf,Fpz-Cz,100.0,390,40530.0,5,REM,1.5151829837423495e-07,1.1861089410952396e-05,1.4068544201460705e-10,-3.7844146478831e-05,5.082268784433267e-05,8.866683432316367e-05,1.1860080297452083e-05,0.2737884361288924,0.6168656036816564,8.449139977153382e-11,3.228719345619023e-11,3.945559942756003e-12,2.0490176189054632e-12,1.227731707893855e-10,0.6826309710955518,0.26085777111689784,0.03187734399621897,0.01655461846729374,2.538255436966598,17.084293942345678
SC4001E,SC4001E0-PSG.edf,SC4001EC-Hypnogram.edf,Fpz-Cz,100.0,391,40560.0,5,REM,-7.651836907283591e-08,9.19744053765584e-06,8.459291244371495e-11,-3.318524501054011e-05,3.109471688039921e-05,6.427996189093932e-05,9.196225849066521e-06,-0.04329962263361122,0.011355839256085964,4.5013610591843506e-11,1.3435027173111927e-11,5.409410124951336e-12,2.0132964264079477e-12,6.587134431631471e-11,0.6731375158082693,0.20090858514166526,0.08089279765879619,0.030107012906524757,3.1183599484793625,7.023050439011387
SC4001E,SC4001E0-PSG.edf,SC4001EC-Hypnogram.edf,Fpz-Cz,100.0,392,40590.0,5,REM,6.985891273737066e-08,8.645801101345699e-06,7.47498766840305e-11,-3.053864406708193e-05,2.931218625388028e-05,5.985083032096221e-05,8.644642290237232e-06,0.06595927521096936,0.13198801637427904,3.360552792402601e-11,2.0572103428196954e-11,3.709495949218942e-12,2.5152584152391616e-12,6.040238571668106e-11,0.5473000361758984,0.3350375264426928,0.06041289611017819,0.04096352911831318,1.5578234193008798,7.1356952604661235
SC4001E,SC4001E0-PSG.edf,SC4001EC-Hypnogram.edf,Fpz-Cz,100.0,393,40620.0,5,REM,-6.286802760879159e-08,1.0415510224572806e-05,1.0848285323818066e-10,-2.8545635001751036e-05,5.591663989457368e-05,8.446227489632472e-05,1.0413963927150732e-05,0.503644430196611,1.1972204227858008,7.048921919481854e-11,2.4508660698058543e-11,4.358783078612224e-12,2.364397067459754e-12,1.0172106003894907e-10,0.6862197408018464,0.23859431248826207,0.04243319799230547,0.023017646688646306,2.763344576541545,13.153960173561138
SC4001E,SC4001E0-PSG.edf,SC4001EC-Hypnogram.edf,Fpz-Cz,100.0,394,40650.0,5,REM,1.8566900186776103e-07,8.58012498085105e-06,7.361854468702423e-11,-2.631691557488404e-05,2.777769664081801e-05,5.409461221570205e-05,8.580703826049651e-06,0.11942794266598053,0.10204767711075924,3.757364377217866e-11,1.873990671380013e-11,5.8759195156583626e-12,2.045763057279288e-12,6.423523305891645e-11,0.5759716338906072,0.2872666477158961,0.09007279103841928,0.03135978766921367,1.9034357313305335,5.464526407939059
SC4001E,SC4001E0-PSG.edf,SC4001EC-Hypnogram.edf,Fpz-Cz,100.0,395,40680.0,5,REM,-1.656146542882569e-07,8.277917783272443e-06,6.852392282661816e-11,-2.9968109008884793e-05,2.619358251326516e-05,5.6161691522149954e-05,8.278194835392816e-06,0.21093930316172696,0.21433404146047996,3.454421241590083e-11,1.4968417421108384e-11,5.944096512360634e-12,2.2333891976909265e-12,5.7690115547060776e-11,0.5885865463700014,0.25504153947534713,0.10127934588226103,0.03805392401894454,2.1632834052945915,4.974615827186651
SC4001E,SC4001E0-PSG.edf,SC4001EC-Hypnogram.edf,Fpz-Cz,100.0,396,40710.0,5,REM,1.5738291071928643e-08,8.648241847263784e-06,7.47920870487645e-11,-4.0093404852677096e-05,2.5798393066716975e-05,6.589179791939407e-05,8.646814676335295e-06,-0.4494137269964592,0.8947489063437275,4.0737764362074346e-11,1.684460130164549e-11,4.8943121945590935e-12,2.7214138472380068e-12,6.519809170551694e-11,0.6153918234274307,0.2544575057628385,0.07393433962313452,0.0411101555516774,2.2829181595846486,6.911368624091282
SC4001E,SC4001E0-PSG.edf,SC4001EC-Hypnogram.edf,Fpz-Cz,100.0,397,40740.0,5,REM,5.8907440686923425e-08,9.140982104616364e-06,8.355755383691662e-11,-2.9263620934390474e-05,2.996964502671099e-05,5.923326596110146e-05,9.139648319576594e-06,-0.08638752873200121,0.17958309227787117,4.6076965626815144e-11,1.8048567761846167e-11,6.353273153374533e-12,2.273811282145442e-12,7.275261782418128e-11,0.6247502391936505,0.24471765605489573,0.08614301893012243,0.030830245070974652,2.4189202150466254,6.266184414170674
SC4001E,SC4001E0-PSG.edf,SC4001EC-Hypnogram.edf,Fpz-Cz,100.0,398,40770.0,5,REM,-1.0244737293197908e-07,1.2446931533084223e-05,1.549261045892864e-10,-7.02256095497749e-05,4.6465507536451854e-05,0.00011669111708622675,1.2445278543232528e-05,-0.4019122675439478,2.7491298714634427,8.582844361210746e-11,1.2408687009769726e-11,4.7212007123178326e-12,1.8600507832819605e-12,1.04818382117477e-10,0.8110920040038301,0.11726400235446714,0.04461607348217128,0.017577766226070036,6.400958091539601,15.001823555554958
SC4001E,SC4001E0-PSG.edf,SC4001EC-Hypnogram.edf,Fpz-Cz,100.0,399,40800.0,5,REM,1.2353808850991503e-07,9.161613137655788e-06,8.393515528406713e-11,-3.167965309025704e-05,2.9708659313778727e-05,6.138831240403576e-05,9.160919089168135e-06,-0.02771533661357006,0.08003684293372704,4.5465240142874976e-11,1.4013427926220254e-11,4.75377106639494e-12,2.75366448618622e-12,6.69861036216764e-11,0.6687431360366861,0.20612194521693802,0.06992268733105139,0.04050334317597594,3.0283050857074447,7.901815977423221
SC4001E,SC4001E0-PSG.edf,SC4001EC-Hypnogram.edf,Fpz-Cz,100.0,400,40830.0,5,REM,6.0376200646211276e-09,8.735449325097037e-06,7.63080749113383e-11,-3.469108006066953e-05,3.0163852864928527e-05,6.485493292559806e-05,8.733995382367905e-06,0.03338104432689568,0.43098648729624944,4.235994156035429e-11,1.4303885332074047e-11,5.128375223200218e-12,2.257738022449224e-12,6.404994013807776e-11,0.6511910921122953,0.21989083005629234,0.0788375087250582,0.034707764798197406,2.7679207365449785,6.912099866207941
SC4001E,SC4001E0-PSG.edf,SC4001EC-Hypnogram.edf,Fpz-Cz,100.0,401,40860.0,5,REM,2.3722755523315207e-08,9.280527364933455e-06,8.612818817127871e-11,-3.214409826894261e-05,3.1987256751722256e-05,6.413135502066487e-05,9.279010806349524e-06,0.030790573873923054,0.3404811939002719,4.9181138525051514e-11,1.2620022154505728e-11,5.317888380007003e-12,2.4674797660236603e-12,6.95865288255879e-11,0.6967496396737837,0.17878796938277716,0.07533857335791312,0.03495680843182629,3.6109440915102757,7.784426625941276
SC4001E,SC4001E0-PSG.edf,SC4001EC-Hypnogram.edf,Fpz-Cz,100.0,402,40890.0,5,REM,-2.538839911434238e-08,8.066928244028553e-06,6.507533129430558e-11,-2.62259444805453e-05,2.896619148436084e-05,5.519213596490614e-05,8.065623601930422e-06,0.12881156677748562,0.17981880789749427,3.369620827401047e-11,1.4069847832996182e-11,5.289080811784921e-12,2.2491777130552024e-12,5.530431463184678e-11,0.598465827962521,0.2498893366342126,0.09393739798394272,0.039946809187923676,2.2360018924830114,5.35789080828285
SC4001E,SC4001E0-PSG.edf,SC4001EC-Hypnogram.edf,Fpz-Cz,100.0,403,40920.0,5,REM,-1.5910806566627699e-07,1.0418698633150108e-05,1.0854928120840394e-10,-4.236294867506759e-05,3.8418135474017174e-05,8.078108414908477e-05,1.041817707140879e-05,0.009314854645248711,0.553804459868342,5.463627484280247e-11,1.2184319744014115e-11,5.656118311698559e-12,1.998299038325061e-12,7.447501193684021e-11,0.7238988565980455,0.16143514828736066,0.07494027714009202,0.026476299732119266,4.144034421465558,8.208429039906889
SC4001E,SC4001E0-PSG.edf,SC4001EC-Hypnogram.edf,Fpz-Cz,100.0,404,40950.0,5,REM,1.7711394005831083e-07,8.926566289343482e-06,7.968358571804347e-11,-3.555002326892456e-05,3.8439121113456153e-05,7.398914438238071e-05,8.926835602304273e-06,0.1382262293667982,1.324690606852731,4.915954013219719e-11,1.1837950980516545e-11,4.5400312377130276e-12,2.2810302775273875e-12,6.781855262795415e-11,0.7143355716584564,0.1720168548809026,0.06597103636075112,0.033145571803276076,3.829235693982936,8.873513166776053
SC4001E,SC4001E0-PSG.edf,SC4001EC-Hypnogram.edf,Fpz-Cz,100.0,405,40980.0,5,REM,-1.610720341942209e-08,9.315971956339297e-06,8.678733349130024e-11,-5.740169678379974e-05,3.111583650524416e-05,8.85175332890439e-05,9.31443309182789e-06,-0.7122546039424318,4.368523517870015,4.979537103936417e-11,7.87259988948979e-12,3.793553846197958e-12,2.0964221194566694e-12,6.355794689450859e-11,0.7713282939547734,0.12194625554548805,0.058761996449435486,0.03247349428386166,5.612263785088544,10.387986165808845
SC4001E,SC4001E0-PSG.edf,SC4001EC-Hypnogram.edf,Fpz-Cz,100.0,406,41010.0,5,REM,-7.92733545184069e-08,9.506167074879807e-06,9.036721245552889e-11,-2.9193583636614213e-05,4.242090412133916e-05,7.161448775795337e-05,9.50491316720535e-06,0.08674105184900542,0.3204107694531717,4.768939958025039e-11,2.0236326705174133e-11,5.751043677842305e-12,2.817657939696093e-12,7.649442790296291e-11,0.615391336780577,0.2611326678934089,0.07421235091952232,0.036359490816866374,2.2456520019835207,7.064004005302534
SC4001E,SC4001E0-PSG.edf,SC4001EC-Hypnogram.edf,Fpz-Cz,100.0,407,41040.0,5,REM,1.5462128208436548e-08,8.059610014966797e-06,6.49573135933531e-11,-2.6324064732655963e-05,3.406132977546652e-05,6.0385394508122485e-05,8.058281468954616e-06,0.042422515215821056,0.3009815558626201,3.748087657808391e-11,1.5111578842452098e-11,3.845742329523084e-12,2.372331676605327e-12,5.881052942666442e-11,0.6266601706651068,0.252657500064113,0.06429875084517468,0.03966411431810043,2.32633169874862,7.734805944948536
SC4001E,SC4001E0-PSG.edf,SC4001EC-Hypnogram.edf,Fpz-Cz,100.0,408,41070.0,5,REM,5.5976382263013286e-08,8.275899745321108e-06,6.849051659460598e-11,-2.774501526600069e-05,3.0044433814067757e-05,5.7789449080068446e-05,8.274709649152593e-06,0.20548204132270917,0.06599998809707142,3.7297497268504396e-11,1.4472867218449353e-11,5.412769216280667e-12,2.3974053649102162e-12,5.958053906814465e-11,0.6156679660204066,0.23890291240507777,0.08934831712527447,0.03957385328336993,2.41050974857666,5.816129664204027
SC4001E,SC4001E0-PSG.edf,SC4001EC-Hypnogram.edf,Fpz-Cz,100.0,409,41100.0,5,REM,-2.0868508669065973e-08,7.682005755631833e-06,5.901321242956061e-11,-2.7783667983100346e-05,2.9122634178500495e-05,5.690630216160084e-05,7.680753664413722e-06,-0.0617307844763365,0.3917134806780491,3.463157258913847e-11,1.2832330797790627e-11,4.3021231593825215e-12,1.9636441773747765e-12,5.3729670723686387e-11,0.6327750949568625,0.23446753156212463,0.07860677951275542,0.0358789693307059,2.503668622114648,6.531642428534538
SC4001E,SC4001E0-PSG.edf,SC4001EC-Hypnogram.edf,Fpz-Cz,100.0,410,41130.0,5,REM,1.094686615578375e-07,8.660656592231352e-06,7.500697260856037e-11,-2.7595410032563142e-05,2.3623498839551064e-05,5.12189088721142e-05,8.659904945911404e-06,-0.12746578464509195,-0.08427853249027084,4.1772599449721287e-11,1.286968783671245e-11,4.626308389332642e-12,2.0450022160726495e-12,6.131359789183903e-11,0.6703608981498417,0.20653097031968917,0.07424235713949254,0.03281791270698679,3.011790888267223,7.424512941544624
SC4001E,SC4001E0-PSG.edf,SC4001EC-Hypnogram.edf,Fpz-Cz,100.0,411,41160.0,5,REM,-1.0273085775869804e-07,8.804081340582316e-06,7.751184825158973e-11,-3.225159723136711e-05,3.115415794197301e-05,6.340575517334011e-05,8.803213310943626e-06,-0.11339672241012828,0.5558938359058931,5.149711579406662e-11,1.3527493759543294e-11,3.590162918442375e-12,2.2263748176970072e-12,7.08411472897493e-11,0.7168192287682816,0.18829729576817983,0.04997363006972245,0.030990245864498868,3.54480384892525,11.219016995488614
SC4001E,SC4001E0-PSG.edf,SC4001EC-Hypnogram.edf,Fpz-Cz,100.0,412,41190.0,5,REM,-7.324350910357577e-08,9.92862832516279e-06,9.857766041922488e-11,-4.508365583936089e-05,4.035491654467493e-05,8.543857238403582e-05,9.927243615964651e-06,0.0006123211869338369,1.0509061069247885,5.0181889104897714e-11,1.2070264616536253e-11,5.478840696410201e-12,2.363145097300696e-12,7.009413951514486e-11,0.7058512761689407,0.1697786160554764,0.07706458976471708,0.033239661010276186,3.839393507106852,7.745504397523236
SC4001E,SC4001E0-PSG.edf,SC4001EC-Hypnogram.edf,Fpz-Cz,100.0,413,41220.0,5,REM,3.3177095310481105e-08,8.477536008251461e-06,7.186861677120011e-11,-2.695905148272192e-05,3.21294335325356e-05,5.908848501525752e-05,8.476187898180583e-06,0.0031686219957449227,0.07666475541060835,4.213795986494669e-11,1.0710256381672618e-11,2.855095288887989e-12,2.009760923567298e-12,5.771307245907459e-11,0.7176929787538979,0.18241689513247847,0.04862793189503252,0.03423021210426662,3.5983806409990806,10.930458706534719
SC4001E,SC4001E0-PSG.edf,SC4001EC-Hypnogram.edf,Fpz-Cz,100.0,414,41250.0,5,REM,-4.4265521998517475e-08,9.271381030823434e-06,8.595850621871261e-11,-4.779219815351463e-05,3.2527330794474964e-05,8.03195289479896e-05,9.269941360102779e-06,-0.11712661399687307,0.9250534577730489,5.0252278546780697e-11,1.174218471515531e-11,2.7942849468273178e-12,2.4263764578906293e-12,6.721512466665394e-11,0.7366735572550505,0.17213462223422896,0.040962835741811185,0.03556947919904237,3.943772568844619,13.2442025970665
SC4001E,SC4001E0-PSG.edf,SC4001EC-Hypnogram.edf,Fpz-Cz,100.0,415,41280.0,5,REM,7.644926344776271e-08,7.622933932350231e-06,5.8109121736976564e-11,-2.5329209097665202e-05,2.709527196496827e-05,5.242448106263347e-05,7.622046740844129e-06,0.05548257917029361,0.019481720469761044,3.0336832158130646e-11,1.0483710104330182e-11,4.047680445126046e-12,2.1232776279984995e-12,4.6991500335585375e-11,0.6321292717668192,0.2184493093781563,0.08434161084405019,0.044242784933816774,2.641727445443915,6.010054021431443
SC4001E,SC4001E0-PSG.edf,SC4001EC-Hypnogram.edf,Fpz-Cz,100.0,416,41310.0,5,REM,-4.881918022744794e-08,8.719209581224536e-06,7.602461572131775e-11,-2.623929389230693e-05,3.022876284922069e-05,5.646805674152762e-05,8.717892950426844e-06,0.058850799459626436,0.004748908349444303,3.1954393748592606e-11,2.990422885247813e-11,6.2863462944033195e-12,3.9115287655164e-12,7.205649766099045e-11,0.43739290510302015,0.40933017335767957,0.08604773696618095,0.053541148162718676,1.033981268425349,4.385516753868388
SC4001E,SC4001E0-PSG.edf,SC4001EC-Hypnogram.edf,Fpz-Cz,100.0,417,41340.0,5,REM,2.0019156770137217e-08,1.1797757142522353e-05,1.3918707359393718e-10,-5.427273218944462e-05,7.917749228744248e-05,0.0001334502244768871,1.1795807673465052e-05,0.348093970921891,4.952842270192809,8.634329637715498e-11,3.0248599839976965e-11,6.484840940805398e-12,2.6625931740781974e-12,1.2573933033201555e-10,0.6812667871209657,0.23866782127328223,0.051166760340434485,0.021008420725461267,2.763109285514106,11.53575567737637
SC4001E,SC4001E0-PSG.edf,SC4001EC-Hypnogram.edf,Fpz-Cz,100.0,418,41370.0,3,N2,2.2786385941109376e-08,2.9985044877263355e-05,8.991029162914973e-10,-0.00011855615367930102,0.000126020865094039,0.00024457701877334003,2.9980055612669974e-05,0.3133443400669728,4.090547930043742,4.440385485364858e-10,1.7811006571493838e-11,7.749854986646191e-12,1.3902018825537562e-11,4.835014289201635e-10,0.9164855293123497,0.0367615150510294,0.015995525552770284,0.02869345268294007,23.605251895950158,50.74810373590948
SC4001E,SC4001E0-PSG.edf,SC4001EC-Hypnogram.edf,Fpz-Cz,100.0,419,41400.0,2,N1,1.0574685845942015e-07,1.507911736460445e-05,2.2737978049551549e-10,-7.358878083341784e-05,0.00011917452386739745,0.0001927633047008153,1.5076974817032242e-05,1.0063545246639987,12.765143501556274,5.3639171839638497e-11,1.959670306501151e-11,1.0252493636545922e-11,5.077753638112456e-12,8.856612217930839e-11,0.5988779075670448,0.21879593074019174,0.11446843278556565,0.056692793151711565,2.6042600930028277,4.766869777684552
SC4001E,SC4001E0-PSG.edf,SC4001EC-Hypnogram.edf,Fpz-Cz,100.0,420,41430.0,2,N1,-1.0444209694960675e-07,9.15036313670113e-06,8.372914553349895e-11,-5.079547753167431e-05,5.3383370747319984e-05,0.0001041788482789943,9.149434079216941e-06,-0.05758409676298556,3.077917209962978,5.620646840574968e-11,1.3663512620447207e-11,3.805124591890239e-12,3.2021310599257134e-12,7.687723667801284e-11,0.7217316741493798,0.17544937652243175,0.04886054968312126,0.04111767695565622,3.833083508747681,11.697192722247229
SC4001E,SC4001E0-PSG.edf,SC4001EC-Hypnogram.edf,Fpz-Cz,100.0,421,41460.0,1,Acordado,6.028577041299769e-08,1.530886543219851e-05,2.343613608211625e-10,-8.784407150568059e-05,7.390234947780596e-05,0.00016174642098348656,1.5306432462911458e-05,-0.12765718895567346,4.8290762120118345,8.443219225742874e-11,1.100995383562402e-11,9.655063196889288e-12,1.3243660334678643e-11,1.183408696246207e-10,0.7074876571873907,0.0922563566886612,0.080903241506943,0.11097338553285019,7.030184579643038,7.924138101975637
SC4001E,SC4001E0-PSG.edf,SC4001EC-Hypnogram.edf,Fpz-Cz,100.0,422,41490.0,2,N1,-5.769242856681589e-08,8.418467927698741e-06,7.087060224969235e-11,-3.5306672695142866e-05,3.620290652858689e-05,7.150957922372975e-05,8.417262448796701e-06,0.09266461900964476,0.7248165359981971,3.0609280640771425e-11,2.5078314070252273e-11,8.984603615345936e-12,3.179521641100866e-12,6.785171996747049e-11,0.4445681335953991,0.36423656637917995,0.13049207223277473,0.04617926237141287,1.1737446124129496,3.0656480537420823
SC4001E,SC4001E0-PSG.edf,SC4001EC-Hypnogram.edf,Fpz-Cz,100.0,423,41520.0,2,N1,1.252739872072651e-08,8.268295716323639e-06,6.836471405257584e-11,-2.8358581568004517e-05,2.738724444682585e-05,5.574582601483036e-05,8.266927043967245e-06,0.00899488011947251,-0.02940142445629501,2.4021260310341475e-11,2.4809587600111563e-11,8.654352365568517e-12,2.5971326543357142e-12,6.008233293035727e-11,0.3932603611870752,0.40616633992022044,0.1416833960064318,0.04251855699907243,0.9307107375182408,2.4881275719758684
SC4001E,SC4001E0-PSG.edf,SC4001EC-Hypnogram.edf,Fpz-Cz,100.0,424,41550.0,2,N1,-4.4159234191427726e-08,7.486668751878035e-06,5.6050209000347016e-11,-2.530767377043595e-05,2.4014756149845162e-05,4.932242992028111e-05,7.485551124353589e-06,-0.020589361537645994,0.16100523935924604,3.251198845176384e-11,1.3346875658302194e-11,3.4960796340288218e-12,2.6636451393347293e-12,5.2018588883429583e-11,0.6132186679514801,0.25173954907867463,0.06594063907878706,0.050239834658579986,2.2661371873638516,7.231186077242738
SC4001E,SC4001E0-PSG.edf,SC4001EC-Hypnogram.edf,Fpz-Cz,100.0,425,41580.0,2,N1,3.424514406411574e-08,1.2622153484814058e-05,1.5931875859420366e-10,-6.568464888648834e-05,5.4515036813363775e-05,0.00012019968569985212,1.2620096080110916e-05,-0.26241281000931094,4.897353703902589,1.133495382657705e-10,1.4979878563810128e-11,3.990693739755208e-12,2.6724880948292586e-12,1.349925986641651e-10,0.8334978475239536,0.1101521605657604,0.029344933319571755,0.019651717233737043,7.093266561015984,22.712180746104103
SC4001E,SC4001E0-PSG.edf,SC4001EC-Hypnogram.edf,Fpz-Cz,100.0,426,41610.0,3,N2,-4.1584654996018354e-08,1.3076837880924803e-05,1.710036889639899e-10,-4.847620430202361e-05,6.355040179501683e-05,0.00011202660609704044,1.307472435724235e-05,0.3362375344178294,2.182602313137859,1.199462896793956e-10,3.71224545768214e-11,6.807653943437504e-12,3.826964984369134e-12,1.6770336318402366e-10,0.710989321229813,0.22004572923853205,0.04035280515428512,0.022684580272383986,3.1463422544760116,15.36265446039818
SC4001E,SC4001E0-PSG.edf,SC4001EC-Hypnogram.edf,Fpz-Cz,100.0,427,41640.0,3,N2,1.0127642010068241e-07,1.4023367764788427e-05,1.9665484346650717e-10,-6.67841082380769e-05,7.42457848842586e-05,0.0001410298931223355,1.4021396106140313e-05,0.15214459056737645,3.8084261061368423,1.4896903189793275e-10,1.8957940139246587e-11,3.6077121403233853e-12,2.5672098725535675e-12,1.7410189405005626e-10,0.8507562565562373,0.10826804725382978,0.020603501520617767,0.014661234171571445,7.464148647534541,32.33036859969243
SC4001E,SC4001E0-PSG.edf,SC4001EC-Hypnogram.edf,Fpz-Cz,100.0,428,41670.0,3,N2,1.9562362512915613e-08,1.1022393089994412e-05,1.2149314943035655e-10,-5.9669023638908973e-05,4.2093874651744035e-05,0.00010176289829065301,1.1020573233725498e-05,-0.42348582619816694,1.7545003462250532,9.053412384878982e-11,1.6352903821483796e-11,4.081046504065694e-12,2.906803114562124e-12,1.1387487728890142e-10,0.7881107339170732,0.14235404822550984,0.03552601404571844,0.025304080258138073,5.217231927298754,17.81800732907035
SC4001E,SC4001E0-PSG.edf,SC4001EC-Hypnogram.edf,Fpz-Cz,100.0,429,41700.0,3,N2,-9.475348904785024e-08,1.1788035430604258e-05,1.389577793131813e-10,-4.8000033016410496e-05,4.8356200502217255e-05,9.635623351862774e-05,1.1786451470951595e-05,-0.01773728523342582,0.6598755572198729,1.0588899256331711e-10,1.892424212551285e-11,4.203460917428049e-12,3.8959306121367444e-12,1.3291262621839477e-10,0.7907319537638325,0.1413178328281739,0.03138957868373614,0.029093078988556075,5.314580695028145,20.34972381721195
SC4001E,SC4001E0-PSG.edf,SC4001EC-Hypnogram.edf,Fpz-Cz,100.0,430,41730.0,3,N2,3.315109928943144e-08,1.3207130362320376e-05,1.7442829240732473e-10,-4.85447059550022e-05,6.97268717460543e-05,0.00011827157770105651,1.3204970603472507e-05,0.24262112368509395,2.030512784961358,1.1883575262020377e-10,1.8010026627498004e-11,7.070250825388427e-12,3.392548280504441e-12,1.4730857835359464e-10,0.8012736278604041,0.12143617602859642,0.04767256826190905,0.022874929543293097,6.251214422199064,14.725162227468205
SC4001E,SC4001E0-PSG.edf,SC4001EC-Hypnogram.edf,Fpz-Cz,100.0,431,41760.0,3,N2,-1.915696083748319e-08,1.4229288630730494e-05,2.024726549366361e-10,-5.253852216598434e-05,8.875908417741335e-05,0.0001412976063433977,1.4226929782662377e-05,0.4117360400184396,3.215603960117557,1.2689162644220495e-10,2.98881562092319e-11,5.4486557128297925e-12,4.094460096631168e-12,1.663228984608978e-10,0.7583637840929384,0.17862561839506116,0.032563718193676316,0.02447041100945317,4.108099738380608,19.6772214385318
SC4001E,SC4001E0-PSG.edf,SC4001EC-Hypnogram.edf,Fpz-Cz,100.0,432,41790.0,3,N2,-5.003447417655721e-08,9.509800656415538e-06,9.04363085247614e-11,-2.9627308730750653e-05,5.177477876438532e-05,8.140208749513598e-05,9.508347203231095e-06,0.40744376080781075,1.18569107281939,6.745800840407646e-11,1.0110405799997124e-11,3.6200091812635202e-12,1.7751486248298169e-12,8.296357201016691e-11,0.8034199449721857,0.1204141934167937,0.04311404451474722,0.021141890254679364,6.071606169784898,14.601271503453473
SC4001E,SC4001E0-PSG.edf,SC4001EC-Hypnogram.edf,Fpz-Cz,100.0,433,41820.0,3,N2,4.954057657729804e-08,1.0488853439768744e-05,1.1001604648094862e-10,-4.158145114633464e-05,4.418586320438159e-05,8.576731435071623e-05,1.0487222164814789e-05,-0.22609723683975344,0.3908637442892946,7.015122701038458e-11,1.4006403288346953e-11,6.280062803546167e-12,2.872576524293421e-12,9.331026962657112e-11,0.7438344444157974,0.14851408381935924,0.06658938446907814,0.030458788164508616,4.674752881315651,9.63607442729937
SC4001E,SC4001E0-PSG.edf,SC4001EC-Hypnogram.edf,Fpz-Cz,100.0,434,41850.0,3,N2,1.0279434333641372e-07,1.1845931665784272e-05,1.4032609703043054e-10,-4.818213863419131e-05,3.6372064478180584e-05,8.45542031123719e-05,1.1844403249711474e-05,-0.20901823687868973,0.6602565390284498,1.1259391900934997e-10,1.3288070204118013e-11,5.347848236187722e-12,3.1492139349834293e-12,1.3437905138463912e-10,0.8316938097715576,0.0981545524821557,0.03950277521884393,0.023262195315846015,7.880274760751028,17.73733630988154
SC4001E,SC4001E0-PSG.edf,SC4001EC-Hypnogram.edf,Fpz-Cz,100.0,435,41880.0,3,N2,-1.0930696514860078e-07,1.1926398534119001e-05,1.4223898199463587e-10,-4.49567526653822e-05,4.86103030089754e-05,9.356705567435759e-05,1.1924911614484514e-05,0.10871875308965852,0.7310069488687438,1.1088765187017004e-10,1.630241578330984e-11,5.5420829892861675e-12,3.173569176430488e-12,1.3590571981919653e-10,0.8099563116618719,0.11907768210736192,0.04048101859151887,0.02318069092088802,6.408795931093846,16.949899909825117
SC4001E,SC4001E0-PSG.edf,SC4001EC-Hypnogram.edf,Fpz-Cz,100.0,436,41910.0,3,N2,1.4616713698916593e-07,1.7909041661579583e-05,3.2073377323619317e-10,-0.00011301534652640059,8.043204043401943e-05,0.00019344738696042003,1.7906653143744738e-05,-0.56152535834406,6.514515284653793,1.9823861184880005e-10,2.6546182372860574e-11,8.16910100614274e-12,2.9870934155417264e-12,2.3594098864334493e-10,0.8366581611052465,0.11203710478653896,0.034477365241517025,0.012606908718685412,7.196591134316725,21.620288806502646
SC4001E,SC4001E0-PSG.edf,SC4001EC-Hypnogram.edf,Fpz-Cz,100.0,437,41940.0,3,N2,-9.606118497962835e-08,1.3930353329195387e-05,1.94054743876225e-10,-5.082478146585087e-05,6.753853736115751e-05,0.00011836331882700838,1.3928362671644477e-05,0.20698359733982638,1.219592275238826,1.4708716181766022e-10,1.7260047487618097e-11,4.7826439009285496e-12,3.040341118805498e-12,1.7217019432501238e-10,0.8493792040309285,0.09967100605791195,0.027618170202848548,0.0175569539010811,8.055135777571122,25.435970870355973
SC4001E,SC4001E0-PSG.edf,SC4001EC-Hypnogram.edf,Fpz-Cz,100.0,438,41970.0,3,N2,5.7401114524207064e-09,1.2052901249327859e-05,1.4527242852604904e-10,-4.768795601617438e-05,4.0755812290791744e-05,8.844376830696612e-05,1.2050893632095776e-05,0.0972573503355466,0.04789314781204723,1.0895877265733767e-10,1.475966678003865e-11,5.693958452135302e-12,3.073831947269973e-12,1.324862298367816e-10,0.8162547761710363,0.11057070679189773,0.042655774000790264,0.023027333613575406,6.913773887360736,16.277180899230256
SC4001E,SC4001E0-PSG.edf,SC4001EC-Hypnogram.edf,Fpz-Cz,100.0,439,42000.0,3,N2,1.4147800243544696e-08,1.1723746640000695e-05,1.3744623527892758e-10,-4.1414126773868225e-05,4.545118034761672e-05,8.686530712148494e-05,1.172180105732134e-05,0.07044787078960545,0.39505968617136444,9.801163835009961e-11,1.6889279260842007e-11,8.045474453215155e-12,2.667619582245354e-12,1.256140116464021e-10,0.7740978828142576,0.1333918658861319,0.06354331837841092,0.021068912891689093,5.478791902177865,10.83543365879078
SC4001E,SC4001E0-PSG.edf,SC4001EC-Hypnogram.edf,Fpz-Cz,100.0,440,42030.0,3,N2,-1.2808411074058536e-07,1.3165964239965153e-05,1.7334261436804118e-10,-4.8287758452138395e-05,5.945361886672889e-05,0.00010774137731886728,1.3164392847222746e-05,0.2313619804188273,1.0042599935423695,1.394776961353875e-10,1.9466488476054586e-11,4.3130187663082465e-12,2.560212106258123e-12,1.6581741548400847e-10,0.8361099213214833,0.11669338251988859,0.025854727180578477,0.015347391031265267,6.814930480066175,26.252061637701242
SC4001E,SC4001E0-PSG.edf,SC4001EC-Hypnogram.edf,Fpz-Cz,100.0,441,42060.0,3,N2,9.61604469248393e-08,1.5480294389571965e-05,2.3963951438781327e-10,-5.7936469820370036e-05,9.460923753077038e-05,0.0001525457073511404,1.5478012836964466e-05,0.9516820778581875,6.857943073883785,1.7520244782085444e-10,1.881183250466219e-11,5.321623231448002e-12,2.557451517272712e-12,2.018933550742373e-10,0.8635198908152958,0.09271783443957081,0.026228671853254417,0.012604905253486285,8.843323694545933,27.714788023000125
SC4001E,SC4001E0-PSG.edf,SC4001EC-Hypnogram.edf,Fpz-Cz,100.0,442,42090.0,3,N2,-9.722238584709005e-09,1.1374105763078396e-05,1.2937028190969319e-10,-4.6467126745277563e-05,3.856565485795586e-05,8.503278160323342e-05,1.137221407661292e-05,0.1729824028195648,0.5864933427909778,9.105039385673721e-11,1.8054667871578386e-11,8.81666058794599e-12,3.5417767410251966e-12,1.2146349905728675e-10,0.7434900566914643,0.14742897280056205,0.07199419137796868,0.028921080716209177,4.778377375579787,9.275088309413409
SC4001E,SC4001E0-PSG.edf,SC4001EC-Hypnogram.edf,Fpz-Cz,100.0,443,42120.0,3,N2,-6.327953149950784e-08,1.2798007541106288e-05,1.6378899702221339e-10,-5.336489779457664e-05,6.424204512112996e-05,0.0001176069429157066,1.2796030829479097e-05,0.14636063584622844,1.5099216050291426,1.2602548323680766e-10,1.4536275464072527e-11,5.336696473012482e-12,3.752336994636737e-12,1.4965079216852938e-10,0.8365404617044829,0.09648987074565894,0.035424284175302904,0.024907515855868114,8.111692118760397,19.888199438546696
SC4001E,SC4001E0-PSG.edf,SC4001EC-Hypnogram.edf,Fpz-Cz,100.0,444,42150.0,3,N2,9.107219536241626e-08,1.55765626664419e-05,2.426293045015916e-10,-5.564422923879488e-05,5.838272529681491e-05,0.0001140269545356098,1.5574232636362086e-05,0.052848723716960685,1.1463053192436323,1.746921698971568e-10,1.8543823136341668e-11,4.654719405035256e-12,2.5679316578886992e-12,2.0045864409642244e-10,0.8671366308488871,0.09204779084816135,0.02310508653481956,0.012746693840844238,8.938484997457707,30.8931632826205
SC4001E,SC4001E0-PSG.edf,SC4001EC-Hypnogram.edf,Fpz-Cz,100.0,445,42180.0,3,N2,4.811998783390575e-08,1.7088913558516074e-05,2.9203096661043455e-10,-6.035338216819766e-05,7.406138031621943e-05,0.0001344147624844171,1.708613292960484e-05,0.516594633278672,2.2686625796641238,2.415315592650148e-10,2.2219741040110438e-11,4.658203629179144e-12,2.5467070839548837e-12,2.7095621101825916e-10,0.8881266523043239,0.0817033777493635,0.017128506136108772,0.009364401255700308,10.401991945034457,42.68696835501741
SC4001E,SC4001E0-PSG.edf,SC4001EC-Hypnogram.edf,Fpz-Cz,100.0,446,42210.0,3,N2,-1.5613961264426336e-08,1.683483839330429e-05,2.834117837286722e-10,-6.551786064853084e-05,9.310843860140085e-05,0.00015862629924993167,1.6832039595066376e-05,0.7812575668475118,3.460872572538311,2.2649286463982783e-10,3.123652840465988e-11,7.733329915390809e-12,3.208324044936755e-12,2.686710470048152e-10,0.839885731729234,0.11583196917725518,0.02867690099209176,0.011897176506603128,7.025969477752065,25.934307627687108
SC4001E,SC4001E0-PSG.edf,SC4001EC-Hypnogram.edf,Fpz-Cz,100.0,447,42240.0,3,N2,4.605012117535961e-08,2.0433821073183306e-05,4.175410436508701e-10,-8.148011185578852e-05,9.184472334342465e-05,0.00017332483519921316,2.043046705086907e-05,0.3679555567708182,3.1942934992631944,3.3386048417992436e-10,2.8661922131242343e-11,1.0810583618887493e-11,6.98818934397034e-12,3.8032117927402454e-10,0.875536168265141,0.07516477890320734,0.02835033616404193,0.01832625546075031,11.255524261129233,28.26790740857331
SC4001E,SC4001E0-PSG.edf,SC4001EC-Hypnogram.edf,Fpz-Cz,100.0,448,42270.0,3,N2,-1.0529940981249307e-07,1.996765522484829e-05,3.9870725517841126e-10,-7.868096304970171e-05,8.3910784477088e-05,0.00016259174752678972,1.9964604697457083e-05,0.22118695229191684,1.5479648511470998,3.189255531709721e-10,2.8688599570116665e-11,6.45332168571862e-12,3.5882950844750005e-12,3.576557695112823e-10,0.8892246557348065,0.07998923204054076,0.017993079253993755,0.010004844169562767,10.742357598166723,42.78972069353565
SC4001E,SC4001E0-PSG.edf,SC4001EC-Hypnogram.edf,Fpz-Cz,100.0,449,42300.0,3,N2,-8.141932761226226e-08,1.828625099183201e-05,3.343869753362772e-10,-8.681929414237472e-05,7.581155264406743e-05,0.00016263084678644216,1.8283384317955848e-05,-0.014042491077815451,2.3497016820244214,2.535626324441964e-10,1.930006088881674e-11,5.3042097873105994e-12,2.4876892061419706e-12,2.806545923264657e-10,0.9002609556257193,0.06852386367784144,0.018832321331947226,0.008832411307742823,12.490732605826,40.22116030379872
SC4001E,SC4001E0-PSG.edf,SC4001EC-Hypnogram.edf,Fpz-Cz,100.0,450,42330.0,3,N2,1.8395657538246704e-07,1.656768256303411e-05,2.744881055094645e-10,-5.5915714645094684e-05,8.250431552287265e-05,0.00013842003016796735,1.6565942457219906e-05,0.516706846522822,1.8566805446546049,2.218497899502094e-10,2.1260364694977178e-11,5.606137612187913e-12,4.322259701693756e-12,2.530385519590683e-10,0.8732918222032486,0.0836895208661193,0.0220680584460708,0.017014188076423045,9.966134562039207,33.5823749025316
SC4001E,SC4001E0-PSG.edf,SC4001EC-Hypnogram.edf,Fpz-Cz,100.0,451,42360.0,3,N2,-2.2941117711567807e-07,1.3198777039488266e-05,1.7420771533812266e-10,-5.304116157507753e-05,6.299094700107493e-05,0.00011603210857615247,1.319857096764124e-05,0.15069084461744767,2.2819347756352375,1.2879921966670158e-10,1.640361443451326e-11,9.19814904512886e-12,4.70150540252585e-12,1.5910248854886956e-10,0.8044798106144804,0.10245696105783036,0.05745163069293095,0.02936559853091082,7.40071668166118,12.629666334227823
SC4001E,SC4001E0-PSG.edf,SC4001EC-Hypnogram.edf,Fpz-Cz,100.0,452,42390.0,3,N2,3.8523143670083266e-07,1.3540041760619457e-05,1.8333273087931885e-10,-5.195732536013222e-05,5.754408946004212e-05,0.00010950141482017434,1.3543264865934223e-05,0.2572239828278588,0.8848227526382373,1.1175667323264705e-10,1.1584549444905021e-11,7.219414484561834e-12,3.552022147182879e-12,1.341126593092968e-10,0.8271369522586055,0.08573992625210593,0.05343255414753784,0.02628933636078964,8.880466775701123,13.59667083860471
SC4001E,SC4001E0-PSG.edf,SC4001EC-Hypnogram.edf,Fpz-Cz,100.0,453,42420.0,3,N2,3.3836693822445293e-08,1.5533468386250018e-05,2.4128864010662874e-10,-5.9749109095443176e-05,6.644049989493862e-05,0.0001261896089903818,1.553091611856092e-05,0.08464081403335841,1.7125738859946535,1.3347587623186884e-10,3.1997543641873986e-11,6.465158821677161e-12,3.366020128156127e-12,1.7530459882357613e-10,0.7570754088237653,0.18149012479188462,0.03667039240505969,0.01909207218992866,4.04502461396816,17.879844142670425
SC4001E,SC4001E0-PSG.edf,SC4001EC-Hypnogram.edf,Fpz-Cz,100.0,454,42450.0,3,N2,-4.468165280806914e-07,1.4748684628203716e-05,2.1752369826221257e-10,-7.210036136628221e-05,5.659359029882731e-05,0.00012869395166510952,1.4752994115519667e-05,-0.3002490235883273,2.5026858322386314,1.4179841807379017e-10,2.4397608818182962e-11,4.899029257226565e-12,2.959181870080506e-12,1.7405423801928017e-10,0.8100256222198559,0.13937171184336508,0.02798577922282004,0.01690437148830745,5.583140487315173,24.037585150146697
SC4001E,SC4001E0-PSG.edf,SC4001EC-Hypnogram.edf,Fpz-Cz,100.0,455,42480.0,2,N1,1.6573188419072807e-07,1.2657635464946945e-05,1.6021573556348266e-10,-3.857756092013183e-05,4.675678965193233e-05,8.533435057206416e-05,1.2656610817107884e-05,-0.19812320614477982,0.4282338041380931,1.029834449518333e-10,2.713023740434161e-11,6.173318348200711e-12,9.223975244796729e-12,1.4551097594917238e-10,0.7029060060835329,0.18517546025871565,0.04213553495365672,0.06295757150642907,3.6609518601481437,14.356458190324807
SC4001E,SC4001E0-PSG.edf,SC4001EC-Hypnogram.edf,Fpz-Cz,100.0,456,42510.0,3,N2,-1.7264876164230665e-08,1.2206912171481228e-05,1.4900870476225656e-10,-4.145575904248708e-05,9.831013849829982e-05,0.0001397658975407869,1.220488972788986e-05,1.2987217208326782,9.598489654447308,9.00346866721613e-11,1.567600794743275e-11,7.689659352227326e-12,6.0826714008377675e-12,1.1948302537265918e-10,0.747281091205007,0.13010968058733738,0.06382359115271947,0.050485712672169406,5.399055154925254,10.36112959354197
SC4001E,SC4001E0-PSG.edf,SC4001EC-Hypnogram.edf,Fpz-Cz,100.0,457,42540.0,2,N1,-2.9735380764028035e-07,1.1000285114469866e-05,1.210062725996273e-10,-4.7683394126689026e-05,3.851071825795456e-05,8.619411238464358e-05,1.1002470470869059e-05,-0.5945713758347968,1.622894885553082,5.05007990129771e-11,1.6410833377473682e-11,5.941895967077337e-12,2.704156950368189e-12,7.555768530789632e-11,0.6596437550309315,0.21435905894324414,0.07761331789461087,0.03532182222454519,2.9005388724422327,7.274784763770934
SC4001E,SC4001E0-PSG.edf,SC4001EC-Hypnogram.edf,Fpz-Cz,100.0,458,42570.0,3,N2,8.195001817207072e-08,1.1117946456578356e-05,1.2360873341134323e-10,-4.868791947096611e-05,4.239018030685656e-05,9.107809977782267e-05,1.1116395382752654e-05,-0.22103540662372662,0.730390277843691,7.790937428227083e-11,1.1840890660146365e-11,6.317663916483647e-12,2.9708626561375453e-12,9.903879151503838e-11,0.7787916377474339,0.11836299180369825,0.0631521414923724,0.029697106603801277,6.067287413642909,10.646754916794343
SC4001E,SC4001E0-PSG.edf,SC4001EC-Hypnogram.edf,Fpz-Cz,100.0,459,42600.0,3,N2,3.224642795023819e-07,1.2882061248235489e-05,1.6594750200329047e-10,-4.7124769651002074e-05,5.797621800501138e-05,0.00010510098765601346,1.2883950069013943e-05,-0.02465976302547883,0.6137865967470733,1.0940215924015901e-10,1.5627483777207933e-11,7.961048085294026e-12,5.870641200470346e-12,1.3886133230313131e-10,0.7822187693954181,0.11173555635332708,0.05692100850319005,0.0419747267082119,6.5795980141097266,12.208634324783825
SC4001E,SC4001E0-PSG.edf,SC4001EC-Hypnogram.edf,Fpz-Cz,100.0,460,42630.0,3,N2,-1.3044817849819772e-07,1.445103622220368e-05,2.088324478954428e-10,-5.0170771925415904e-05,7.305003446472507e-05,0.00012322080639014097,1.4449216373449157e-05,0.042642539360290804,1.2369236039101086,1.637058680126509e-10,2.0360957994639862e-11,9.044843917605738e-12,4.942309900717766e-12,1.9805397982561422e-10,0.8224194671016835,0.1022886254898171,0.045439151357484435,0.0248289931457165,7.663788677161851,16.297502415714128
SC4001E,SC4001E0-PSG.edf,SC4001EC-Hypnogram.edf,Fpz-Cz,100.0,461,42660.0,3,N2,1.1737452751706893e-07,1.4196829438535878e-05,2.0154996610687893e-10,-7.4801915167384e-05,0.0001032581420245586,0.0001780600571919426,1.4194948381891115e-05,0.22492197643924414,9.07147390843884,1.3976553038336132e-10,1.299998207044082e-11,5.843083931901392e-12,2.942763206426659e-12,1.6155135959213015e-10,0.8598238165097944,0.07997461296577311,0.03594607849828333,0.018103590236406314,9.983264955635796,20.424348404057444
SC4001E,SC4001E0-PSG.edf,SC4001EC-Hypnogram.edf,Fpz-Cz,100.0,462,42690.0,3,N2,2.667655222672073e-08,1.4578561774490585e-05,2.1253446341263808e-10,-6.011788606807558e-05,6.284558958058417e-05,0.00012296347564865975,1.4576156222747452e-05,0.11188870120968634,1.401514460787844,1.5583875321399258e-10,1.371979714845273e-11,7.033914277337754e-12,3.347665253005366e-12,1.7994012989278846e-10,0.861272473421628,0.07582506521125,0.038874263445624384,0.018501507957294723,10.587017717861253,19.397612151972552
SC4001E,SC4001E0-PSG.edf,SC4001EC-Hypnogram.edf,Fpz-Cz,100.0,463,42720.0,3,N2,-2.9656508365602487e-07,1.2744049369981727e-05,1.6241079434453168e-10,-4.392690345315473e-05,4.1448660193766484e-05,8.537556364692121e-05,1.2745375956084128e-05,0.000612728931334276,0.40501336680354516,1.2756760997259937e-10,1.5646292441297775e-11,6.919048983624366e-12,2.3441431265204645e-12,1.5247709452404202e-10,0.8311833786546959,0.10194545635503154,0.045081964869621016,0.015273569869106801,7.663424778968618,16.108955789564344
SC4001E,SC4001E0-PSG.edf,SC4001EC-Hypnogram.edf,Fpz-Cz,100.0,464,42750.0,3,N2,3.423907136282044e-07,1.5017345819713283e-05,2.2552067546886e-10,-5.7507467500031095e-05,7.914942449197609e-05,0.0001366568919920072,1.5018746063208778e-05,0.3692875254206817,2.8436485462705186,1.674636469737823e-10,1.4290008111646488e-11,5.084048773672042e-12,2.3996874002727204e-12,1.892373912593735e-10,0.880287759757276,0.07511671610426576,0.026724760784489245,0.012614173188492362,10.952489086400437,27.525033608944792
SC4001E,SC4001E0-PSG.edf,SC4001EC-Hypnogram.edf,Fpz-Cz,100.0,465,42780.0,3,N2,-2.6578042184871656e-07,1.3579747992445387e-05,1.844095555383245e-10,-6.084520605707751e-05,5.1394533186576036e-05,0.00011223973924365355,1.3580085600581333e-05,-0.07062825126626929,1.0686015385218184,1.320871724923877e-10,2.3413667799899056e-11,8.983001062914291e-12,3.694146044251781e-12,1.6817798739945285e-10,0.780758623050122,0.13839665644334756,0.05309793077100611,0.021835855249473957,5.410378054416462,13.231208898001269
SC4001E,SC4001E0-PSG.edf,SC4001EC-Hypnogram.edf,Fpz-Cz,100.0,466,42810.0,3,N2,1.3573832457151648e-07,1.4675120735534218e-05,2.153591686025064e-10,-5.753704956168492e-05,6.160239987868302e-05,0.00011913944944036794,1.4673302528937707e-05,0.10390482864474572,1.592306179832744,1.7162252227291063e-10,1.989744693285173e-11,7.64293374748289e-12,2.5134293605636455e-12,2.0167633231380895e-10,0.8467812709733817,0.09817350997867873,0.037710045668525025,0.012401198165911344,8.21260715839466,19.856975338135946
SC4001E,SC4001E0-PSG.edf,SC4001EC-Hypnogram.edf,Fpz-Cz,100.0,467,42840.0,3,N2,-3.5085130899721243e-08,1.599317895451359e-05,2.5578177307109636e-10,-6.776673199986837e-05,5.8957562166351154e-05,0.00012672429416621953,1.5990551692999306e-05,-0.042690646851115656,1.076604255321687,1.9148231367126958e-10,2.991439420590705e-11,7.631045908382664e-12,2.8169423509577488e-12,2.3184469613651706e-10,0.8223606414423256,0.12847359077643844,0.032773114590974296,0.012097945101168088,6.1939532890695155,22.185296626136317
SC4001E,SC4001E0-PSG.edf,SC4001EC-Hypnogram.edf,Fpz-Cz,100.0,468,42870.0,4,N3,-1.5749410602728553e-07,2.8390166233234478e-05,8.06001538750687e-10,-0.00010876151187547825,0.00012014318142852676,0.00022890469330400502,2.8385871062282674e-05,0.42573067554882643,2.9592270749224046,6.744493767567763e-10,3.311092920205208e-11,5.576706756132759e-12,2.1743954892644246e-12,7.153114082042255e-10,0.9415588932858179,0.04622421034038861,0.007785310539885747,0.003035544966002397,19.77223700831351,102.55123145453526
SC4001E,SC4001E0-PSG.edf,SC4001EC-Hypnogram.edf,Fpz-Cz,100.0,469,42900.0,3,N2,1.5046035127522193e-07,1.6199377686402845e-05,2.624198374267264e-10,-5.456073405647963e-05,8.853657443527298e-05,0.0001430973084917526,1.6197376406841017e-05,0.7707737927281526,3.5623190994482243,1.8672919814465114e-10,1.804349625304626e-11,5.645812049451977e-12,3.34495593531087e-12,2.1376346238246028e-10,0.8694644613808448,0.08401567032344452,0.02628851289144177,0.01557506988481134,9.805405250350566,28.09727340394002
SC4001E,SC4001E0-PSG.edf,SC4001EC-Hypnogram.edf,Fpz-Cz,100.0,470,42930.0,3,N2,-6.614319556964364e-08,1.443278090588509e-05,2.0830516467728122e-10,-6.193791802288876e-05,5.6672352654682084e-05,0.00011861027067757084,1.443052682838395e-05,0.005026780235254177,1.264636368889665,1.5011455411096203e-10,2.51613755527316e-11,6.423380820434715e-12,5.46192300957708e-12,1.8716123349370537e-10,0.7977974597832549,0.13372242031764386,0.034137641963585444,0.02902788692528315,5.7380222155515845,20.221858172456155
SC4001E,SC4001E0-PSG.edf,SC4001EC-Hypnogram.edf,Fpz-Cz,100.0,471,42960.0,3,N2,4.4182263093003324e-08,1.3773729944022503e-05,1.8971563657086216e-10,-6.4821864575665e-05,4.522535991990326e-05,0.00011004722449556827,1.3771505004817394e-05,-0.30417162735284303,0.8292905019107306,1.414736258729226e-10,1.8538500261197418e-11,6.90509980764222e-12,4.124972469314969e-12,1.7104219841107723e-10,0.8223193331608438,0.10775554156138815,0.040136082143888856,0.023976515688661278,7.2407617770890464,17.8965009064343
SC4001E,SC4001E0-PSG.edf,SC4001EC-Hypnogram.edf,Fpz-Cz,100.0,472,42990.0,3,N2,1.2667083687143375e-08,1.9476017367327626e-05,3.793152524924473e-10,-6.600832919964112e-05,7.37231696297108e-05,0.00013973149882935194,1.9472775213871258e-05,0.015402910324284114,0.9733186588793221,3.220326792711226e-10,2.7575404102021435e-11,9.66338986467383e-12,3.952535140538888e-12,3.632240083783567e-10,0.8841610433779926,0.07571001215651892,0.026531446698690654,0.010851934660037527,11.269575685487572,30.199841078489246
SC4001E,SC4001E0-PSG.edf,SC4001EC-Hypnogram.edf,Fpz-Cz,100.0,473,43020.0,3,N2,4.3533690744540106e-08,1.3802172560727244e-05,1.9049996739609203e-10,-4.423640994533278e-05,4.739680895990723e-05,9.163321890524001e-05,1.3799940673393849e-05,0.05689542262523775,0.3613635758382965,1.453075572585145e-10,2.406340733591814e-11,1.1267903273388052e-11,3.4932321900728036e-12,1.8413210005789353e-10,0.7848858043152684,0.12997965954252752,0.060864124967330964,0.018868862768695534,5.797597880886514,11.84453072545172
SC4001E,SC4001E0-PSG.edf,SC4001EC-Hypnogram.edf,Fpz-Cz,100.0,474,43050.0,3,N2,6.783812768872716e-08,1.3013227738068547e-05,1.6934409616283662e-10,-4.784236796559334e-05,4.7160145250925e-05,9.500251321651834e-05,1.3011235534811852e-05,-0.009740704847000568,0.5571957975142721,1.159555270234239e-10,1.7287441315281605e-11,1.0837227984743617e-11,3.5319953802784298e-12,1.4761219170372752e-10,0.7802558167945751,0.11632586207829945,0.07292287301938631,0.02376652507298861,6.340719022651219,9.795834563030542
SC4001E,SC4001E0-PSG.edf,SC4001EC-Hypnogram.edf,Fpz-Cz,100.0,475,43080.0,3,N2,-2.2003563840006532e-07,1.7539203098592922e-05,3.076236453336916e-10,-7.587550137213539e-05,7.236464118570967e-05,0.00014824014255784506,1.753766004348204e-05,-0.26993769128122147,1.5314154260545214,2.389120654742887e-10,2.5232720890491766e-11,9.899940521984544e-12,3.196678196629072e-12,2.7724140508339404e-10,0.8586502983000766,0.09068643425995156,0.035580400117003974,0.011488865920839385,9.107406985025486,21.91865772041756
SC4001E,SC4001E0-PSG.edf,SC4001EC-Hypnogram.edf,Fpz-Cz,100.0,476,43110.0,3,N2,3.011901321493051e-08,1.467661179910809e-05,2.154029339017188e-10,-5.46758130422813e-05,4.73268941957431e-05,0.0001020027072380244,1.4674196403166636e-05,0.09102653914022005,0.44758501672804973,1.4521887707046406e-10,2.2629738391342412e-11,8.215702881939913e-12,3.002628049772509e-12,1.7906694639351884e-10,0.8064715928102779,0.12567402760241914,0.04562582443079415,0.01667506507946526,6.14559817232975,15.75776464701902
SC4001E,SC4001E0-PSG.edf,SC4001EC-Hypnogram.edf,Fpz-Cz,100.0,477,43140.0,3,N2,-1.467956164319881e-07,1.6144365638329577e-05,2.606405418640768e-10,-5.622497939694697e-05,6.985852635848941e-05,0.00012608350575543637,1.614234216699854e-05,0.19967489259496332,0.9068678485728401,2.0197087966652916e-10,2.3734484980880702e-11,1.0119609216762279e-11,2.8165322818309605e-12,2.3864150614600306e-10,0.8428042492083035,0.0990416283163415,0.04222811556941578,0.011753107077014326,8.165558321616517,18.16348719899866
SC4001E,SC4001E0-PSG.edf,SC4001EC-Hypnogram.edf,Fpz-Cz,100.0,478,43170.0,3,N2,3.734225596778939e-08,1.567157322497526e-05,2.4559820734576146e-10,-5.597142028035719e-05,5.821413727939921e-05,0.0001141855575597564,1.566900557536205e-05,0.08099967016967259,0.9180514648422933,1.7316635693958003e-10,2.446471022467442e-11,1.0602939834321388e-11,2.6731376804881934e-12,2.1090714467906403e-10,0.817180360774728,0.11545014332445716,0.050035782655557325,0.012614665185247497,6.800248477667256,14.924351880835887
SC4001E,SC4001E0-PSG.edf,SC4001EC-Hypnogram.edf,Fpz-Cz,100.0,479,43200.0,3,N2,2.377345021299472e-07,1.8009017849958375e-05,3.243247239201194e-10,-5.5949380274240844e-05,6.722518729197893e-05,0.00012317456756621978,1.800758543981718e-05,0.26456130121226495,0.3119234383161711,2.4435773088528296e-10,2.4139984154428727e-11,1.3088591022518229e-11,2.9663345177024173e-12,2.8455264057993233e-10,0.8557361976727439,0.08453777245905532,0.04583600066151183,0.010388047932871685,9.719884045441463,17.344369674349867
SC4001E,SC4001E0-PSG.edf,SC4001EC-Hypnogram.edf,Fpz-Cz,100.0,480,43230.0,3,N2,-1.9308116965203104e-07,1.9424388230530527e-05,3.773068581303729e-10,-8.137970506686432e-05,7.061881636213338e-05,0.0001519985214289977,1.9422110326010844e-05,-0.15633763635636486,1.0548758258037942,2.7954414482015057e-10,2.2588185904628343e-11,8.544180848896984e-12,3.0532316855840175e-12,3.137297432592599e-10,0.8882037710362664,0.07177010240821514,0.02714767520989804,0.00970112215631589,11.851023472106007,29.289485315280604
SC4001E,SC4001E0-PSG.edf,SC4001EC-Hypnogram.edf,Fpz-Cz,100.0,481,43260.0,3,N2,3.3161692596171715e-07,1.919441824290247e-05,3.684256916834671e-10,-5.927926635393905e-05,9.541197375524641e-05,0.00015469124010918545,1.9194083799576286e-05,0.4920606426104336,2.313266842838101,2.811658226685692e-10,2.573095994858747e-11,8.396744603431224e-12,3.417064518406164e-12,3.1871059173899413e-10,0.8794385607909663,0.08048203786002109,0.02626357968861467,0.010687992849469913,10.518358607747144,29.921620149801818
SC4001E,SC4001E0-PSG.edf,SC4001EC-Hypnogram.edf,Fpz-Cz,100.0,482,43290.0,4,N3,-5.203010511014664e-08,2.528834243508888e-05,6.395002631143169e-10,-8.280215837002465e-05,0.00011552783552996384,0.00019832999389998848,2.528418089422284e-05,0.62322109316647,2.157785849033223,4.6565204874738067e-10,3.4203054467206216e-11,8.027174541627415e-12,2.950303844339021e-12,5.108325816005531e-10,0.9097741439031467,0.06682469169948062,0.015683203512612688,0.005764197025349808,13.227603564377171,51.583366046607225
SC4001E,SC4001E0-PSG.edf,SC4001EC-Hypnogram.edf,Fpz-Cz,100.0,483,43320.0,3,N2,-8.950164150556963e-09,2.2406789700059643e-05,5.020642246626988e-10,-7.936428597674639e-05,7.840732979637875e-05,0.00015777161577312513,2.2403056711676264e-05,0.16580715628163462,1.2408310687854591,3.785239175952989e-10,3.664155750453742e-11,7.335566538695545e-12,3.2218889049411863e-12,4.2572293054347305e-10,0.8870484581487382,0.0858673272089476,0.017190467194610305,0.0075503064736591454,10.056011033806731,45.41070074098828
SC4001E,SC4001E0-PSG.edf,SC4001EC-Hypnogram.edf,Fpz-Cz,100.0,484,43350.0,4,N3,-1.0568990562957577e-07,2.5602405085289277e-05,6.554831461512462e-10,-8.041407920323522e-05,9.28333242257005e-05,0.00017324740342893573,2.559835584808813e-05,0.04886474900151252,0.4245330855331728,5.270465801293184e-10,4.362459086978258e-11,1.111540242212763e-11,2.8512215266461255e-12,5.84637794947875e-10,0.8999531530853956,0.07449073684471716,0.01897999500376673,0.00486857499847649,11.810675904397065,43.5021934695886
SC4001E,SC4001E0-PSG.edf,SC4001EC-Hypnogram.edf,Fpz-Cz,100.0,485,43380.0,3,N2,2.6720091846320847e-08,2.1753514466488016e-05,4.732153916437034e-10,-7.933874935729341e-05,0.00010773014159051026,0.00018706889094780368,2.1749904991588594e-05,0.3671965170486234,3.271488829913146,3.442763259064775e-10,2.8613550496146986e-11,6.100028749971344e-12,2.220409070579511e-12,3.812103142231753e-10,0.9007510082667527,0.07486336561665716,0.01595987476782088,0.005809390767207288,11.625634891407946,48.48942701927327
SC4001E,SC4001E0-PSG.edf,SC4001EC-Hypnogram.edf,Fpz-Cz,100.0,486,43410.0,4,N3,2.3453835390771956e-07,2.2584788508736606e-05,5.100726719843611e-10,-6.768466732650578e-05,8.908480598359283e-05,0.0001567694733100986,2.258224204989e-05,0.4066190369664428,1.136475283133687,3.7683913766508286e-10,3.1760369398915723e-11,6.837073715228862e-12,3.281208342775918e-12,4.187177891220033e-10,0.8978393278335494,0.07567077265263027,0.01628969248487456,0.007817653737383379,11.502896474590885,48.08416398238233
SC4001E,SC4001E0-PSG.edf,SC4001EC-Hypnogram.edf,Fpz-Cz,100.0,487,43440.0,4,N3,-1.7467903485385822e-07,2.672346106423839e-05,7.141433712518651e-10,-8.436801633373534e-05,9.682190247945068e-05,0.00018118991881318602,2.671957777036653e-05,0.18465040450521342,0.8716679944685519,5.407763641232462e-10,3.204070760465131e-11,7.545492248223258e-12,2.8357055423287267e-12,5.831982695184495e-10,0.9256726565948308,0.0548456051248872,0.012915978430478668,0.004854012225449039,16.366972844344236,63.28206128039986
SC4001E,SC4001E0-PSG.edf,SC4001EC-Hypnogram.edf,Fpz-Cz,100.0,488,43470.0,4,N3,-1.7406434889155613e-07,2.2767447978544465e-05,5.183566874557285e-10,-7.28555108415274e-05,7.309348456179e-05,0.0001459489954033174,2.2764318577343763e-05,0.16970056755125235,0.3495096517479963,4.1460073998472485e-10,3.7297345504593514e-11,1.074063994826851e-11,2.2549814875578083e-12,4.6489370692514474e-10,0.8899041429880031,0.08005548250641231,0.023053842085903536,0.00484012008327066,10.825834911586657,35.31329994033839
SC4001E,SC4001E0-PSG.edf,SC4001EC-Hypnogram.edf,Fpz-Cz,100.0,489,43500.0,4,N3,-1.1219768603147663e-08,2.381064228230977e-05,5.669466858961179e-10,-7.66956639410908e-05,0.00010521070679922966,0.00018190637074032046,2.3806676155034607e-05,0.24640158461452674,1.567038259335801,4.117496552192784e-10,2.700583657575577e-11,7.528368259084334e-12,2.7482380897678115e-12,4.4903209814388637e-10,0.9149339723044196,0.0600086897959917,0.016728514010743583,0.006106760164669703,14.702280151692518,48.28000418259223
SC4001E,SC4001E0-PSG.edf,SC4001EC-Hypnogram.edf,Fpz-Cz,100.0,490,43530.0,4,N3,1.6288535743327132e-07,2.4922507813732806e-05,6.211313957255728e-10,-7.611415874992638e-05,8.911666547230427e-05,0.00016523082422223066,2.4918886081979343e-05,0.31209610572296886,0.8708729415515997,4.898821787766657e-10,2.5216785561086568e-11,9.52269962515958e-12,2.5943855680422867e-12,5.272160495309541e-10,0.9274276675456413,0.047739529276852904,0.01802803915862753,0.004911599279018599,18.6858216326793,46.55480021546624
SC4001E,SC4001E0-PSG.edf,SC4001EC-Hypnogram.edf,Fpz-Cz,100.0,491,43560.0,4,N3,1.336968424075887e-09,2.4007191719691293e-05,5.763452542660141e-10,-6.323082460284215e-05,0.0001093549489258587,0.00017258577352870084,2.4003190224816852e-05,0.35599529221050275,1.2856275810164473,4.0418536448766533e-10,2.7945080195179222e-11,9.248623395840982e-12,2.1429666962914975e-12,4.43522034774977e-10,0.9092583333743385,0.06286545549834306,0.02080577040578598,0.004820833454018305,13.963870950165205,39.438015124225245
SC4001E,SC4001E0-PSG.edf,SC4001EC-Hypnogram.edf,Fpz-Cz,100.0,492,43590.0,4,N3,-2.1206443608963957e-07,2.95124399156489e-05,8.709841097747864e-10,-8.890435820619462e-05,9.554981006934128e-05,0.0001844541682755359,2.9508282787435273e-05,0.2159097608658438,0.09304781472476265,7.259151585117159e-10,3.403101028978178e-11,7.340008799664479e-12,2.23652222513408e-12,7.695226998262963e-10,0.9421074274325253,0.044166135919751104,0.009526012408614545,0.0029026039409848314,20.722073171936422,87.04009503454238
SC4001E,SC4001E0-PSG.edf,SC4001EC-Hypnogram.edf,Fpz-Cz,100.0,493,43620.0,4,N3,4.626741886653798e-07,2.9402482148414917e-05,8.645059564878579e-10,-8.286081423329979e-05,0.00010711041628559879,0.00018997123051889858,2.940122200250446e-05,0.2764471319878432,0.14654542748105293,6.786878856876478e-10,4.329195053662147e-11,9.613636879584362e-12,2.4174722203169544e-12,7.340109453241705e-10,0.923371128015404,0.05889973586383521,0.013079583291571729,0.003289028871877205,15.323052551648072,63.94489404410694
SC4001E,SC4001E0-PSG.edf,SC4001EC-Hypnogram.edf,Fpz-Cz,100.0,494,43650.0,4,N3,1.0159758825591436e-07,3.061901411932286e-05,9.375240256392927e-10,-8.231793517027507e-05,9.017005898563437e-05,0.00017248799415590943,3.061407910914006e-05,0.36037872271127047,0.04335253843670683,7.07784217900954e-10,3.200382422736216e-11,8.086380738276716e-12,2.649699150155039e-12,7.505241220167479e-10,0.9417984029595539,0.04258522553005817,0.010759974964711125,0.0035257672675155856,21.445521374282382,77.8950649645779
SC4001E,SC4001E0-PSG.edf,SC4001EC-Hypnogram.edf,Fpz-Cz,100.0,495,43680.0,4,N3,-4.385061815045959e-07,3.0827489602762766e-05,9.503341152084464e-10,-0.00010581072270719313,0.00010135569013985444,0.00020716641284704757,3.082547039124077e-05,-0.03142969782222773,0.5296199976497293,8.049427013497571e-10,3.934027043427396e-11,1.5716194521748555e-11,8.849781820001312e-12,8.68848948125781e-10,0.9253821632872303,0.045226554011519385,0.01806772837469245,0.010173929438058739,19.953825115308607,48.15346580841045
SC4001E,SC4001E0-PSG.edf,SC4001EC-Hypnogram.edf,Fpz-Cz,100.0,496,43710.0,3,N2,-5.2665376020078456e-08,2.150044914948207e-05,4.622693136294643e-10,-7.389947671567154e-05,9.959059203454079e-05,0.00017349006875021233,2.1496929955230486e-05,0.6371747223508294,2.581658250065402,2.949144649580559e-10,2.152913859995973e-11,4.7939736140867866e-12,2.1315286822091347e-12,3.233691058543115e-10,0.9091940620587801,0.06637234622963574,0.014779377960365844,0.00657130609462696,13.090356901554285,50.90020849267169
SC4001E,SC4001E0-PSG.edf,SC4001EC-Hypnogram.edf,Fpz-Cz,100.0,497,43740.0,3,N2,-8.613321955307479e-08,1.9415307830678963e-05,3.769541781600239e-10,-7.633378731763676e-05,7.173867258416368e-05,0.00014807245990180044,1.941226276606657e-05,-0.18570650041263356,0.6557696466096283,2.58925734485731e-10,2.051658819426698e-11,9.167709880282464e-12,7.365033976928763e-12,2.9597506653720917e-10,0.8718770148109022,0.06908522130660548,0.030870301628954447,0.024800176199324026,12.033772833683773,25.465491987320345
SC4001E,SC4001E0-PSG.edf,SC4001EC-Hypnogram.edf,Fpz-Cz,100.0,498,43770.0,3,N2,7.384709354579097e-08,1.933567525322455e-05,3.7386833749816026e-10,-6.220721992510956e-05,5.408446934700666e-05,0.00011629168927211622,1.93325934140306e-05,-0.39750835475237384,-0.04226025718044202,2.580156236728077e-10,3.3389354800578364e-11,6.75576492501195e-12,3.890513741302195e-12,3.020512571397002e-10,0.8513926855412052,0.11017725224345985,0.022292482759435267,0.012837807630373071,7.502775936595016,33.26759206441654
SC4001E,SC4001E0-PSG.edf,SC4001EC-Hypnogram.edf,Fpz-Cz,100.0,499,43800.0,3,N2,4.201416842212653e-07,2.1256945600880287e-05,4.518577362787837e-10,-7.046030345393152e-05,0.00010986326053660051,0.00018032356399053204,2.125755479983946e-05,0.5319187020351356,3.062722195357251,2.8766757082696294e-10,3.242954841670796e-11,8.335461384479443e-12,3.576938282413224e-12,3.320095189105635e-10,0.863841885865797,0.09738324755040284,0.025030700058511244,0.010741249361625257,8.605188656487737,30.81449957098223
SC4001E,SC4001E0-PSG.edf,SC4001EC-Hypnogram.edf,Fpz-Cz,100.0,500,43830.0,3,N2,-4.089171483896035e-07,2.0321750585059462e-05,4.129735468413646e-10,-7.482360334169682e-05,6.161505278916623e-05,0.00013643865613086303,2.03224777580556e-05,-0.011300914009489712,0.5580927119494903,2.779918393575405e-10,2.608839503295708e-11,6.3545613734322035e-12,2.9879179629199215e-12,3.1342271372684965e-10,0.8841340883503793,0.08297236139123527,0.0202102491200831,0.009502869329967153,10.262396093209727,37.7985613610847
SC4001E,SC4001E0-PSG.edf,SC4001EC-Hypnogram.edf,Fpz-Cz,100.0,501,43860.0,3,N2,-1.3381882814983e-08,1.940633378594602e-05,3.7660579101155e-10,-5.678431187679591e-05,6.516703289504275e-05,0.00012195134477183865,1.9403103741996202e-05,0.27953796980541346,0.186865398235176,2.915435756819574e-10,2.6121299572463258e-11,1.0535464439057753e-11,3.302679651705557e-12,3.3150301934518393e-10,0.8768148218807451,0.07855958608708377,0.03168531960944538,0.00993278093597376,10.749616732155667,25.273674694434014
SC4001E,SC4001E0-PSG.edf,SC4001EC-Hypnogram.edf,Fpz-Cz,100.0,502,43890.0,3,N2,4.969919044277863e-07,2.2712255332344845e-05,5.158465422816268e-10,-7.301154813296647e-05,9.182215824868854e-05,0.00016483370638165502,2.271390751031769e-05,0.03939605941766878,1.93718559117515,3.4023754523046837e-10,1.9598359871973446e-11,9.69683758724882e-12,2.5538799777563233e-12,3.7208662266744695e-10,0.9119532155773411,0.052530320524095994,0.025990847696225644,0.006845273517171212,16.517700794877488,31.807302154054298
SC4001E,SC4001E0-PSG.edf,SC4001EC-Hypnogram.edf,Fpz-Cz,100.0,503,43920.0,4,N3,-5.01908442019704e-07,2.4651519068117375e-05,6.076973923657546e-10,-8.680637886652082e-05,7.896630983240404e-05,0.00016577268869892486,2.4652519924998942e-05,0.13095198978664002,0.8855110812398665,4.751227868618489e-10,3.4146673790691794e-11,7.692073685394872e-12,2.5031414687760384e-12,5.194646758067116e-10,0.9128819090852159,0.0656080525306833,0.014779242555649498,0.004809435846719493,13.518285960467756,54.661615174775704
SC4001E,SC4001E0-PSG.edf,SC4001EC-Hypnogram.edf,Fpz-Cz,100.0,504,43950.0,4,N3,8.252496796427122e-08,2.601535820097368e-05,6.767988623249685e-10,-7.953947127186473e-05,8.833090462675677e-05,0.0001678703758986215,2.6011152859389584e-05,0.31091156469440223,0.4337458385223374,5.455110330172112e-10,3.972778478951701e-11,7.336500022129309e-12,3.3065197835031483e-12,5.958818376123606e-10,0.9139347164580477,0.0665588769603639,0.012291377555525373,0.005539655548458047,13.394075711125373,65.43645793428269
SC4001E,SC4001E0-PSG.edf,SC4001EC-Hypnogram.edf,Fpz-Cz,100.0,505,43980.0,3,N2,5.4043710692184324e-08,2.5266938208440108e-05,6.384181664291306e-10,-0.00011204230466736867,9.131096392328854e-05,0.0002033532685906572,2.5262784507973774e-05,0.03592747643973507,1.8466100037691335,3.986907902258723e-10,2.598612122427535e-11,8.149256871417265e-12,3.601103209350259e-12,4.3642727153091527e-10,0.9114447501879058,0.05940672407856211,0.018629969829947638,0.008232461585550114,14.77391978315247,43.5763030625364
SC4001E,SC4001E0-PSG.edf,SC4001EC-Hypnogram.edf,Fpz-Cz,100.0,506,44010.0,4,N3,-1.4499886669774874e-07,3.2075271075388414e-05,1.0288230145596486e-09,-8.544365957830876e-05,9.38799790143519e-05,0.00017932363859266066,3.207025254384721e-05,0.14233314101570718,0.11892924174233288,8.886388014772617e-10,2.5507429379405704e-11,6.826949702851042e-12,1.827435687530244e-12,9.228006162470488e-10,0.9619378747411618,0.02761140113007279,0.0073900683575917146,0.0019781711068284666,33.524141053363245,113.53577513773553
SC4001E,SC4001E0-PSG.edf,SC4001EC-Hypnogram.edf,Fpz-Cz,100.0,507,44040.0,4,N3,2.9985668436598195e-07,2.830978459598253e-05,8.014439038709297e-10,-7.607303290250227e-05,9.802712575797366e-05,0.00017410015866047593,2.830665416353779e-05,0.30550627009466463,0.259818494160855,6.26546469373292e-10,3.294690968674722e-11,7.428963878651407e-12,3.1303220495238323e-12,6.700526649882143e-10,0.9336770451307216,0.04909735316724488,0.011070612287609173,0.004664793410184594,18.456657031667714,74.33256072673268
SC4001E,SC4001E0-PSG.edf,SC4001EC-Hypnogram.edf,Fpz-Cz,100.0,508,44070.0,4,N3,-3.0415241833098137e-07,2.5082366093490753e-05,6.291250888478946e-10,-6.933996276951008e-05,9.324016278343981e-05,0.00016258012555294988,2.5080029688549454e-05,0.3031076763339975,0.9762473031760557,4.612263798789329e-10,2.7425454371963723e-11,5.7281185868732936e-12,3.048064574360178e-12,4.974280174121301e-10,0.9253620658679051,0.05502390197557197,0.01149236878098075,0.006115355613807431,16.22582259701166,68.55205863624278
SC4001E,SC4001E0-PSG.edf,SC4001EC-Hypnogram.edf,Fpz-Cz,100.0,509,44100.0,4,N3,1.7248113724523186e-07,2.3417002984764392e-05,5.483560287884644e-10,-8.386151637108474e-05,6.894950736828322e-05,0.00015281102373936796,2.341373513961923e-05,-0.11602021867102069,0.7037565635910834,4.5169894120698843e-10,2.435793366265399e-11,8.76633758688435e-12,3.5821265389642456e-12,4.884053389954911e-10,0.92295466603226,0.04977046983722914,0.01791222303556667,0.007319345036808533,17.812923845298563,46.250596724569
SC4001E,SC4001E0-PSG.edf,SC4001EC-Hypnogram.edf,Fpz-Cz,100.0,510,44130.0,4,N3,-3.634635195763395e-07,2.3975712205069784e-05,5.748347757403323e-10,-7.453127829862901e-05,9.128851851738965e-05,0.00016581979681601865,2.397447121165515e-05,0.45906086789795814,1.5918470475211475,5.011568532547393e-10,2.4043625034864684e-11,7.887277718584068e-12,2.9240236322673883e-12,5.360117796404557e-10,0.9332325141736699,0.04477299371526368,0.014687345822962805,0.005444989743474722,20.011354289047603,56.39036712071874
SC4001E,SC4001E0-PSG.edf,SC4001EC-Hypnogram.edf,Fpz-Cz,100.0,511,44160.0,4,N3,-1.676360292591717e-08,2.969894400993829e-05,8.820272753054495e-10,-0.0001020603609472508,7.378180720071988e-05,0.0001758421681479707,2.9693998505288304e-05,-0.3592206271550989,-0.07109308260893243,6.553483586615275e-10,3.328139720413993e-11,9.22426266978145e-12,2.4568129531163916e-12,7.003108314885654e-10,0.9344620519699085,0.04745598628998584,0.013152887786151136,0.003503172691489293,19.116734208907495,64.09737110906366
SC4001E,SC4001E0-PSG.edf,SC4001EC-Hypnogram.edf,Fpz-Cz,100.0,512,44190.0,4,N3,3.5428733159024256e-07,2.855741647198083e-05,8.155260355541621e-10,-8.534246470927355e-05,8.020865393095943e-05,0.000165551118640233,2.8554854456915658e-05,0.07451745266916861,-0.07788204263265719,5.86515961830438e-10,3.884939885193857e-11,1.0012620714478388e-11,2.576897143197954e-12,6.37954878540053e-10,0.9179301724255826,0.06080147465296063,0.015670309517561255,0.004032987664302529,14.718313920108372,53.25852737844139
SC4001E,SC4001E0-PSG.edf,SC4001EC-Hypnogram.edf,Fpz-Cz,100.0,513,44220.0,4,N3,-2.2674618534689892e-07,2.909288058013713e-05,8.463957004501201e-10,-8.524780718622315e-05,9.462619958416354e-05,0.0001798740067703867,2.9088915111817758e-05,0.5153999200699984,0.17357132757843052,7.216503513190551e-10,3.4461277134728215e-11,7.016720596469922e-12,2.7083412372682845e-12,7.658366902875213e-10,0.9410743649322206,0.04493952567893843,0.009150215013628312,0.003531835750129283,20.350376794870783,90.01814927126513
SC4001E,SC4001E0-PSG.edf,SC4001EC-Hypnogram.edf,Fpz-Cz,100.0,514,44250.0,4,N3,1.2529516898820648e-07,3.297145164643105e-05,1.0871166236729407e-09,-8.279852586500034e-05,8.491325699019405e-05,0.00016771178285519437,3.296619405306627e-05,0.0017248121926316993,-0.5676584984298834,8.196262759176582e-10,2.686625952406511e-11,7.171902826066974e-12,2.840602861193355e-12,8.565050411289837e-10,0.9558267725616463,0.03133073070765068,0.008363685905128336,0.003312636923339182,29.412855902308475,100.2980937687108
SC4001E,SC4001E0-PSG.edf,SC4001EC-Hypnogram.edf,Fpz-Cz,100.0,515,44280.0,4,N3,2.4166234855221514e-07,2.9023460660132425e-05,8.423612686902546e-10,-8.24631234278563e-05,0.00010534108719402593,0.00018780421062188223,2.9019629258338207e-05,0.2690342091978879,0.5201299859984276,6.923509746461287e-10,2.8090586435383287e-11,8.08891496427254e-12,2.3402973093914558e-12,7.308707733551758e-10,0.9460016711312665,0.03838189398738426,0.011052381456892803,0.0031976919896153757,23.799828724113056,76.1753165661335
SC4001E,SC4001E0-PSG.edf,SC4001EC-Hypnogram.edf,Fpz-Cz,100.0,516,44310.0,4,N3,9.088075845955933e-08,3.661240795197168e-05,1.3404684160415987e-09,-0.00010102023591532518,9.787044551094e-05,0.00019889068142626517,3.660641818791494e-05,-0.10261671390889827,-0.13571132219111126,1.0191534482482426e-09,3.5551592968473276e-11,9.36721969677666e-12,2.276317262529862e-12,1.0663485781760227e-09,0.9548459323287428,0.033308324661121394,0.008776157937816501,0.0021326840257002346,27.882600058697566,98.30537772486043
SC4001E,SC4001E0-PSG.edf,SC4001EC-Hypnogram.edf,Fpz-Cz,100.0,517,44340.0,4,N3,-4.7642672226809774e-07,3.104961428201003e-05,9.640785470616011e-10,-9.077430076575062e-05,8.542473668258475e-05,0.00017619903744833538,3.104809446596691e-05,0.025207800274331338,-0.16002781424379675,7.544183466499243e-10,3.192352725833473e-11,1.0347675431258744e-11,3.1352926324991657e-12,7.998248419720166e-10,0.9420516286585002,0.03986330791103286,0.012921271779953506,0.003915079138627324,22.914262519030068,66.48219287024851
SC4001E,SC4001E0-PSG.edf,SC4001EC-Hypnogram.edf,Fpz-Cz,100.0,518,44370.0,4,N3,2.7770598770660057e-07,3.569007980154564e-05,1.273781796240696e-09,-9.26539701330111e-05,0.00010866734510431514,0.00020132131523732623,3.568521154377852e-05,0.26699139779142955,-0.06349219849060805,9.74729638058949e-10,3.637109146522451e-11,5.203807877539064e-12,2.0219884640657966e-12,1.0183265258657784e-09,0.9562486733395361,0.03568149218360843,0.005105143195522299,0.0019836513744684453,26.0824503604873,157.1179600174218
SC4001E,SC4001E0-PSG.edf,SC4001EC-Hypnogram.edf,Fpz-Cz,100.0,519,44400.0,4,N3,-1.1433908630522137e-07,2.564451814079564e-05,6.576413106735967e-10,-8.490013362501516e-05,0.00010126238511978103,0.0001861625187447962,2.5640498636532582e-05,0.4337962768359594,1.0733645522128317,5.148144195294609e-10,2.657787672307508e-11,5.114161799998507e-12,2.7024002581824807e-12,5.492088583107171e-10,0.9356709034276072,0.048305068741851975,0.009294946314932663,0.004911589876032796,18.667659758544907,84.20032645023994
SC4001E,SC4001E0-PSG.edf,SC4001EC-Hypnogram.edf,Fpz-Cz,100.0,520,44430.0,4,N3,-6.037340651596943e-07,3.5844263071856296e-05,1.2848111951644411e-09,-0.00010714075983595793,0.00011457083736772398,0.0002217115972036819,3.5843373440393235e-05,0.24000247462417812,0.3984335201857401,9.249733101838683e-10,4.2325822137815175e-11,1.6633007571370454e-11,2.2365565912019234e-11,1.0062977058050735e-09,0.9182720310522218,0.04201917853469808,0.016512504173804975,0.02220353107440442,21.34923850357921,52.45692241893471
SC4001E,SC4001E0-PSG.edf,SC4001EC-Hypnogram.edf,Fpz-Cz,100.0,521,44460.0,4,N3,1.5872638757543704e-07,2.7365326196986516e-05,7.488610778674765e-10,-7.808311231740638e-05,8.461130601023597e-05,0.00016269441832764234,2.736122533027898e-05,0.06047906362353881,0.4271600503175401,4.5916216719957207e-10,3.8926328483269004e-11,7.929497677692565e-12,2.7791721255550565e-12,5.087971654860888e-10,0.9006761870905333,0.07635650238689139,0.015554220804919213,0.005451525260845911,11.500235174190445,51.42082833468212
SC4001E,SC4001E0-PSG.edf,SC4001EC-Hypnogram.edf,Fpz-Cz,100.0,522,44490.0,4,N3,4.2429884241977914e-07,2.3936322506839227e-05,5.729475351514182e-10,-0.00010648510789855841,9.70192971785894e-05,0.0002035044050771478,2.3936093711117102e-05,-0.23653339311686564,3.0458396823388796,4.460894855458105e-10,2.3640739158865713e-11,5.676664707965372e-12,2.739465439095522e-12,4.781463548517372e-10,0.931008826486522,0.049339286252487284,0.011847454646131886,0.005717387623543954,18.103737987312282,66.81322262800143
SC4001E,SC4001E0-PSG.edf,SC4001EC-Hypnogram.edf,Fpz-Cz,100.0,523,44520.0,3,N2,5.689676503524822e-09,1.433741894111282e-05,2.0556158189298067e-10,-5.692498774347551e-05,5.59152931188002e-05,0.00011284028086227571,1.4335030301262072e-05,-0.011252125774579057,0.7214253194935907,1.2825688916566066e-10,3.022120592648056e-11,6.974789601071913e-12,4.270660782731148e-12,1.697235454759442e-10,0.751254836045639,0.17701838280261628,0.04085429213426625,0.025015066145828758,4.108005612200852,16.082792848656634
SC4001E,SC4001E0-PSG.edf,SC4001EC-Hypnogram.edf,Fpz-Cz,100.0,524,44550.0,3,N2,-1.0102895199474046e-07,1.783239452564516e-05,3.179942945182595e-10,-6.261175447179277e-05,5.162141455815644e-05,0.0001142331690299492,1.782970844599619e-05,0.07741354546166379,0.453092857446618,2.2812153594746883e-10,3.324456739595944e-11,1.152810987778474e-11,6.3816444503551884e-12,2.792758576715682e-10,0.8139178944723285,0.11861373887905809,0.041131298191560854,0.02276915501524681,6.661539429298942,18.208775160248354
SC4001E,SC4001E0-PSG.edf,SC4001EC-Hypnogram.edf,Fpz-Cz,100.0,525,44580.0,3,N2,9.739933611267493e-08,2.1511251024266272e-05,4.627339206289967e-10,-6.518934977379912e-05,0.00010007736006432833,0.00016526670983812745,2.1507886056501746e-05,0.5533045272297179,1.9708749153248624,3.154175558452388e-10,3.6514854666358267e-11,9.090964956763057e-12,3.526928311545998e-12,3.645503037799061e-10,0.8628567739753495,0.0998900952585269,0.024869258383209084,0.009648270771700749,8.407804285807133,31.25742257521597
SC4001E,SC4001E0-PSG.edf,SC4001EC-Hypnogram.edf,Fpz-Cz,100.0,526,44610.0,3,N2,2.2741500265505577e-07,2.50527258126628e-05,6.276390706444609e-10,-8.95662870933928e-05,8.722438777205202e-05,0.00017679067486544482,2.5049582335926188e-05,0.06191125402942592,1.1339912248299218,5.047365784260791e-10,4.233149482127712e-11,7.29690106295075e-12,3.5134256263587066e-12,5.578783999366657e-10,0.9031241473695849,0.075743658774564,0.013056330435704195,0.006286565425961822,11.648261397579056,60.83434942715494
SC4001E,SC4001E0-PSG.edf,SC4001EC-Hypnogram.edf,Fpz-Cz,100.0,527,44640.0,4,N3,-3.396163989985903e-07,2.549667021778772e-05,6.500801921946232e-10,-7.65916759193042e-05,8.330213838574225e-05,0.00015989381430504644,2.5494682545497477e-05,0.09762990366586843,0.4542131229613795,4.289920705584345e-10,5.760965282207267e-11,7.750380204640873e-12,3.7066674540956084e-12,4.980587710392436e-10,0.859602306287691,0.1154366102054592,0.015529994971336593,0.0074273165190080065,7.319478104754684,49.025534951145694
SC4001E,SC4001E0-PSG.edf,SC4001EC-Hypnogram.edf,Fpz-Cz,100.0,528,44670.0,4,N3,-2.217214781431699e-07,2.9494520151139936e-05,8.699267189459998e-10,-8.962881340813839e-05,9.112736396577349e-05,0.00018075617737391188,2.9490437497380196e-05,0.13073757371533543,0.22784297400788756,6.031668863702233e-10,7.773430404312491e-11,9.832754116081062e-12,3.524709549151626e-12,6.942586540785809e-10,0.8675431551004484,0.1118063091873993,0.014142584286293147,0.005069637793754451,7.660788949628011,55.679920351448864
SC4001E,SC4001E0-PSG.edf,SC4001EC-Hypnogram.edf,Fpz-Cz,100.0,529,44700.0,3,N2,2.3598571417007784e-07,1.745663389253726e-05,3.047340668580805e-10,-6.289680837835747e-05,5.244237557732988e-05,0.00011533918395568735,1.745531947840219e-05,-0.08672923244496306,0.18859232463082742,1.88931335257345e-10,4.7158370913637295e-11,7.305825264671282e-12,2.949763263824686e-12,2.463452946994782e-10,0.763836383008193,0.1906580473703136,0.029536948635096448,0.011925689823243315,3.9231255475015283,22.746846849880402
SC4001E,SC4001E0-PSG.edf,SC4001EC-Hypnogram.edf,Fpz-Cz,100.0,530,44730.0,5,REM,1.5943403560745904e-07,1.2423705099844857e-05,1.5434844840791111e-10,-3.9079960589710886e-05,4.362032197443671e-05,8.27002825641476e-05,1.2422657450675302e-05,0.29127367312645447,0.5511675461009311,9.364282224725275e-11,3.334513588721702e-11,5.3202699579744435e-12,2.577544873186123e-12,1.348857729656303e-10,0.6891289662158959,0.24539092768490955,0.039152516425101425,0.018968467536613,2.726523562310488,14.816269379300998
SC4001E,SC4001E0-PSG.edf,SC4001EC-Hypnogram.edf,Fpz-Cz,100.0,531,44760.0,5,REM,-1.506744388968175e-08,9.03234512822341e-06,8.158325851534118e-11,-3.0215366355373983e-05,3.956740766845515e-05,6.978277402382914e-05,9.03085218147775e-06,0.2866702969220098,0.28578054157659327,4.8226219512467424e-11,1.622449430399588e-11,5.043517919532212e-12,2.238831756822893e-12,7.173306349281841e-11,0.6630577236338908,0.22306903524829352,0.06934285010599346,0.03078148574126749,2.799862722313973,7.979825683415909
SC4001E,SC4001E0-PSG.edf,SC4001EC-Hypnogram.edf,Fpz-Cz,100.0,532,44790.0,5,REM,-9.177358335072604e-08,8.97662528792373e-06,8.05798015597918e-11,-3.075053809173949e-05,3.352383800802229e-05,6.427437609976178e-05,8.975598253962772e-06,0.08863511421528358,0.45554077283315664,4.4429257072173466e-11,1.3519121921265672e-11,3.6194748673899995e-12,1.964155906368682e-12,6.353200976719781e-11,0.6884840133207389,0.20949482233757366,0.056088054291930804,0.030436924457404396,3.060051242293063,9.617815519640649
SC4001E,SC4001E0-PSG.edf,SC4001EC-Hypnogram.edf,Fpz-Cz,100.0,533,44820.0,5,REM,5.641529958242841e-08,1.0316719478111748e-05,1.0643470079005032e-10,-3.8263763026424755e-05,4.743960823575381e-05,8.570337126217857e-05,1.0315154155051712e-05,-0.01789588334884067,0.7555763865716263,6.208543711456263e-11,2.4558425646648685e-11,4.284514886541946e-12,2.686264330089968e-12,9.361464197784324e-11,0.6561926972053832,0.25956263357631004,0.04528384610434069,0.02839163446519234,2.429157334372178,11.748559413216032
SC4001E,SC4001E0-PSG.edf,SC4001EC-Hypnogram.edf,Fpz-Cz,100.0,534,44850.0,5,REM,2.9579266882870513e-08,1.0400626017276114e-05,1.081730215512408e-10,-4.52825532598092e-05,4.865294438499735e-05,9.393549764480655e-05,1.0398934503612364e-05,0.01952827314241093,2.4527053281802083,6.390932649574218e-11,1.1601197972816807e-11,3.685329255917982e-12,2.977066853174551e-12,8.217292057765152e-11,0.7683910346285778,0.1394828736594112,0.04430924428675439,0.035793703437347925,5.071686567706246,13.640306370148712
SC4001E,SC4001E0-PSG.edf,SC4001EC-Hypnogram.edf,Fpz-Cz,100.0,535,44880.0,5,REM,-3.6772743634857926e-08,9.591449095827705e-06,9.19958957578541e-11,-4.898413007541659e-05,3.259777506419044e-05,8.158190513960703e-05,9.589920890911593e-06,-0.17054093821027785,1.0546537198625403,4.618737587318619e-11,1.5238726468147358e-11,7.961594755594252e-12,2.765134164966434e-12,7.215283126189423e-11,0.6313819311768113,0.20831355677254978,0.10883508701243526,0.03779941414799088,2.844273284840644,5.153923730411247
SC4001E,SC4001E0-PSG.edf,SC4001EC-Hypnogram.edf,Fpz-Cz,100.0,536,44910.0,5,REM,7.137644375311908e-08,8.078410667757832e-06,6.526071891694355e-11,-2.242027753665391e-05,2.6597040320839813e-05,4.9017317857493725e-05,8.077379521892858e-06,0.10382134477894249,-0.16591862309653527,3.413689489566129e-11,1.2270613765166153e-11,5.269824851590905e-12,2.2019073165545117e-12,5.387924082897286e-11,0.6220365730285231,0.22359299399579202,0.09602583366657583,0.04012277289725262,2.5723674503485845,5.444632936915199
SC4001E,SC4001E0-PSG.edf,SC4001EC-Hypnogram.edf,Fpz-Cz,100.0,537,44940.0,5,REM,1.8571387113562773e-09,1.0924437593091876e-05,1.1934333672535903e-10,-4.460565718520588e-05,4.914288123609702e-05,9.37485384213029e-05,1.0922616859621205e-05,-0.04334101834123827,0.5963965018313138,6.008111024115822e-11,2.793999609373844e-11,7.589169213699508e-12,7.6750267828749e-12,1.0328530233147106e-10,0.5761225110149298,0.26791882910720344,0.07277314294565995,0.073596437957094,2.0760579941528596,6.994985049931298
SC4001E,SC4001E0-PSG.edf,SC4001EC-Hypnogram.edf,Fpz-Cz,100.0,538,44970.0,2,N1,2.7435622905466453e-09,8.901963078178564e-06,7.924494664525436e-11,-4.241962221459426e-05,2.92503340013703e-05,7.166995621596456e-05,8.900479716856463e-06,-0.13540914462827824,0.2666294537282661,3.3233340944917236e-11,2.8830758129017257e-11,7.118569360617196e-12,5.1744733361383365e-12,7.435714177069003e-11,0.44101116581684446,0.38258826504790433,0.09446442889618653,0.06866599786764915,1.1140629011567154,4.093497199904534
SC4001E,SC4001E0-PSG.edf,SC4001EC-Hypnogram.edf,Fpz-Cz,100.0,539,45000.0,5,REM,-2.9278446021173847e-08,9.15886385039693e-06,8.388478703010767e-11,-4.322167584671494e-05,3.749804331604173e-05,8.071971916275667e-05,9.15738405123605e-06,-0.004128730731664895,0.4871267852474088,4.49251947916819e-11,2.4533059076876182e-11,5.7581149951300465e-12,4.947709755677967e-12,8.016407861936609e-11,0.5535108086714924,0.3022649858680524,0.07094413061883927,0.06095935344601353,1.7594912797725855,6.647592534908828
SC4001E,SC4001E0-PSG.edf,SC4001EC-Hypnogram.edf,Fpz-Cz,100.0,540,45030.0,5,REM,-2.3525143586083513e-08,8.557865188661665e-06,7.323705658730717e-11,-3.415849402129488e-05,4.335327110827552e-05,7.75117651295704e-05,8.556471098969023e-06,0.14937914373742806,0.8296030725299639,4.001310620846409e-11,1.5588064752604847e-11,5.535260823399774e-12,2.88651536836348e-12,6.402294715283221e-11,0.6153690037213461,0.23973174756238155,0.08512780588658192,0.044392256807107094,2.4121624074430246,6.1226487036593085
SC4001E,SC4001E0-PSG.edf,SC4001EC-Hypnogram.edf,Fpz-Cz,100.0,541,45060.0,5,REM,-1.8419590876534473e-08,8.230877034051175e-06,6.774733674967107e-11,-2.975615964917499e-05,4.252828982872352e-05,7.22844494778985e-05,8.229525720563483e-06,0.2620157267560205,1.0038157210440986,3.667086292766651e-11,1.6885339633507103e-11,4.050512060041183e-12,1.8393544532098554e-12,5.944606907442464e-11,0.6066707643554994,0.27934553713851784,0.06701034694338787,0.030429678577528964,2.0503308116646477,7.260820782470814
SC4001E,SC4001E0-PSG.edf,SC4001EC-Hypnogram.edf,Fpz-Cz,100.0,542,45090.0,5,REM,4.0101778795069494e-08,8.836033762643843e-06,7.807549265458189e-11,-2.561578469174603e-05,3.114836165290197e-05,5.6764146344648e-05,8.834651981998286e-06,0.10062466859986365,0.00031529715478884057,4.881642865807607e-11,1.7058203343009958e-11,3.3013193797663172e-12,2.028141501297063e-12,7.120409288214942e-11,0.6760894945076537,0.23624981163951655,0.045722053251949134,0.028089010197903455,2.70328269821882,11.349175531515211
SC4001E,SC4001E0-PSG.edf,SC4001EC-Hypnogram.edf,Fpz-Cz,100.0,543,45120.0,5,REM,-5.684076973585033e-08,8.695365152054597e-06,7.560937512756545e-11,-3.673573606534696e-05,2.5872465240724478e-05,6.260820130607144e-05,8.694101614061517e-06,-0.18463437565856153,0.6137424549013177,4.06211896042863e-11,1.4411380985838708e-11,3.364010994218304e-12,1.98444447798992e-12,6.038102606233324e-11,0.661787399302106,0.2347855992371936,0.054805388733679794,0.032329933292002816,2.63579166861247,9.308223480212039
SC4001E,SC4001E0-PSG.edf,SC4001EC-Hypnogram.edf,Fpz-Cz,100.0,544,45150.0,5,REM,-3.71672046404252e-08,7.840978239709135e-06,6.148093975559215e-11,-2.550035676862135e-05,2.5090162744477446e-05,5.0590519513098795e-05,7.839759403840639e-06,-0.042729860121938266,0.02858498547603716,3.855562457419461e-11,1.0319455277309969e-11,3.2103732582858775e-12,1.7732540239506473e-12,5.38587071337411e-11,0.7028168651550447,0.18810970612471725,0.05852076044116837,0.032324021410632175,3.4061378069561337,9.157293714593687
SC4001E,SC4001E0-PSG.edf,SC4001EC-Hypnogram.edf,Fpz-Cz,100.0,545,45180.0,5,REM,7.059054152224776e-08,8.331374020368188e-06,6.9411793067266e-11,-2.4591077536224344e-05,3.775320329570579e-05,6.234428083193014e-05,8.33028443856887e-06,0.41494933715242766,0.4170286338481888,4.075392823284618e-11,1.2194568535143172e-11,4.264410123057125e-12,2.129224578445379e-12,5.934213146949188e-11,0.6753809857288648,0.2020904505388341,0.07067052520697169,0.03528586953415599,3.0886897229189287,7.741404503108838
SC4001E,SC4001E0-PSG.edf,SC4001EC-Hypnogram.edf,Fpz-Cz,100.0,546,45210.0,5,REM,-2.696409018072006e-08,8.033565053144438e-06,6.453816746310359e-11,-2.8596372486094664e-05,3.43083028044832e-05,6.290467529057787e-05,8.032271272982205e-06,0.032790176945841104,0.60816318277109,3.575547763851224e-11,1.0368820332581196e-11,3.4443903062345384e-12,2.072638746345077e-12,5.164132702367307e-11,0.6792282729201112,0.1969711046212472,0.06543129706220321,0.039372843800328225,3.1450472953682658,8.04508046657263
SC4001E,SC4001E0-PSG.edf,SC4001EC-Hypnogram.edf,Fpz-Cz,100.0,547,45240.0,5,REM,-2.6619051843595494e-08,8.940637113394257e-06,7.993499199340281e-11,-3.018818738705161e-05,3.1319979258006704e-05,6.150816664505832e-05,8.93918651612062e-06,0.23163180657808824,-0.08020126711049835,4.332289226366623e-11,1.6743233256344523e-11,4.9054446037207816e-12,2.2483025645060764e-12,6.721987268823759e-11,0.6350479787854534,0.24543043832492195,0.0719063875439711,0.03295671005984927,2.441657145445861,7.336093244591649
SC4001E,SC4001E0-PSG.edf,SC4001EC-Hypnogram.edf,Fpz-Cz,100.0,548,45270.0,5,REM,8.270716061730641e-08,8.634611654099247e-06,7.455651841710653e-11,-4.21037656282545e-05,3.471153424148677e-05,7.681529986974128e-05,8.633568596977626e-06,-0.1441921762349014,1.649365949354066,4.5184533773847004e-11,1.6261956779448813e-11,5.0349442593331576e-12,2.5662768774722648e-12,6.904771169010124e-11,0.6450536738979903,0.23215543216305903,0.07187878287314087,0.036636127227478256,2.6175788962489674,7.487150142931022
SC4001E,SC4001E0-PSG.edf,SC4001EC-Hypnogram.edf,Fpz-Cz,100.0,549,45300.0,5,REM,-2.3727357249880767e-08,7.064199272151214e-06,4.990291135666174e-11,-2.781748314653786e-05,2.7774767507707568e-05,5.5592250654245426e-05,7.063061661939406e-06,0.2724122585060926,0.8730066821435045,2.7471038388563848e-11,1.4566301792912444e-11,3.0750078723028207e-12,2.2031983251422e-12,4.7315546378921304e-11,0.5685755506751069,0.3014827086642925,0.06364427400213275,0.04560019476677992,1.764776165464799,6.741346090465277
SC4001E,SC4001E0-PSG.edf,SC4001EC-Hypnogram.edf,Fpz-Cz,100.0,550,45330.0,5,REM,3.390353458118746e-09,8.380790224269693e-06,7.023764478321444e-11,-3.90785231322153e-05,2.7144429790407605e-05,6.622295292262291e-05,8.379393995358492e-06,-0.2623636816759826,0.45579788218607353,3.883372600940106e-11,1.0262527659796735e-11,3.1303210843523146e-12,2.2789434424076795e-12,5.450551819595778e-11,0.6996372121471185,0.18489202503372193,0.056396574360426055,0.04105796173926442,3.4480471153934484,9.402108266236803
SC4001E,SC4001E0-PSG.edf,SC4001EC-Hypnogram.edf,Fpz-Cz,100.0,551,45360.0,5,REM,7.927060411245335e-08,9.86704133734441e-06,9.735850475286335e-11,-4.9913862745239705e-05,3.9532806900346155e-05,8.944666964558586e-05,9.865715166505777e-06,-0.10884455887591481,1.5018446018514524,5.394927210559313e-11,2.1151674545702213e-11,5.511735652960039e-12,2.5931600532995296e-12,8.320584235755493e-11,0.6406832423398092,0.25119010692735494,0.0654555016450771,0.03079548853971974,2.435448931605045,8.284929699360479
SC4001E,SC4001E0-PSG.edf,SC4001EC-Hypnogram.edf,Fpz-Cz,100.0,552,45390.0,5,REM,-6.401768165371493e-08,8.720469978420835e-06,7.604659664453907e-11,-3.010345037205489e-05,3.267384051895254e-05,6.277729089100743e-05,8.719251461137888e-06,0.03113389209066025,0.047879619621802316,4.1813655975999e-11,1.3427084843371112e-11,3.933338502673302e-12,2.5821897842002576e-12,6.175626910624363e-11,0.6662865172116956,0.21395607219160276,0.06267642354605771,0.041146324040212186,2.8982747679072074,8.475732195011718
SC4001E,SC4001E0-PSG.edf,SC4001EC-Hypnogram.edf,Fpz-Cz,100.0,553,45420.0,5,REM,-7.934907815058766e-08,1.3768914652826585e-05,1.8958301071682262e-10,-6.333685994409937e-05,6.988025741615797e-05,0.00013321711736025734,1.376684831964529e-05,0.27280414882058085,5.801877372552289,1.416786592096598e-10,1.9777488967050204e-11,5.702147035965119e-12,2.381467580949336e-12,1.6953976279362445e-10,0.8307661327118746,0.11596995705326252,0.033435879952908504,0.013964295141135062,6.818853781337084,21.139294385721858
SC4001E,SC4001E0-PSG.edf,SC4001EC-Hypnogram.edf,Fpz-Cz,100.0,554,45450.0,5,REM,7.851208428009968e-08,9.252588131434283e-06,8.561038712995857e-11,-3.474992243512428e-05,3.810686249623198e-05,7.285678493135626e-05,9.251379058368897e-06,0.1340760163605995,0.3328261454146326,4.74192179993911e-11,9.135238549281685e-12,3.733055366438826e-12,2.380325744048938e-12,6.266783765916055e-11,0.7447907725914171,0.14348278322543762,0.058633299067315084,0.03738662771604991,4.6786484372143216,10.018733001864197
SC4001E,SC4001E0-PSG.edf,SC4001EC-Hypnogram.edf,Fpz-Cz,100.0,555,45480.0,5,REM,6.334630498805172e-08,9.86139913355719e-06,9.724719287132249e-11,-3.781385958061761e-05,3.6749830695346626e-05,7.456369027596423e-05,9.859958919525021e-06,-0.0952156941875622,0.7009140431598162,4.7487507069647306e-11,9.492269705646538e-12,3.808462291336681e-12,3.0463180998010162e-12,6.383455716643153e-11,0.7324412958932685,0.14640756597256774,0.05874124013155957,0.04698602462851809,4.525951810416325,9.875819792785874
SC4001E,SC4001E0-PSG.edf,SC4001EC-Hypnogram.edf,Fpz-Cz,100.0,556,45510.0,1,Acordado,-3.98729688192253e-08,2.6249473056441308e-05,6.890348357408382e-10,-0.00012104282708255956,0.00010476544800696688,0.00022580827508952644,2.624512806819392e-05,-0.17233008542824,4.762662880327251,2.5309817583068116e-10,1.3739850741415334e-11,9.683134733190692e-12,1.1404759157134003e-11,2.879259204624212e-10,0.8759967794706743,0.04755492591119872,0.033514247242659966,0.03947295257857403,17.171013483843353,23.691377311225697
SC4001E,SC4001E0-PSG.edf,SC4001EC-Hypnogram.edf,Fpz-Cz,100.0,557,45540.0,2,N1,-8.785336937056875e-08,8.161279647766795e-06,6.66064854890525e-11,-2.5120691757396563e-05,3.0981666867560596e-05,5.610235862495716e-05,8.160392241904341e-06,-0.03621765799820151,0.2654840653063628,2.921731472371235e-11,1.8405882369741293e-11,1.0957889476906432e-11,3.123796738040444e-12,6.170488330840053e-11,0.4659495908797605,0.29353188138818326,0.17475336686318996,0.04981743961912376,1.5055906331406799,2.443350457464758
SC4001E,SC4001E0-PSG.edf,SC4001EC-Hypnogram.edf,Fpz-Cz,100.0,558,45570.0,2,N1,-3.084898122556144e-08,8.015439275058833e-06,6.424726677215568e-11,-3.3709923248251815e-05,2.5482752747946384e-05,5.91926759961982e-05,8.014162631005664e-06,-0.07321253403949253,0.3529769143093411,2.8833495319847637e-11,1.816572789497152e-11,7.56504297830512e-12,3.408842797228946e-12,5.797310899035322e-11,0.48892615318219357,0.3080340888580769,0.12827953465269407,0.05780334216034908,1.5044299636233818,3.3664157194402438
SC4001E,SC4001E0-PSG.edf,SC4001EC-Hypnogram.edf,Fpz-Cz,100.0,559,45600.0,2,N1,4.066011080285993e-08,7.51370815788353e-06,5.645581028184552e-11,-2.642625000940979e-05,2.5116549304769183e-05,5.1542799314178975e-05,7.512565801577298e-06,0.00249787892256356,0.286935607279049,2.8890221005165408e-11,1.498316058185329e-11,5.087466629301434e-12,3.2964960107575506e-12,5.225734422707769e-11,0.5424645450209423,0.2813351059708942,0.0955261044863519,0.061897491484029156,1.8075411841864577,4.745852875168977
SC4001E,SC4001E0-PSG.edf,SC4001EC-Hypnogram.edf,Fpz-Cz,100.0,560,45630.0,2,N1,-3.3087596068195794e-07,3.222971208828248e-05,1.0387543412935817e-09,-0.00012078555245038263,0.00010959881563147575,0.00023038436808185838,3.222603867601231e-05,0.05440071971080952,2.0241599014445404,5.927165956523443e-10,2.2888962884459677e-11,1.1289207376992054e-11,1.6096950950094134e-11,6.429917168638903e-10,0.9203792224824794,0.035542324978843375,0.017530050591284336,0.02499558694401077,24.811315523367497,48.23066105646755
SC4001E,SC4001E0-PSG.edf,SC4001EC-Hypnogram.edf,Fpz-Cz,100.0,561,45660.0,1,Acordado,6.014639817254744e-07,3.5829919829873096e-05,1.2837831550151335e-09,-9.636035054518455e-05,0.00012123951029613558,0.00021759986084132012,3.582899644447368e-05,0.18225079375811856,0.16554455446236327,8.818994897182305e-10,3.983865126819203e-11,1.1043395320118816e-11,2.1523471194615058e-11,9.543050075011561e-10,0.9231601245607027,0.041702546260487194,0.011560072681923475,0.02253047040014496,21.59472613154379,73.22681571740767
SC4001E,SC4001E0-PSG.edf,SC4001EC-Hypnogram.edf,Fpz-Cz,100.0,562,45690.0,1,Acordado,-2.1763365921624278e-07,3.146611818955521e-05,9.90116593919057e-10,-0.00010238547696567417,9.98026210894968e-05,0.00020218809805517098,3.146162614144477e-05,-0.38690117712839694,0.9126939431077075,6.989796570006367e-10,5.645338563716071e-11,8.327083671069801e-12,1.0294619328215573e-11,7.740547456370828e-10,0.9018455288936866,0.07283793300401885,0.010743865150099906,0.01328244151289411,12.166030761267068,74.94085843452768
SC4001E,SC4001E0-PSG.edf,SC4001EC-Hypnogram.edf,Fpz-Cz,100.0,563,45720.0,1,Acordado,-1.4294030857808727e-07,2.9243470092348882e-05,8.551805430421036e-10,-8.518591197951192e-05,0.00012410835220188468,0.0002092942641813966,2.9238945172370807e-05,0.2546191352443119,1.7755209069467046,5.123060536911349e-10,2.832388818444682e-11,4.943805705090058e-12,5.477102334020928e-12,5.510508499146927e-10,0.9280051896855164,0.05130666529871959,0.008955344794513069,0.009921372885971091,17.4706045279104,86.1915882028941
SC4001E,SC4001E0-PSG.edf,SC4001EC-Hypnogram.edf,Fpz-Cz,100.0,564,45750.0,1,Acordado,2.985490513191002e-08,2.8763296089774923e-05,8.273272019480613e-10,-9.388244254536863e-05,9.437730725216563e-05,0.00018825974979753426,2.875851730408644e-05,-0.1391061268250972,0.56516637854287,5.518661668357236e-10,4.099504109832732e-11,7.062722926213583e-12,6.394822094467064e-12,6.063187529547315e-10,0.9086927814278424,0.06750168819730654,0.011629350965785221,0.010529597617980559,13.141222211060168,68.44662428389947
SC4001E,SC4001E0-PSG.edf,SC4001EC-Hypnogram.edf,Fpz-Cz,100.0,565,45780.0,1,Acordado,3.185749317566031e-07,2.942380300041494e-05,8.657601830072272e-10,-0.00012883347403219465,0.0001358302485576846,0.00026466372258987926,2.9420623485349554e-05,0.19531768593237706,3.1850849717393483,5.25643681414683e-10,2.641803298369005e-11,6.3224232615258235e-12,9.776778699524525e-12,5.681609163594233e-10,0.9235414208988669,0.046415753830516264,0.0111083229360978,0.017177529971770796,19.171458496945004,71.78548175118068
SC4001E,SC4001E0-PSG.edf,SC4001EC-Hypnogram.edf,Fpz-Cz,100.0,566,45810.0,1,Acordado,-1.688874216432881e-07,3.382125889587139e-05,1.1438775533015595e-09,-0.00011268765281514874,0.00012883499069047004,0.00024152264350561878,3.38160432893173e-05,0.12856118402634795,2.9925097569742096,5.502468341118317e-10,1.4531728842768475e-11,6.944691135968079e-12,6.83398822536292e-12,5.78557242315931e-10,0.9494262066556637,0.025073845656210212,0.011982752744520715,0.01179173984273592,35.427275333101434,69.25968860144779
SC4001E,SC4001E0-PSG.edf,SC4001EC-Hypnogram.edf,Fpz-Cz,100.0,567,45840.0,1,Acordado,-5.067341969599083e-08,1.0398268123729307e-05,1.0812397997296502e-10,-3.609775484112913e-05,3.327162675524718e-05,6.93693815963763e-05,1.0396658426714375e-05,-0.2791849364482303,0.2066487441362037,5.199898822293871e-11,1.7299885378350744e-11,8.971830664640834e-12,2.867579513935454e-12,8.113828377986575e-11,0.6330664074050818,0.21061902662484652,0.10922836772053503,0.03491160737690471,2.8414925639072535,5.214587970022615
SC4001E,SC4001E0-PSG.edf,SC4001EC-Hypnogram.edf,Fpz-Cz,100.0,568,45870.0,1,Acordado,-1.6055222783428722e-08,8.749750232060999e-06,7.65581291234515e-11,-3.4031591422567746e-05,3.088814812114415e-05,6.49197395437119e-05,8.748306551399286e-06,-0.06287236901433503,0.1481760111516186,2.2420503120879378e-11,3.416550250556497e-11,1.3148388929683517e-11,2.9570322852626555e-12,7.269142684139052e-11,0.304248459853221,0.4636292710019168,0.1784249470156604,0.04012722255503633,0.6375709579958743,1.5846682779437065
SC4001E,SC4001E0-PSG.edf,SC4001EC-Hypnogram.edf,Fpz-Cz,100.0,569,45900.0,1,Acordado,-1.5480356342867245e-08,8.588992236973242e-06,7.377078764678661e-11,-2.9246396549240863e-05,2.7688406869461974e-05,5.693480341870284e-05,8.587574571767642e-06,-0.13641518861695276,-0.12102316388275591,2.3957639938709647e-11,3.138610665647035e-11,1.158199420881399e-11,2.616314723245139e-12,6.954205552723911e-11,0.3396220844381072,0.44492758854114933,0.16418566374695048,0.03708872251723477,0.7397505415774699,1.9041210432227622
SC4001E,SC4001E0-PSG.edf,SC4001EC-Hypnogram.edf,Fpz-Cz,100.0,570,45930.0,1,Acordado,4.036013568742696e-08,8.391239292911066e-06,7.041289687089461e-11,-3.4033529895951246e-05,2.8026543966757007e-05,6.206007386270825e-05,8.389937714061035e-06,-0.16328224709034192,0.4793209266411975,2.4231443668726084e-11,2.1388976860528205e-11,1.2692349269033605e-11,2.703655136041501e-12,6.10164249343294e-11,0.39072622606648655,0.3448921295153256,0.20466109232310345,0.043595791581092634,1.0822934794955348,1.7697068043339739
SC4001E,SC4001E0-PSG.edf,SC4001EC-Hypnogram.edf,Fpz-Cz,100.0,571,45960.0,1,Acordado,-5.985105851181459e-08,8.586673387952145e-06,7.373095987136558e-11,-2.7607915301242285e-05,2.425816068554807e-05,5.1866075986790354e-05,8.585450776397637e-06,-0.10049831324295165,0.012400202832148377,2.3601311587832754e-11,2.860574837162876e-11,1.28540150006721e-11,2.9472099797797645e-12,6.800828493991336e-11,0.34200692870983246,0.4145262905249167,0.186267707013213,0.04270806008794377,0.7971867926314584,1.7035719671653153
SC4001E,SC4001E0-PSG.edf,SC4001EC-Hypnogram.edf,Fpz-Cz,100.0,572,45990.0,1,Acordado,1.750320615783658e-07,8.411050013278266e-06,7.074576232586833e-11,-3.9118651863678827e-05,2.7553414843121476e-05,6.667206670680031e-05,8.411469350100102e-06,-0.34003076148822353,0.7045248421993864,2.3388227557562255e-11,2.442831091481644e-11,1.1820523419025381e-11,3.0974728479156444e-12,6.273453473931973e-11,0.36696318021653906,0.3832821721336877,0.18546496757797698,0.04859959926882029,0.9197711808665404,1.824280241386606
SC4001E,SC4001E0-PSG.edf,SC4001EC-Hypnogram.edf,Fpz-Cz,100.0,573,46020.0,1,Acordado,-1.4087027500694605e-07,8.95711465867092e-06,8.022990300857748e-11,-3.0316956732193895e-05,4.7555827746251575e-05,7.787278447844546e-05,8.956729544982094e-06,0.03625708855994296,0.906496092134653,3.248626214270995e-11,1.9992369822917202e-11,1.233931406517034e-11,2.8639102566553896e-12,6.768185628745288e-11,0.4729962743980858,0.2910866261279182,0.17965900649986571,0.04169820694229812,1.5475271451841974,2.4353772603295485
SC4001E,SC4001E0-PSG.edf,SC4001EC-Hypnogram.edf,Fpz-Cz,100.0,574,46050.0,1,Acordado,3.892601209661575e-08,6.916512796954582e-06,4.7838149270436495e-11,-2.324585209615913e-05,2.272465113799951e-05,4.5970503234158644e-05,6.915469503591021e-06,-0.008176570037548252,-0.15097666838856894,2.0298937893739863e-11,1.1921143612885434e-11,8.189230462304857e-12,2.4013596984040806e-12,4.281067166733424e-11,0.4633331816474978,0.2721059312535941,0.18692318904598865,0.054812209149364924,1.5709861682441966,2.2089921432494415
SC4001E,SC4001E0-PSG.edf,SC4001EC-Hypnogram.edf,Fpz-Cz,100.0,575,46080.0,1,Acordado,4.803542227710197e-09,7.631541328001642e-06,5.824042304099706e-11,-2.39798289575023e-05,2.2358284396791373e-05,4.633811335429367e-05,7.630270810441004e-06,-0.06965436014974208,-0.2124895003420222,2.4191317083408344e-11,1.5995240924507832e-11,9.365906497819262e-12,2.9270859628209678e-12,5.24795504685564e-11,0.45234705362065003,0.2990907886167129,0.17513061377219313,0.054732807908360485,1.4234171313525468,2.3337386931377027
SC4001E,SC4001E0-PSG.edf,SC4001EC-Hypnogram.edf,Fpz-Cz,100.0,576,46110.0,1,Acordado,-8.466392343111776e-08,7.71905378191889e-06,5.958379128815633e-11,-2.4994519616499823e-05,2.4931012682994556e-05,4.992553229949438e-05,7.718231533474774e-06,-0.0126122167815291,0.019134511798708953,2.4913793260946215e-11,1.5433689384908195e-11,7.928857131797603e-12,2.3820418273722862e-12,5.06583816050243e-11,0.48227978668466637,0.2987644774261978,0.15348636340218683,0.04611142961436888,1.5160194815307684,2.790255560504242
SC4001E,SC4001E0-PSG.edf,SC4001EC-Hypnogram.edf,Fpz-Cz,100.0,577,46140.0,2,N1,1.2008475630666504e-07,7.122319782210388e-06,5.0727439080065426e-11,-2.611250693795488e-05,2.3768037967459485e-05,4.9880544905414366e-05,7.122145061875855e-06,-0.11685567765331177,-0.06305432470328176,2.302268732386962e-11,1.3334520730357833e-11,5.565352537825651e-12,2.633184746169419e-12,4.455574533822253e-11,0.5053739578387042,0.29270777223284283,0.12216576628274733,0.057801375581053305,1.6061009472825887,3.506694757246714
SC4001E,SC4001E0-PSG.edf,SC4001EC-Hypnogram.edf,Fpz-Cz,100.0,578,46170.0,2,N1,-7.870119083403208e-08,8.235297600836091e-06,6.782012657433669e-11,-2.9477904479723014e-05,2.9777922103861064e-05,5.925582658358408e-05,8.234301047624945e-06,0.06345467051410884,0.10732701072209716,2.9377011227529404e-11,2.2921773778743125e-11,6.3548358396700555e-12,3.4345774747462222e-12,6.20881983206888e-11,0.46564986811322,0.36332902807316797,0.10072939169014256,0.05444088698313494,1.228044855671773,3.9942443132554377
SC4001E,SC4001E0-PSG.edf,SC4001EC-Hypnogram.edf,Fpz-Cz,100.0,579,46200.0,2,N1,1.0906217894850724e-07,7.492671675578681e-06,5.614012883801904e-11,-2.9664857628315773e-05,3.186842563344987e-05,6.153328326176564e-05,7.492216629317167e-06,-0.027529849522942143,0.34117229948033945,2.8825844373547275e-11,9.934635335803649e-12,6.816216665742844e-12,6.632594927412693e-12,5.220929130250646e-11,0.5417445650547391,0.18670865731556305,0.12810200058841528,0.12465106685418792,2.636196223129804,3.687953597791893
SC4001E,SC4001E0-PSG.edf,SC4001EC-Hypnogram.edf,Fpz-Cz,100.0,580,46230.0,1,Acordado,-1.0896506309017379e-07,9.06900656224598e-06,8.224688002606066e-11,-3.343298345163646e-05,2.9886495266488904e-05,6.331947871812536e-05,9.068149633985951e-06,-0.05249263793374299,0.08310759832624637,3.60913152335174e-11,2.1321727981574587e-11,1.2059062739767076e-11,3.0199278236019242e-12,7.2492033778461e-11,0.49109152894466535,0.2901229818438301,0.16408666517678192,0.04109190708622086,1.6168692344655793,2.7636987395437793
SC4001E,SC4001E0-PSG.edf,SC4001EC-Hypnogram.edf,Fpz-Cz,100.0,581,46260.0,2,N1,3.3923689173315584e-08,7.330043157781696e-06,5.372953269494226e-11,-2.6031256504728836e-05,2.705834169877318e-05,5.308959820350201e-05,7.328899894758949e-06,-0.014953284756051306,0.10589316524874182,2.5513706659734656e-11,1.3419060865592109e-11,8.058649503363827e-12,2.0423690851069804e-12,4.903378611379757e-11,0.5099295624301928,0.2681999886051318,0.16106415542959546,0.04081979885475359,1.769443023894674,2.8165022446514163
SC4001E,SC4001E0-PSG.edf,SC4001EC-Hypnogram.edf,Fpz-Cz,100.0,582,46290.0,2,N1,-5.7718509316300765e-08,7.957177787374133e-06,6.331667833988031e-11,-2.8259424796536266e-05,3.4979483135626034e-05,6.323890793216231e-05,7.956060847350992e-06,0.0832156026821613,0.6199463405542027,3.515071958964086e-11,1.5469387794824827e-11,5.483383156987888e-12,2.9660715558120903e-12,5.906956209726569e-11,0.585166902544157,0.25752456410080904,0.09128388763861968,0.0493772794782385,2.1343063887709453,5.421663156180255
SC4001E,SC4001E0-PSG.edf,SC4001EC-Hypnogram.edf,Fpz-Cz,100.0,583,46320.0,2,N1,1.3411436805080922e-09,8.142280313855204e-06,6.629672870939401e-11,-2.5996659884643327e-05,3.389280717682503e-05,5.9889467061468354e-05,8.140923264500815e-06,0.00450323755115283,0.13753445118607566,3.4979502632097815e-11,1.1298517097053931e-11,4.9073006005740495e-12,2.5816736301115532e-12,5.376699395983735e-11,0.6386967788984286,0.2063015747283765,0.08960324906955369,0.04713922462139859,2.844204903408805,5.921402176266201
SC4001E,SC4001E0-PSG.edf,SC4001EC-Hypnogram.edf,Fpz-Cz,100.0,584,46350.0,2,N1,7.825084680061238e-08,1.0212763206297633e-05,1.043005323079067e-10,-4.703535065707234e-05,7.383780806891342e-05,0.00012087315872598577,1.0211360764307031e-05,0.41134493159970636,4.7665164020320105,8.096906149023685e-11,1.9826692443862197e-11,2.4632458365094525e-12,2.2485176878795314e-12,1.0550751745848803e-10,0.7602192166557168,0.1861529863522523,0.023127436403439956,0.021111351964014233,3.8877542225433457,23.379530449921575
SC4001E,SC4001E0-PSG.edf,SC4001EC-Hypnogram.edf,Fpz-Cz,100.0,585,46380.0,3,N2,-8.952362743292729e-10,1.2124788474663066e-05,1.470104955553223e-10,-5.884627789096351e-05,6.153070058216725e-05,0.00012037697847313075,1.212276754121153e-05,-0.12386776725681413,3.503354933136558,1.0737891991054652e-10,1.9143288122698255e-11,3.2822571533318025e-12,2.5597556495120704e-12,1.323642208360886e-10,0.8051553800364543,0.14354140865282247,0.0246112273048546,0.019193721025507586,5.330754306668915,25.075308666832527
SC4001E,SC4001E0-PSG.edf,SC4001EC-Hypnogram.edf,Fpz-Cz,100.0,586,46410.0,3,N2,-9.815418959416516e-09,1.2456294783918212e-05,1.5515927974386806e-10,-5.4024766846225764e-05,6.052744074534819e-05,0.00011455220759157395,1.245422242961811e-05,0.2372186026628917,2.5035195707394973,1.1466553497356917e-10,2.033393818591829e-11,7.9491101964091e-12,3.459263466560669e-12,1.4640784682245726e-10,0.7778794510964944,0.13794339056053875,0.05392596369705653,0.02346729527042829,5.37479456321175,12.813065484385207
SC4001E,SC4001E0-PSG.edf,SC4001EC-Hypnogram.edf,Fpz-Cz,100.0,587,46440.0,3,N2,-1.5584898118392557e-07,1.0314218582500808e-05,1.06383104967605e-10,-4.068458577477672e-05,2.8496375278516006e-05,6.918096105329273e-05,1.0313676979504055e-05,-0.12687606478748406,0.22660448737464645,7.220745668965981e-11,1.4512591926457369e-11,2.5021067120389997e-12,2.4868668874381853e-12,9.170902221559437e-11,0.7788611611256318,0.1565391542228588,0.02698881567556999,0.026824432272136243,4.654764144637042,20.61829139627191
SC4001E,SC4001E0-PSG.edf,SC4001EC-Hypnogram.edf,Fpz-Cz,100.0,588,46470.0,3,N2,1.627284369129811e-07,1.4330235070555684e-05,2.0535563717738406e-10,-5.226731541655494e-05,7.030699385627401e-05,0.00012257430927282894,1.4328770562839824e-05,0.2772144598247231,2.413994930493333,1.517237639337727e-10,1.9723400007386415e-11,5.231899364751778e-12,3.186340970358089e-12,1.79865404276269e-10,0.8388766472001307,0.1090501529925493,0.028927032152374126,0.017617194305943686,7.321374093039463,24.346311622414333
SC4001E,SC4001E0-PSG.edf,SC4001EC-Hypnogram.edf,Fpz-Cz,100.0,589,46500.0,3,N2,1.0608747807803044e-08,9.815674844320818e-06,9.63474726494325e-11,-3.397893260247768e-05,3.788314990030664e-05,7.186208250278432e-05,9.81404449606512e-06,0.059245929587557,0.42701142749409726,6.378910981523873e-11,1.4620057473741734e-11,3.7282844172758905e-12,2.18079249150613e-12,8.431824419776249e-11,0.7476608363784357,0.17135909923150003,0.04369856004811767,0.025560681798035906,4.083794821015998,13.490962934076116
SC4001E,SC4001E0-PSG.edf,SC4001EC-Hypnogram.edf,Fpz-Cz,100.0,590,46530.0,3,N2,-8.923282582087497e-08,1.2856946987246919e-05,1.653010858328776e-10,-6.646257842881652e-05,5.2299645551180696e-05,0.00011876222397999721,1.2855113689428705e-05,-0.36855529387878244,3.2762260426593244,1.17839897869094e-10,1.0404311591859267e-11,3.4257009429299665e-12,3.117848374969422e-12,1.347877587788527e-10,0.8678241612413014,0.07662186698879084,0.02522834881242239,0.0229611888656858,10.332925132737655,26.626267655373915
SC4001E,SC4001E0-PSG.edf,SC4001EC-Hypnogram.edf,Fpz-Cz,100.0,591,46560.0,3,N2,-4.8969872367510205e-08,1.2442612915006775e-05,1.548186161526934e-10,-4.761408942655981e-05,7.309970087755873e-05,0.00012071379030411854,1.2440635353377609e-05,0.6666886386083533,4.038442867826267,8.496983950961802e-11,1.9048487989100623e-11,3.926108375750379e-12,3.8330784564155954e-12,1.1177751433088463e-10,0.7534289083577421,0.16890324371942741,0.03481286494957973,0.03398796718616709,4.23821684487189,17.24887741566888
SC4001E,SC4001E0-PSG.edf,SC4001EC-Hypnogram.edf,Fpz-Cz,100.0,592,46590.0,3,N2,6.992355305871467e-08,1.372660144297888e-05,1.8841958717438987e-10,-6.724162421885621e-05,8.135805541784806e-05,0.00014859967963670427,1.3724491609841297e-05,0.28191066315330987,4.038002504664633,1.3494096091933095e-10,1.8917084616670557e-11,8.440695304491022e-12,5.361991491847588e-12,1.676607323323401e-10,0.8000733724636894,0.11216057439733572,0.050045408838015275,0.03179158193907264,6.775136196709515,14.29354052504357
SC4001E,SC4001E0-PSG.edf,SC4001EC-Hypnogram.edf,Fpz-Cz,100.0,593,46620.0,3,N2,1.0199959961943488e-07,1.099694541022039e-05,1.2093280835536732e-10,-6.098657079363088e-05,4.491378552995104e-05,0.00010590035632358191,1.0995585538641013e-05,-0.2088534544023708,0.897227634275704,7.967341321323311e-11,1.6997857464314556e-11,5.544421734230472e-12,6.514023432346373e-12,1.0872971584412451e-10,0.7260878477659817,0.15490660240532017,0.050527987715802955,0.05936426046705349,4.426827658303574,12.174248000629735
SC4001E,SC4001E0-PSG.edf,SC4001EC-Hypnogram.edf,Fpz-Cz,100.0,594,46650.0,3,N2,-2.8305192653896405e-08,1.3275978481488353e-05,1.7625160464094178e-10,-4.9034872931923704e-05,7.169303510368914e-05,0.00012072790803561284,1.3273795813179916e-05,0.5511434748189233,3.278820251805291,1.2950859872097882e-10,1.5250307093495092e-11,3.8209074626599684e-12,4.266602541527387e-12,1.5284641581866127e-10,0.8418044582438019,0.09912682731244532,0.02483585621626487,0.027732869295807518,7.969609311126212,26.863946201846733
SC4001E,SC4001E0-PSG.edf,SC4001EC-Hypnogram.edf,Fpz-Cz,100.0,595,46680.0,3,N2,-7.018839278990481e-08,1.0680960045281635e-05,1.1408290748890265e-10,-5.3467711078730194e-05,4.5087171148133565e-05,9.855488222686377e-05,1.0679410389321847e-05,-0.26715906082554747,2.406787850337637,6.426999560621515e-11,1.4663261730240428e-11,4.4915025424719515e-12,2.6368452421066344e-12,8.606160512103417e-11,0.7382128495892785,0.16842397644582102,0.05158993492283776,0.030287119545301954,4.103231926600043,11.703535618738798
SC4001E,SC4001E0-PSG.edf,SC4001EC-Hypnogram.edf,Fpz-Cz,100.0,596,46710.0,3,N2,-8.494215975021855e-08,1.4400530248380998e-05,2.0737527143453607e-10,-5.358700065592741e-05,6.624745922195687e-05,0.00011983445987788427,1.4398380517077639e-05,0.04938232288555011,2.71086047418692,1.260232611526548e-10,2.8717878184166156e-11,7.167053723977011e-12,7.604800086015696e-12,1.6951299314681366e-10,0.739083038933856,0.16842046845919673,0.04203230259295311,0.04459953429747066,4.240654745660835,15.430688399008936
SC4001E,SC4001E0-PSG.edf,SC4001EC-Hypnogram.edf,Fpz-Cz,100.0,597,46740.0,3,N2,1.311152686088131e-07,1.2374072960202579e-05,1.531176816244166e-10,-6.0487178331702756e-05,8.478044058039782e-05,0.00014526761891210058,1.237270518564436e-05,0.8651693151946186,8.23957053685381,1.1678380470291317e-10,1.232823910645482e-11,7.202291189057676e-12,7.615545332920736e-12,1.4392988033134642e-10,0.8057952192875328,0.08506347399355704,0.04969500542325305,0.052546412896427364,8.762133074755177,14.237949130446554
SC4001E,SC4001E0-PSG.edf,SC4001EC-Hypnogram.edf,Fpz-Cz,100.0,598,46770.0,3,N2,-4.60391954162244e-08,1.1645123088070623e-05,1.3560889173631547e-10,-5.4562890614894954e-05,5.976734258874025e-05,0.0001143302332036352,1.1643273095651323e-05,0.3977309681278542,3.0955068605441536,9.352610315512209e-11,1.4638115447006967e-11,4.144209663676406e-12,3.221738909481883e-12,1.1553016717528733e-10,0.8025913411283276,0.12561653176887647,0.03556340614737634,0.02764725210284535,5.980650512016931,18.180849784470468
SC4001E,SC4001E0-PSG.edf,SC4001EC-Hypnogram.edf,Fpz-Cz,100.0,599,46800.0,3,N2,-7.016138005851831e-08,1.0936181098356853e-05,1.196000570160577e-10,-5.818931431836653e-05,5.052120162480369e-05,0.00010871051594317022,1.0934583345955044e-05,-0.5922906845193251,3.0137168236360434,8.210426344106968e-11,2.5894078518661653e-11,3.5578526917171725e-12,3.776526906384445e-12,1.1533272155783293e-10,0.7057710190357137,0.22258637270674383,0.030583421792882613,0.03246315272102532,3.0528751295233256,18.013803647115427
SC4001E,SC4001E0-PSG.edf,SC4001EC-Hypnogram.edf,Fpz-Cz,100.0,600,46830.0,3,N2,1.4987972151952425e-07,1.1408534947705541e-05,1.3015466965301868e-10,-4.922129677037563e-05,6.555830428270661e-05,0.00011477960105308224,1.1407618011401727e-05,0.40851290770729987,3.448171886035034,8.683334219663532e-11,1.684766801894291e-11,6.2888420512784865e-12,5.596936576987971e-12,1.1556678884384467e-10,0.7449235160192934,0.1445323165032229,0.053950547266967706,0.048014847389214306,4.865248619846209,11.91318752495185
SC4001E,SC4001E0-PSG.edf,SC4001EC-Hypnogram.edf,Fpz-Cz,100.0,601,46860.0,3,N2,-1.5781618554539835e-07,1.4714813603522829e-05,2.165257393864205e-10,-5.9023059649050734e-05,7.715138629256846e-05,0.0001361744459416192,1.4713207335193047e-05,0.4216525482019769,3.2830360176901774,1.7858154843647512e-10,2.28914827961754e-11,5.50947513948538e-12,7.0641345751848465e-12,2.1404664094732074e-10,0.8304317037912796,0.1064489205473479,0.025619907919580187,0.03284931373057496,7.47469506016022,27.43409331932609
SC4001E,SC4001E0-PSG.edf,SC4001EC-Hypnogram.edf,Fpz-Cz,100.0,602,46890.0,3,N2,1.6384529794199645e-07,1.0114603304459147e-05,1.023052000065759e-10,-5.642907832592021e-05,3.84432602150202e-05,9.487233854094041e-05,1.0114244586468041e-05,-0.18476225426046036,1.2618021719177719,5.8001911241263115e-11,1.5030497657255634e-11,7.804041265548945e-12,6.492131051070051e-12,8.732858121513773e-11,0.6566607370267911,0.17016573175387664,0.0883523901118825,0.07349977732867095,3.618222745256484,6.588100792783666
SC4001E,SC4001E0-PSG.edf,SC4001EC-Hypnogram.edf,Fpz-Cz,100.0,603,46920.0,3,N2,-3.777845489435489e-08,1.2430543948711617e-05,1.54518422860851e-10,-5.331445692037074e-05,7.055263923390299e-05,0.00012386709615427372,1.2428529435599033e-05,0.1752309566216043,1.905718888989803,9.377450209412443e-11,1.4390235617759768e-11,7.127060180865606e-12,5.0525295182803694e-12,1.2034432741103017e-10,0.7727967519773846,0.11859009749187253,0.05873418504949213,0.041637953961917926,6.093116728239825,11.538551457377862
SC4001E,SC4001E0-PSG.edf,SC4001EC-Hypnogram.edf,Fpz-Cz,100.0,604,46950.0,3,N2,-1.0238868411557515e-07,1.1928336358485381e-05,1.4228520828116428e-10,-4.374993256221173e-05,3.9311207649075455e-05,8.306114021128718e-05,1.1926787636284921e-05,-0.1566175606090887,0.36460488698205706,9.879463109332314e-11,1.4937694024198166e-11,4.43421978125999e-12,4.084514574357201e-12,1.2225105947313848e-10,0.8015722665236366,0.12119728696899121,0.03597713318015242,0.03313979280841303,6.198803349049333,18.180094856306386
SC4001E,SC4001E0-PSG.edf,SC4001EC-Hypnogram.edf,Fpz-Cz,100.0,605,46980.0,3,N2,-1.1960183738269354e-07,1.170200819946696e-05,1.3693699590039194e-10,-4.600544990062266e-05,5.2165496809908425e-05,9.817094671053109e-05,1.1700668990899502e-05,0.11331290914782541,0.9695444494291068,8.794877087808145e-11,1.6083043969390805e-11,5.2372376152900655e-12,4.264828884684757e-12,1.1353388134744708e-10,0.7678843137366688,0.14042171434496045,0.04572653570870016,0.03723639533132629,5.148307938308126,14.10059649843745
SC4001E,SC4001E0-PSG.edf,SC4001EC-Hypnogram.edf,Fpz-Cz,100.0,606,47010.0,3,N2,1.0242171953423193e-07,1.1828601419292022e-05,1.3991581153647723e-10,-5.0373130794385726e-05,4.397163095225953e-05,9.434476174664526e-05,1.1827073312585158e-05,-0.0331122333652067,1.0377756620494125,9.5519991704664e-11,2.0222913878499696e-11,8.910005798820873e-12,5.792383251269793e-12,1.3044529463325438e-10,0.7266900802434534,0.15385042070105032,0.06778489731169676,0.04406687411239121,4.500795331475781,9.63874226148579
SC4001E,SC4001E0-PSG.edf,SC4001EC-Hypnogram.edf,Fpz-Cz,100.0,607,47040.0,3,N2,5.14702626860642e-07,1.3755619115676452e-05,1.8921705725556342e-10,-4.6354305226418356e-05,9.91314308077675e-05,0.00014548573603418585,1.3762954032374086e-05,1.3854458921856538,8.487941833258686,9.3785839802502e-11,1.86160820539049e-11,5.4774672759334856e-12,4.567183319785534e-12,1.2244657245212595e-10,0.7597281798882936,0.1508027455450368,0.044371157231260616,0.03699724689850536,4.7810688976921565,14.478782494348653
SC4001E,SC4001E0-PSG.edf,SC4001EC-Hypnogram.edf,Fpz-Cz,100.0,608,47070.0,1,Acordado,-5.430161383792196e-07,2.2827422500439555e-05,5.210912180135741e-10,-9.428834587586838e-05,8.359126388749936e-05,0.00017787960976336774,2.2830076378922677e-05,0.0019608486141045496,2.2989463724637513,2.156595164226665e-10,9.078801759664212e-12,1.1988106515487779e-11,1.8409448411782334e-11,2.551358731096008e-10,0.8419731051510523,0.035445256650088144,0.046803699809585264,0.07187376054858552,21.397336862576754,16.604384647254122
SC4001E,SC4001E0-PSG.edf,SC4001EC-Hypnogram.edf,Fpz-Cz,100.0,609,47100.0,1,Acordado,1.3105148440617086e-07,8.266165808445231e-06,6.8329497172709e-11,-2.9699082417166558e-05,2.467673311810945e-05,5.437581553527601e-05,8.265826949871167e-06,0.0014308629830844246,0.0631677037798335,3.311823830644716e-11,1.2409644651750178e-11,7.480255250028997e-12,3.3519308196321175e-12,5.6360069027858455e-11,0.577374449991725,0.21634640372770647,0.13040875607029012,0.058436659446908304,2.469732730921001,3.9053350789569596
SC4001E,SC4001E0-PSG.edf,SC4001EC-Hypnogram.edf,Fpz-Cz,100.0,610,47130.0,2,N1,-6.109699423608591e-08,1.0818461263470682e-05,1.1703910410921567e-10,-4.701600923286539e-05,3.581855367505168e-05,8.283456290791707e-05,1.081683058558362e-05,-0.20510790453457173,1.3296656429536506,8.214275041877724e-11,1.0516536571338761e-11,2.9762669155040854e-12,2.5364234680149765e-12,9.817197737363506e-11,0.8282858988411675,0.10604342930177965,0.0300111684199949,0.02557600982845066,7.132591461846798,20.65825865423919
SC4001E,SC4001E0-PSG.edf,SC4001EC-Hypnogram.edf,Fpz-Cz,100.0,611,47160.0,3,N2,-5.426113286706909e-09,1.6444607832216875e-05,2.7042512675540854e-10,-6.024507394872685e-05,7.401087432951068e-05,0.00013425594827823752,1.6441867731167143e-05,0.350086466406774,2.28684019700548,2.0472713911402624e-10,2.076426021094864e-11,5.7775691939482375e-12,5.027953467392682e-12,2.3629692198631576e-10,0.8627467115895935,0.08750328507061737,0.024347425771841295,0.02118844789601877,9.406574683895622,30.206573072957966
SC4001E,SC4001E0-PSG.edf,SC4001EC-Hypnogram.edf,Fpz-Cz,100.0,612,47190.0,3,N2,2.3767118229477228e-08,1.549238499222399e-05,2.4001399274728707e-10,-7.378954475566368e-05,6.660494210208553e-05,0.00014039448685774922,1.548982094663934e-05,-0.10576942694164398,2.824358098273203,1.8289584070237233e-10,1.6353429005239933e-11,9.019413155952605e-12,6.593700124206756e-12,2.1486238298777167e-10,0.8472798186089382,0.07575858646092282,0.04178316310194511,0.0305458507079498,10.539464024496038,18.2541470099686
SC4001E,SC4001E0-PSG.edf,SC4001EC-Hypnogram.edf,Fpz-Cz,100.0,613,47220.0,3,N2,1.812018479935584e-07,9.648194247189837e-06,9.308765223150707e-11,-4.456308703944325e-05,3.804544074581902e-05,8.260852778526226e-05,9.648287781975248e-06,-0.20809824160326987,1.5994607349840928,5.999574665050463e-11,1.5327947087911248e-11,4.3513626989250155e-12,2.9411159141538834e-12,8.261617235149477e-11,0.7175136694645903,0.1833131875910036,0.0520397260069897,0.035174007987239644,3.674420692784079,11.211302620649617
SC4001E,SC4001E0-PSG.edf,SC4001EC-Hypnogram.edf,Fpz-Cz,100.0,614,47250.0,3,N2,-9.787898100279996e-08,1.218547098075938e-05,1.4848570302292898e-10,-4.3905178339222046e-05,6.957111083652774e-05,0.00011347628917574979,1.2183833062033891e-05,0.6326097153977052,2.518897360616206,1.0627762356604794e-10,1.4126919007466996e-11,5.516220773965016e-12,4.414072626833829e-12,1.3033483597431382e-10,0.8092112254728325,0.10756414246582612,0.04200120046629416,0.03360930551355867,7.0257283398943855,16.309702702319537
SC4001E,SC4001E0-PSG.edf,SC4001EC-Hypnogram.edf,Fpz-Cz,100.0,615,47280.0,3,N2,-1.2096602689909608e-07,1.1724487149733745e-05,1.3746359892427172e-10,-5.243406572358392e-05,3.745185698684993e-05,8.988592271043385e-05,1.172315701951885e-05,-0.3175037008473968,0.8451492367338695,9.940813555793649e-11,1.5632751414298528e-11,1.1081685537498216e-11,6.809764768738275e-12,1.3293233727847151e-10,0.7422265419832669,0.11672126188461104,0.0827409254753557,0.050844813934512643,5.976650109282532,8.228002231096074
SC4001E,SC4001E0-PSG.edf,SC4001EC-Hypnogram.edf,Fpz-Cz,100.0,616,47310.0,3,N2,2.306365309199421e-08,1.3131853559686437e-05,1.7244557791304934e-10,-5.585152703359867e-05,5.382605338658939e-05,0.00010967758042018807,1.3129684991873908e-05,0.08046768355525177,1.2023875900096286,1.3155931399132718e-10,2.127858907181981e-11,6.925091178423656e-12,4.080898962088291e-12,1.63843893203659e-10,0.7980842446422334,0.1290832718051062,0.042009995298205816,0.02475614281353135,5.905190565130382,16.600353362432234
SC4001E,SC4001E0-PSG.edf,SC4001EC-Hypnogram.edf,Fpz-Cz,100.0,617,47340.0,3,N2,3.553760887847757e-08,1.3189906229600027e-05,1.7397362634564161e-10,-5.216767347852175e-05,5.2846075243033865e-05,0.00010501374872155561,1.3187755611115355e-05,0.07817611441098202,1.0971942359823998,1.3463475538097818e-10,2.046736434289519e-11,5.936439468837834e-12,5.3464586295808106e-12,1.6638501782229197e-10,0.8043417334036203,0.1222771584289869,0.03546577552801283,0.031941082297204146,6.271601545046527,19.409778746838192
SC4001E,SC4001E0-PSG.edf,SC4001EC-Hypnogram.edf,Fpz-Cz,100.0,618,47370.0,3,N2,8.867169525711276e-08,1.1108501017947691e-05,1.233987948657449e-10,-5.678755788626794e-05,6.345089477041279e-05,0.00012023845265668073,1.110700340342357e-05,0.22857346531480371,2.9925147949511146,8.461574210803743e-11,1.3316521096962277e-11,6.084734455217644e-12,4.572480148194713e-12,1.0858947780841208e-10,0.7721155698539366,0.12151277078117532,0.0555229806446854,0.041723715083198706,5.910356401178458,11.943389359599932
SC4001E,SC4001E0-PSG.edf,SC4001EC-Hypnogram.edf,Fpz-Cz,100.0,619,47400.0,3,N2,-2.2127973459954214e-07,1.1694014772745832e-05,1.3674998150519774e-10,-6.525819507058163e-05,5.156436016271578e-05,0.00011682255523329741,1.1694159349819625e-05,-0.25209730979751,1.817358008524427,1.0158389000607109e-10,1.8323246900222374e-11,7.225970921481135e-12,3.2435508625304065e-12,1.3037665869030498e-10,0.7732263175115104,0.13947109846518382,0.05500193865117975,0.02468894318720991,5.257081821218257,12.349167165276134
SC4001E,SC4001E0-PSG.edf,SC4001EC-Hypnogram.edf,Fpz-Cz,100.0,620,47430.0,3,N2,3.174671975407148e-07,1.2925553391068061e-05,1.6706993046535105e-10,-6.696630122393968e-05,4.7503305224829416e-05,0.0001144696064487691,1.2927297703311532e-05,-0.32152086045968153,2.13777831429298,1.2479582159477536e-10,1.4358363404518797e-11,7.2174175896263465e-12,5.20860231497791e-12,1.515802049038984e-10,0.8179030934804233,0.09410371033098502,0.047302450499212445,0.034136815573543845,8.125593743800687,15.186744525715401
SC4001E,SC4001E0-PSG.edf,SC4001EC-Hypnogram.edf,Fpz-Cz,100.0,621,47460.0,3,N2,-1.9975932965780045e-07,1.3085703233837959e-05,1.7123562912407722e-10,-5.224654385351657e-05,4.7502895409089804e-05,9.974943926260637e-05,1.3085046976255806e-05,-0.3789671226076229,0.8098221409512987,1.2138620778856376e-10,1.763127911005538e-11,4.93239704039858e-12,3.8728266519188484e-12,1.4782271059093658e-10,0.8156430379917854,0.11847169722985235,0.033142771159141673,0.026023089060405187,6.515183797716342,20.461578508981283
SC4001E,SC4001E0-PSG.edf,SC4001EC-Hypnogram.edf,Fpz-Cz,100.0,622,47490.0,3,N2,-8.762216850750542e-08,1.5373976992147265e-05,2.3635916855507343e-10,-6.262587178798233e-05,7.333635638957431e-05,0.00013596222817755665,1.5371664184790434e-05,0.28561520828879783,1.7708897503136685,1.8281176631397257e-10,2.4638466044780652e-11,7.09893769523105e-12,5.871815792293464e-12,2.2042098584627775e-10,0.8256298092760288,0.11127430379108685,0.032060816946048246,0.026518786238130074,7.130370670174648,22.572314196418475
SC4001E,SC4001E0-PSG.edf,SC4001EC-Hypnogram.edf,Fpz-Cz,100.0,623,47520.0,3,N2,2.4815667865266716e-09,1.6895794731301835e-05,2.854678796022868e-10,-6.855633703460246e-05,7.176152363615788e-05,0.00014031786067076035,1.6892978713080564e-05,0.08338185249880567,1.7535045301091632,1.9014695692327187e-10,2.5471781170551547e-11,1.1179115386701238e-11,6.090287147158917e-12,2.3288814062768357e-10,0.8129824642368618,0.10890582610214075,0.04779684577721617,0.026039315763571706,7.18300577124747,15.612542527587788
SC4001E,SC4001E0-PSG.edf,SC4001EC-Hypnogram.edf,Fpz-Cz,100.0,624,47550.0,3,N2,2.24031257706098e-07,1.5255770669974515e-05,2.3273853873485468e-10,-5.125448957329643e-05,7.706582600345111e-05,0.00012832031557674753,1.5254872966576039e-05,0.45665700410451654,1.9462633271755783,1.6884424550528439e-10,2.5574876041384982e-11,1.0178622360759163e-11,7.299929121978014e-12,2.1189767302940648e-10,0.7930769890658353,0.12012755084388571,0.04780992772689085,0.03428844016049772,6.353528996422926,15.104208734878297
SC4001E,SC4001E0-PSG.edf,SC4001EC-Hypnogram.edf,Fpz-Cz,100.0,625,47580.0,3,N2,-4.907786787668707e-08,1.499502480330884e-05,2.2485076885184735e-10,-5.1268136703379354e-05,7.334806524488647e-05,0.0001246162019482658,1.4992605751925806e-05,0.15879585228352577,0.9838641730430635,1.5209429208039416e-10,2.102357596814629e-11,9.31929245161914e-12,4.182200538199709e-12,1.8661936103835932e-10,0.8106535020620715,0.11205440553572699,0.04967127273029026,0.02229087933704585,6.905976227492534,14.738829507301146
SC4001E,SC4001E0-PSG.edf,SC4001EC-Hypnogram.edf,Fpz-Cz,100.0,626,47610.0,3,N2,-4.05716434043619e-07,1.6054136841158673e-05,2.577353097146482e-10,-6.451353867110845e-05,6.945395586602255e-05,0.000133967494537131,1.605658755058485e-05,0.16299215297700348,2.0049100227292813,1.7889352435058598e-10,1.6242316979768238e-11,4.744633897805587e-12,2.7737036818645254e-12,2.026541789100243e-10,0.87841813660805,0.07975440065457334,0.02329750326361727,0.013619674767832608,10.375260155609933,31.14097913514074
SC4001E,SC4001E0-PSG.edf,SC4001EC-Hypnogram.edf,Fpz-Cz,100.0,627,47640.0,3,N2,3.4587667079500534e-07,1.5827867064377873e-05,2.505213758076178e-10,-5.0914963595646845e-05,7.184185309836912e-05,0.00012275681669401598,1.582900816077081e-05,0.4750535171801753,1.9678567611415732,1.4761168008319706e-10,1.9248389737153472e-11,1.1849332062331748e-11,6.501115593275547e-12,1.8521051747595784e-10,0.7927139781578428,0.10336897183929843,0.0636340644070314,0.03491271965405995,7.290045381354279,11.487887414469247
SC4001E,SC4001E0-PSG.edf,SC4001EC-Hypnogram.edf,Fpz-Cz,100.0,628,47670.0,3,N2,-8.160886038092886e-08,1.3990264607117362e-05,1.957275037771607e-10,-5.058269713704443e-05,7.781347225368351e-05,0.00012839616939072795,1.3988170762540552e-05,0.4618941842130152,3.7918247318802383,1.4962029342588446e-10,2.071756443982925e-11,2.9828838750734928e-12,2.9721036379940557e-12,1.7629284537878125e-10,0.8439161383316109,0.1168550507245047,0.01682461505257386,0.016763810359319568,6.889367997061682,37.56581866779223
SC4001E,SC4001E0-PSG.edf,SC4001EC-Hypnogram.edf,Fpz-Cz,100.0,629,47700.0,3,N2,1.5391904986289142e-07,1.560085355644845e-05,2.433866316897502e-10,-6.123778762013607e-05,6.06875412804014e-05,0.00012192532890053747,1.5599012593315992e-05,0.034312368723408475,0.8495015954578213,1.9570996963722266e-10,3.021617331259413e-11,7.452102084535888e-12,6.421910546226204e-12,2.3980015558057885e-10,0.8127485182281468,0.12548236623743753,0.030947247797945027,0.026669046499337677,6.269505479656716,23.155182897671928
SC4001E,SC4001E0-PSG.edf,SC4001EC-Hypnogram.edf,Fpz-Cz,100.0,630,47730.0,3,N2,-6.382635970911692e-08,1.7105469008064553e-05,2.9259706998585695e-10,-7.206556010985949e-05,6.853611992347695e-05,0.00014060168003333644,1.710273695738167e-05,-0.06297969845176689,1.8658225963786679,2.0080592922529383e-10,1.8221533327482106e-11,7.044379353085451e-12,3.923131617491693e-12,2.2999497352335308e-10,0.86930865274864,0.07888281311731637,0.030495812292527135,0.016983623312890283,10.446925633044598,24.962265006594198
SC4001E,SC4001E0-PSG.edf,SC4001EC-Hypnogram.edf,Fpz-Cz,100.0,631,47760.0,3,N2,-1.7062002933484562e-07,1.2510466249085515e-05,1.565117657695078e-10,-4.3942796413643605e-05,5.649843908450706e-05,0.00010044123549815067,1.2509544611029141e-05,-0.023830392520800405,0.7115743724490802,9.272677534137777e-11,1.8907631964070776e-11,4.739724412925219e-12,3.792534219972816e-12,1.2016666593834654e-10,0.7652828822455188,0.15604648207198818,0.03911739566504984,0.03130014505724354,4.657850592613462,16.155266119148056
SC4001E,SC4001E0-PSG.edf,SC4001EC-Hypnogram.edf,Fpz-Cz,100.0,632,47790.0,3,N2,2.4488169848883767e-07,1.3250434216235974e-05,1.7557400691879706e-10,-6.028878246443454e-05,5.267462981657597e-05,0.00011296341228101052,1.3250488643671936e-05,-0.3370598386189213,1.4839202374117546,1.384969490701641e-10,1.887166190918211e-11,6.899835464756363e-12,6.7849873642219875e-12,1.7105343380832454e-10,0.804964748477244,0.10968488969656956,0.04010286404654439,0.03943534990287248,6.9695705222404545,17.531624511427143
SC4001E,SC4001E0-PSG.edf,SC4001EC-Hypnogram.edf,Fpz-Cz,100.0,633,47820.0,3,N2,-7.328537708064784e-08,1.501828900757969e-05,2.2554900471518895e-10,-5.888230346882227e-05,7.453008589295198e-05,0.00013341238936177426,1.5015964586403067e-05,0.16561525963018922,1.4364674228250518,1.9570997725839496e-10,2.118467904474793e-11,7.739665892166052e-12,4.812380355602899e-12,2.2944670255091187e-10,0.8492635177331617,0.09192875754022849,0.03358549203131319,0.02088283452239771,8.821852994295536,22.39330194919956
SC4001E,SC4001E0-PSG.edf,SC4001EC-Hypnogram.edf,Fpz-Cz,100.0,634,47850.0,3,N2,5.1742790369891626e-08,1.4833551448265312e-05,2.2003424856833392e-10,-4.059625439728607e-05,7.299251313782498e-05,0.00011358876753511104,1.4831169243696412e-05,0.6356979094785183,1.7498210131691039,1.5099183365317775e-10,2.3286611270783338e-11,1.0124742718570013e-11,3.375466874171123e-12,1.8777865451670223e-10,0.7998353099810801,0.12335404831865167,0.053632878910439656,0.017880553724745812,6.217081171584448,13.572613540188588
SC4001E,SC4001E0-PSG.edf,SC4001EC-Hypnogram.edf,Fpz-Cz,100.0,635,47880.0,3,N2,3.6492333315498045e-08,1.5671714773339376e-05,2.456026439369036e-10,-7.783338280228924e-05,7.253036479115621e-05,0.00015036374759344547,1.5669145097270477e-05,-0.2030813300073546,2.123869543156795,1.7497076621895435e-10,3.858883622205783e-11,1.1413395434033688e-11,4.280316765873631e-12,2.292533146409195e-10,0.759905526188935,0.1675929672597209,0.04956886484710503,0.0185895989056609,4.419699665772578,14.095318814966506
SC4001E,SC4001E0-PSG.edf,SC4001EC-Hypnogram.edf,Fpz-Cz,100.0,636,47910.0,3,N2,-5.8972917007073484e-08,1.4639895067083759e-05,2.1432652757522338e-10,-4.93920585039317e-05,5.0375432743939794e-05,9.976749124787149e-05,1.4637573678868547e-05,-0.1789105840367166,0.21227223513656135,1.5497620183407588e-10,1.9984874318052953e-11,7.65196286643313e-12,7.670781978330905e-12,1.9028382099689284e-10,0.8101898060505246,0.10447759885755095,0.040003189117376665,0.04010157230420187,7.385138432816456,17.912259244123014
SC4001E,SC4001E0-PSG.edf,SC4001EC-Hypnogram.edf,Fpz-Cz,100.0,637,47940.0,3,N2,6.717045139314787e-08,1.6649039552278142e-05,2.7719051801332195e-10,-8.183589063721512e-05,6.766819058354259e-05,0.00014950408122075772,1.6646400002508787e-05,-0.1384893437500759,2.430294857178069,1.899792442204789e-10,1.8197208206186703e-11,9.39458991742032e-12,6.378706207507301e-12,2.2394974855159319e-10,0.844540816087671,0.08089454788616088,0.0417630603186277,0.028356138420151722,9.896191268022717,18.276742587227247
SC4001E,SC4001E0-PSG.edf,SC4001EC-Hypnogram.edf,Fpz-Cz,100.0,638,47970.0,3,N2,-7.512042072586266e-08,1.3632109557137367e-05,1.8583441097779595e-10,-6.436562768647273e-05,5.2454006506261685e-05,0.00011681963419273441,1.3630044359859829e-05,-0.33332376490010995,1.8469013249832233,1.301433049303472e-10,1.6727375100971527e-11,7.254965386787614e-12,7.299999977121902e-12,1.6142564539522823e-10,0.8012485012060205,0.10298481536132438,0.04466637869367365,0.04494364150044721,7.341374805298437,15.765457374133451
SC4001E,SC4001E0-PSG.edf,SC4001EC-Hypnogram.edf,Fpz-Cz,100.0,639,48000.0,3,N2,-8.631676755858854e-08,1.6194781567626916e-05,2.6227095002314855e-10,-6.32465167965363e-05,6.025516633628822e-05,0.00012350168313282451,1.619231227952026e-05,-0.04003394532472476,0.42026429208820826,1.8547056384100133e-10,2.520791938601041e-11,8.58858050512727e-12,5.827549074183276e-12,2.2509461280632221e-10,0.8203227911488525,0.11149279088575227,0.03798666584101428,0.025774824980793712,7.076890046449248,19.34285932540539
SC4001E,SC4001E0-PSG.edf,SC4001EC-Hypnogram.edf,Fpz-Cz,100.0,640,48030.0,3,N2,-4.51842395278435e-08,1.4904584616601521e-05,2.2214664259343472e-10,-5.260910074587307e-05,5.7022028864030046e-05,0.00010963112960990311,1.4902168812896732e-05,-0.03759494145172038,0.6755103289869786,1.649025148503211e-10,1.85168236043073e-11,5.5210100358611574e-12,2.3144079653639675e-12,1.912547564558536e-10,0.8577291812709288,0.0963139947518501,0.02871715705576791,0.01203823514189836,8.449249641930855,25.287879322906804
SC4001E,SC4001E0-PSG.edf,SC4001EC-Hypnogram.edf,Fpz-Cz,100.0,641,48060.0,3,N2,1.4624705567357213e-07,1.678499940508243e-05,2.8173620502861756e-10,-5.978367730342615e-05,8.417182536487199e-05,0.00014395550266829813,1.6782838888625723e-05,-0.042963986303187734,1.2301945285884024,2.2177819002366841e-10,2.8545299989980638e-11,7.774607352576364e-12,4.1164173677254934e-12,2.6221451473395087e-10,0.8425758368524433,0.10844880655169549,0.029537152844457296,0.01563902116829021,7.506378005939271,25.27499876772843
SC4001E,SC4001E0-PSG.edf,SC4001EC-Hypnogram.edf,Fpz-Cz,100.0,642,48090.0,3,N2,1.0110337730620259e-08,1.6884589927512743e-05,2.850893770202648e-10,-5.6233965304838066e-05,6.72759187990611e-05,0.00012350988410389917,1.6881778622137353e-05,0.18899141061238284,0.2587054360375145,1.9458383986110842e-10,2.6873868972264968e-11,1.0901060768963462e-11,4.669156893534778e-12,2.370279264958717e-10,0.817483237054049,0.11290216811064421,0.0457974025545802,0.019616004568336898,6.980869432037693,16.350125727326738
SC4001E,SC4001E0-PSG.edf,SC4001EC-Hypnogram.edf,Fpz-Cz,100.0,643,48120.0,3,N2,-3.099296644295713e-07,1.499276327092339e-05,2.2478295049794942e-10,-5.1974436594566355e-05,6.84830233450986e-05,0.00012045745993966496,1.4993467885872064e-05,-0.06360443601922024,1.3740231368214975,1.5120476631673584e-10,1.788969639673231e-11,7.56571030694826e-12,4.299794077357252e-12,1.809599670977737e-10,0.8309782021200741,0.09831666097806846,0.041578982606008764,0.0236304399585147,8.004616016109843,17.652332485968248
SC4001E,SC4001E0-PSG.edf,SC4001EC-Hypnogram.edf,Fpz-Cz,100.0,644,48150.0,4,N3,1.278370271610772e-07,2.488110548291213e-05,6.190694100518e-10,-7.400535161768642e-05,8.429298329553665e-05,0.00015829833491322307,2.487728674689618e-05,0.13155057132485437,0.64121447780659,4.993404318011799e-10,2.594835789112391e-11,7.790515040104747e-12,4.004339455374568e-12,5.370836441877835e-10,0.9279977884384779,0.048223651046468724,0.014478260256106146,0.007441853136827759,18.52953095764138,56.804456794971806
SC4001E,SC4001E0-PSG.edf,SC4001EC-Hypnogram.edf,Fpz-Cz,100.0,645,48180.0,3,N2,1.7445022803449649e-07,1.7306781307201015e-05,2.995246792152825e-10,-6.655726746090064e-05,7.203882093594692e-05,0.00013859608839684757,1.7304775945894397e-05,0.337597485336283,0.7901008676291066,2.0504541186722277e-10,2.6245399911316623e-11,8.466699645745896e-12,3.4561426502819973e-12,2.432136540745673e-10,0.8396148554601904,0.10746901114424563,0.03466923124274085,0.01415212701099305,7.5258727173997295,21.659651149845573
SC4001E,SC4001E0-PSG.edf,SC4001EC-Hypnogram.edf,Fpz-Cz,100.0,646,48210.0,4,N3,-1.5673398383394809e-07,2.2550666637584208e-05,5.085325657994535e-10,-5.599909194539813e-05,0.00010544894138227812,0.00016144803332767625,2.254745263851053e-05,0.4865283095715401,1.4984202013222632,4.2165667391389624e-10,2.976193012869424e-11,7.023391513553867e-12,2.7748302057111368e-12,4.612168257618555e-10,0.9122486469827112,0.06438954289394098,0.015195014811452313,0.00600330851465107,13.707094195646118,52.55342123110833
SC4001E,SC4001E0-PSG.edf,SC4001EC-Hypnogram.edf,Fpz-Cz,100.0,647,48240.0,4,N3,1.588627163481805e-09,2.3091468356108074e-05,5.332159108411406e-10,-9.024663871496891e-05,7.944957089152727e-05,0.00016969620960649616,2.3087619511936038e-05,-0.05112719335871249,1.0079820529624843,4.456556705695325e-10,2.944158960354433e-11,6.435330844094022e-12,3.5694929997249395e-12,4.851020840168959e-10,0.9167944043499356,0.06056668048047496,0.013238640721133677,0.00734309338941421,14.639697741593775,59.93757102597828
SC4001E,SC4001E0-PSG.edf,SC4001EC-Hypnogram.edf,Fpz-Cz,100.0,648,48270.0,4,N3,-3.5948191368472266e-08,2.148372768407617e-05,4.6155055520354094e-10,-7.724980504540007e-05,0.00010175034115544328,0.00017900014620084336,2.148017684496419e-05,0.17805569491593934,2.1737207888049053,3.106941239448807e-10,2.6341046438224445e-11,5.816693056642102e-12,3.0138074115206664e-12,3.458656708512679e-10,0.8957188619513253,0.07594019429359784,0.0167692958555597,0.008688687479865809,11.363651521051931,45.578423637858265
SC4001E,SC4001E0-PSG.edf,SC4001EC-Hypnogram.edf,Fpz-Cz,100.0,649,48300.0,3,N2,1.825132838210576e-07,1.755910951092751e-05,3.083223268167449e-10,-6.441164512565936e-05,5.9288952856521874e-05,0.00012370059798218124,1.7557131423059323e-05,-0.0505920592681306,0.4194935712609351,2.416917434578529e-10,2.2261956164924005e-11,7.556681743983392e-12,4.537297080989934e-12,2.7604767844775034e-10,0.8723832114818989,0.08035424187509475,0.02727574468886423,0.01637731493153675,10.390000812669939,28.245966215559882
SC4001E,SC4001E0-PSG.edf,SC4001EC-Hypnogram.edf,Fpz-Cz,100.0,650,48330.0,3,N2,3.924622641230967e-08,1.8143176624733592e-05,3.291748580362795e-10,-7.302589526406408e-05,6.207804545821491e-05,0.000135103940722279,1.8140194964494963e-05,-0.1416332467734244,0.39897182213963944,2.2830149226196488e-10,2.987212691607821e-11,1.1903129822262422e-11,3.633865055454503e-12,2.7371061405576007e-10,0.8310617813100765,0.10874034488530845,0.04332970483567247,0.013227974710569102,7.395068466859191,17.693497268241444
SC4001E,SC4001E0-PSG.edf,SC4001EC-Hypnogram.edf,Fpz-Cz,100.0,651,48360.0,3,N2,2.577483497651811e-07,1.643099300473754e-05,2.69977531121734e-10,-5.7060056831588466e-05,7.310279321768416e-05,0.00013016285004927264,1.6430276103071633e-05,0.05641494566527256,1.0867764106654247,1.7380457091550698e-10,2.5704517588130145e-11,7.0555882672961265e-12,4.357971152340956e-12,2.1092264792327428e-10,0.8201321218788858,0.12129198006923904,0.03329322437425647,0.02056397084052452,6.508433276950906,21.575652224073366
SC4001E,SC4001E0-PSG.edf,SC4001EC-Hypnogram.edf,Fpz-Cz,100.0,652,48390.0,3,N2,-2.415576887978528e-07,2.0432332599221537e-05,4.174802154452112e-10,-6.461266112703736e-05,6.657858684815003e-05,0.00013119124797518738,2.0430355001575807e-05,-0.12972808233707667,0.2251002614419244,3.173501311128015e-10,2.935962696235398e-11,8.281547985740761e-12,5.234454966449038e-12,3.602257610273453e-10,0.8785368192186538,0.08127777730706037,0.022926238599892762,0.01449081303493408,10.453031307213244,34.19150895953416
SC4001E,SC4001E0-PSG.edf,SC4001EC-Hypnogram.edf,Fpz-Cz,100.0,653,48420.0,4,N3,-4.6788447359853823e-08,2.4545714641064024e-05,6.024921072405449e-10,-9.727865782363126e-05,7.884038856132499e-05,0.00017611904638495623,2.4541667948551044e-05,-0.2480430190471344,1.4459143401137151,5.103533855628927e-10,3.270582469035384e-11,8.075762551851877e-12,2.983935963346854e-12,5.541189087684453e-10,0.9193586770357601,0.05891679093207813,0.014547806648792233,0.0053753095349730416,15.14140034404644,56.232562569495265
SC4001E,SC4001E0-PSG.edf,SC4001EC-Hypnogram.edf,Fpz-Cz,100.0,654,48450.0,4,N3,-2.870846509920188e-07,2.542852472592612e-05,6.46609869737036e-10,-0.00010165880696386817,8.624925313436957e-05,0.00018790806009823772,2.5425907077440237e-05,-0.3284616609871914,1.015850920416895,4.950691110782867e-10,2.526282002840601e-11,7.324236556165355e-12,3.731993244584979e-12,5.313881609074431e-10,0.9299025549975661,0.047451881697267884,0.013757324249437415,0.007009910284676286,18.8505693806993,59.473215079599484
SC4001E,SC4001E0-PSG.edf,SC4001EC-Hypnogram.edf,Fpz-Cz,100.0,655,48480.0,3,N2,2.524517837685312e-07,1.8626268097640616e-05,3.469378632451845e-10,-5.551287059197104e-05,8.806963998995316e-05,0.0001435825105819242,1.8624874474580957e-05,0.5354271941918913,1.7477951090768356,2.7194496333080265e-10,1.9905158765264588e-11,5.125884826092547e-12,2.4448164980231685e-12,2.99420823420183e-10,0.9052134277338272,0.06625758673666997,0.017062348633946848,0.008137972828214143,13.008509831681287,44.39276464560391
SC4001E,SC4001E0-PSG.edf,SC4001EC-Hypnogram.edf,Fpz-Cz,100.0,656,48510.0,3,N2,-1.0692447845349318e-07,2.1009395612316593e-05,4.413947039948277e-10,-8.718158772135753e-05,6.966237866259825e-05,0.00015684396638395578,2.1006165886970473e-05,-0.22922406260074643,1.220924342413075,3.196882967754789e-10,2.7340566615172018e-11,8.148471361894534e-12,4.78710964344263e-12,3.5996444439598803e-10,0.8856503784200195,0.07574310168116906,0.022574166205011136,0.013261997733469387,11.280236599233515,34.9444496385542
SC4001E,SC4001E0-PSG.edf,SC4001EC-Hypnogram.edf,Fpz-Cz,100.0,657,48540.0,4,N3,4.3179180578570513e-07,2.4561847850656027e-05,6.032843698387761e-10,-6.72449180512465e-05,8.024052808540227e-05,0.00014748544613664877,2.456154960934618e-05,0.24279786007675538,0.07831496461281473,4.492020413890736e-10,2.958591250476054e-11,8.693613650477611e-12,3.4951640031554914e-12,4.909767315474671e-10,0.9130554609283051,0.06013681259213379,0.017670782159011175,0.007104327865591891,14.686566611970708,46.339998434633415
SC4001E,SC4001E0-PSG.edf,SC4001EC-Hypnogram.edf,Fpz-Cz,100.0,658,48570.0,3,N2,-3.301056694788e-07,2.192808911628339e-05,4.808410922916661e-10,-7.392724226952245e-05,9.626361701159027e-05,0.0001701908592811127,2.192691911054973e-05,0.3656291408835354,2.191993314133155,3.642522774243936e-10,2.749217091221816e-11,6.7801631201647e-12,3.9611273881457415e-12,4.0248573884492217e-10,0.9027636973419579,0.06813666076754361,0.016803972154194585,0.009817267394593548,12.784293571262872,46.81807717891172
SC4001E,SC4001E0-PSG.edf,SC4001EC-Hypnogram.edf,Fpz-Cz,100.0,659,48600.0,4,N3,-2.49277834360623e-08,2.0449728905589553e-05,4.181914123121049e-10,-6.778991955928761e-05,7.529629087946782e-05,0.00014308621043875543,2.0446335529112656e-05,0.2838162480303975,0.442994078146254,3.5324549031394685e-10,2.7287646856532084e-11,7.965574229678604e-12,2.8978739204782708e-12,3.913965853206358e-10,0.900225699021571,0.06954098959407293,0.020299805165658515,0.00738506406244681,12.487623735743034,39.400208092037616
SC4001E,SC4001E0-PSG.edf,SC4001EC-Hypnogram.edf,Fpz-Cz,100.0,660,48630.0,3,N2,-1.692023002083913e-07,1.9495683253195052e-05,3.8008166550890997e-10,-6.97859812053363e-05,6.582201806612104e-05,0.00013560799927145735,1.9493168060600177e-05,-0.14870888664108328,0.31790255131620704,2.9064584936172784e-10,2.4126691104803626e-11,8.950929813818171e-12,2.4212483608758412e-12,3.261447186412255e-10,0.8884320387897644,0.07374929115472896,0.027360765140868788,0.007401153749118556,11.567215442313582,29.20790868790251
SC4001E,SC4001E0-PSG.edf,SC4001EC-Hypnogram.edf,Fpz-Cz,100.0,661,48660.0,4,N3,3.365505544562981e-07,2.8480309437596506e-05,8.111280256612486e-10,-8.801914005793067e-05,7.591450316590894e-05,0.0001639336432238396,2.8477551087275743e-05,-0.1529775077875426,-0.10028650925397642,6.422670747245203e-10,2.802610731613541e-11,7.1417589477798285e-12,3.0860566406187277e-12,6.805209976290542e-10,0.9424024746983666,0.04112288163334003,0.010479147337536654,0.004528190109115964,22.127220427090773,78.88554289606667
SC4001E,SC4001E0-PSG.edf,SC4001EC-Hypnogram.edf,Fpz-Cz,100.0,662,48690.0,4,N3,-1.689286566533098e-07,2.658198895620475e-05,7.066021368677913e-10,-7.90100915974481e-05,7.993042256646899e-05,0.00015894051416391708,2.657809511069609e-05,0.15298660863219182,-0.09794561174821448,6.326121045786623e-10,3.4458053268868645e-11,6.7461043234455444e-12,3.3706197127878127e-12,6.771868818837642e-10,0.9327990875044483,0.05080908255428992,0.009947264542639403,0.004970045577150385,17.841140340721445,81.66842042959604
SC4001E,SC4001E0-PSG.edf,SC4001EC-Hypnogram.edf,Fpz-Cz,100.0,663,48720.0,4,N3,1.24851182652384e-07,3.394465492722487e-05,1.1522395981283717e-09,-0.00010642423698933455,0.00012058570963490128,0.00022700994662423583,3.393922665707247e-05,-0.07953850870332774,0.7833074053901408,8.580082750503584e-10,2.6674435528406495e-11,9.90074412676196e-12,7.860341148463191e-12,9.0244379585399e-10,0.9497085252982637,0.029525284971592722,0.010958893261758662,0.008700420750615835,31.003641399285403,78.71098202772215
SC4001E,SC4001E0-PSG.edf,SC4001EC-Hypnogram.edf,Fpz-Cz,100.0,664,48750.0,4,N3,-1.5643369677779348e-07,2.433458149306334e-05,5.921718564425409e-10,-0.00010495106708966891,9.102186593488148e-05,0.0001959729330245504,2.4331028283350754e-05,-0.10688432024103697,0.7440240499264861,4.810785157675543e-10,3.7138745745769063e-11,7.250943343652722e-12,7.035102494657756e-12,5.325033073516338e-10,0.9017348330147724,0.06961296253275295,0.013591187240519957,0.013186614586478837,12.613905002917482,58.305880398225966
SC4001E,SC4001E0-PSG.edf,SC4001EC-Hypnogram.edf,Fpz-Cz,100.0,665,48780.0,3,N2,-1.5378244552787905e-07,2.0740168656303233e-05,4.301545958919031e-10,-6.993047250198426e-05,6.937057363482602e-05,0.0001393010461368103,2.073728188715094e-05,-0.0046944665067876834,0.7381277447362429,3.3905589799953204e-10,3.834220975337348e-11,7.016439444707435e-12,3.842918765684807e-12,3.8825746596329777e-10,0.8710324852998474,0.09850089749335388,0.018025189131167494,0.009872434318439373,8.618120337545578,42.29507380903145
SC4001E,SC4001E0-PSG.edf,SC4001EC-Hypnogram.edf,Fpz-Cz,100.0,666,48810.0,3,N2,2.4784580447606074e-07,1.862921467794135e-05,3.470476395168254e-10,-6.875455709296586e-05,8.680852587883909e-05,0.00015556308297180494,1.8627758440379138e-05,0.3265171663256078,2.4713440309927837,3.0849430171916603e-10,2.570271673434506e-11,5.034823692800115e-12,3.133762767670607e-12,3.423656049139818e-10,0.8984426433639108,0.07485524573954917,0.014663156765691234,0.009126606517433978,11.552918183878285,51.11902475083359
SC4001E,SC4001E0-PSG.edf,SC4001EC-Hypnogram.edf,Fpz-Cz,100.0,667,48840.0,3,N2,-5.465337139713537e-08,1.620383356934865e-05,2.625642223431503e-10,-7.276366514484274e-05,5.8453275396208514e-05,0.00013121694054105126,1.6201224889702248e-05,-0.21219212296255693,1.3169994335506168,1.8040267155049698e-10,2.4096098610330106e-11,7.103284582386595e-12,6.310394803639435e-12,2.1791244954685315e-10,0.8240859390314664,0.11007185137350031,0.032448061300717854,0.028826112067641185,7.188474764609001,22.262907061492395
SC4001E,SC4001E0-PSG.edf,SC4001EC-Hypnogram.edf,Fpz-Cz,100.0,668,48870.0,3,N2,-6.453148200157703e-08,1.784106247827331e-05,3.1830351035365176e-10,-6.971229772044835e-05,7.577351400763052e-05,0.00014548581172807887,1.7838205444934845e-05,-0.11881511491068658,2.001148620696883,2.495457860072375e-10,2.2891809791747073e-11,6.340447937321313e-12,5.2740474161706825e-12,2.840520911524765e-10,0.8754392398888019,0.08030746134573022,0.0222431202370298,0.01850204780062306,10.444825577568338,33.99598881949186
SC4001E,SC4001E0-PSG.edf,SC4001EC-Hypnogram.edf,Fpz-Cz,100.0,669,48900.0,3,N2,-2.1301030904173862e-07,2.067545136489224e-05,4.274742891420244e-10,-9.061425468471816e-05,8.901296029527984e-05,0.00017962721497999802,2.0673102599853476e-05,0.08074561668317469,4.126739785882435,3.4714400666426724e-10,2.651111465323769e-11,9.388874615025113e-12,7.64681926147968e-12,3.9069081519400966e-10,0.8862704796698442,0.0676837792076038,0.023970116864687467,0.01952259017789863,12.618318488357323,33.414977033431846
SC4001E,SC4001E0-PSG.edf,SC4001EC-Hypnogram.edf,Fpz-Cz,100.0,670,48930.0,3,N2,1.0796514203894095e-07,1.5266304333745375e-05,2.3306004801053285e-10,-6.70557805078104e-05,5.9670885754861706e-05,0.00012672666626267211,1.5264141567731813e-05,-0.07628238833068068,1.4598497804999147,1.442275377218655e-10,3.411924206233674e-11,5.623123067614705e-12,3.4781111848599108e-12,1.8744801403667684e-10,0.7653438984705623,0.18105386908294113,0.029839120865027,0.018456608325853628,4.106795285213196,21.77636384670239
SC4001E,SC4001E0-PSG.edf,SC4001EC-Hypnogram.edf,Fpz-Cz,100.0,671,48960.0,3,N2,1.721095916268154e-07,1.8896682730046753e-05,3.570846182000472e-10,-8.116827800928289e-05,0.00011650225579984614,0.00019767053380912903,1.8894316915557188e-05,1.1696935119162752,7.608489939541682,2.8951437129541084e-10,2.8924557760631495e-11,5.9680640559855825e-12,4.154875434152742e-12,3.285618685461806e-10,0.8784826126049288,0.08776670034136057,0.01810908550286149,0.012607269926224888,9.674808684267127,41.54875284860755
SC4001E,SC4001E0-PSG.edf,SC4001EC-Hypnogram.edf,Fpz-Cz,100.0,672,48990.0,4,N3,1.5210316617897617e-07,2.3467095201130817e-05,5.507045571789369e-10,-7.764468558479281e-05,0.00010395082212484755,0.00018159550770964036,2.3463676701795316e-05,0.3514491400853157,1.268800701671001,3.9670720403533853e-10,4.249102080108362e-11,7.842569849783483e-12,3.196471563022754e-12,4.502372662492285e-10,0.8791543467427804,0.09416558422640313,0.017380146624352288,0.0070837933878831515,9.121588703327335,44.86333846093986
SC4001E,SC4001E0-PSG.edf,SC4001EC-Hypnogram.edf,Fpz-Cz,100.0,673,49020.0,3,N2,-1.2264505503107334e-07,1.5105753983411383e-05,2.2818380340734885e-10,-6.2854372062175e-05,6.589723884526966e-05,0.00012875161090744467,1.5103734106143088e-05,0.10102096806582243,1.8970431502917195,1.600472030304272e-10,2.3780450169731512e-11,4.616178250450475e-12,2.8941559885152208e-12,1.9133798743912448e-10,0.8321143688845273,0.1236388634733848,0.024000346015430305,0.015047240677982188,6.458607569039221,28.497529083516852
SC4001E,SC4001E0-PSG.edf,SC4001EC-Hypnogram.edf,Fpz-Cz,100.0,674,49050.0,3,N2,-7.236118322796311e-08,1.3715885450895305e-05,1.8812551370208153e-10,-6.427795208964742e-05,6.0199576651472426e-05,0.00012447752874111985,1.3713790188651432e-05,0.04646473187527611,1.775704559451225,1.252012477849779e-10,2.4513386201477094e-11,4.320866480677572e-12,2.7011802491690552e-12,1.567366807163016e-10,0.7937357830558098,0.15540701180067187,0.0273929086186928,0.017124617032022386,4.907276783891955,23.530236708558505
SC4001E,SC4001E0-PSG.edf,SC4001EC-Hypnogram.edf,Fpz-Cz,100.0,675,49080.0,3,N2,-6.840367238398663e-08,1.4533821295067978e-05,2.1123196143697146e-10,-6.21502916813777e-05,8.403081359048816e-05,0.00014618110527186588,1.4531559787082553e-05,0.4870818754049028,3.5055148626842456,1.4345334702164502e-10,3.6004995149395933e-11,5.311201629081943e-12,2.9965712563718683e-12,1.877661150564947e-10,0.7599528494757214,0.1907386563452885,0.028136414353245466,0.015874518874719874,3.876594131211141,22.729957851546637
SC4001E,SC4001E0-PSG.edf,SC4001EC-Hypnogram.edf,Fpz-Cz,100.0,676,49110.0,3,N2,1.1956316443976797e-07,9.621227596551353e-06,9.256802046464133e-11,-3.0704500164620776e-05,3.894412087022561e-05,6.964862103484639e-05,9.620366926895803e-06,0.12346463481060617,0.23628272283692375,5.66497158211287e-11,1.6950659047224002e-11,3.999674275218228e-12,2.7969326732595726e-12,8.03969818168305e-11,0.6959682602066113,0.20824677609507022,0.04913786956153715,0.034361626326066666,3.155857156670209,11.330681300964557
SC4001E,SC4001E0-PSG.edf,SC4001EC-Hypnogram.edf,Fpz-Cz,100.0,677,49140.0,2,N1,-9.57130485437489e-08,1.0193798036336052e-05,1.0391351840560874e-10,-3.3350180186767034e-05,4.455223090755936e-05,7.790241109432639e-05,1.0192548334631617e-05,0.2609357364837999,0.33944523652190695,5.511331599373658e-11,1.8802018441654335e-11,8.604847522336815e-12,7.210120254587209e-12,8.973030221231493e-11,0.6074411155907732,0.20722975657742618,0.09483984195490609,0.0794676098148009,2.7832170824466824,5.738072974668917
SC4001E,SC4001E0-PSG.edf,SC4001EC-Hypnogram.edf,Fpz-Cz,100.0,678,49170.0,2,N1,1.459051877187384e-07,9.378604214545188e-06,8.795821701308478e-11,-2.884328048807719e-05,4.118065852652933e-05,7.002393901460653e-05,9.378176045010938e-06,0.35185929760645696,1.0990857614785696,5.358953904057065e-11,1.9529700251723446e-11,5.003883204032004e-12,2.331185491085776e-12,8.045430798741185e-11,0.6579092053529264,0.2397626440426161,0.06143178092931951,0.028619548169828455,2.6103420110126483,8.92581304789236
SC4001E,SC4001E0-PSG.edf,SC4001EC-Hypnogram.edf,Fpz-Cz,100.0,679,49200.0,5,REM,-1.0294021029722497e-07,9.515845266067881e-06,9.055131112774652e-11,-3.552102929135008e-05,5.9417814425056546e-05,9.493884371640663e-05,9.514816027872879e-06,0.3814423434855373,3.376221170987826,4.798306876150288e-11,1.3634376018801851e-11,3.0619058490928808e-12,2.2989507074889754e-12,6.697830133688658e-11,0.7058586021987897,0.20056953102185754,0.04504240013175235,0.03381889017932127,3.2787915726543804,11.812944598954362
SC4001E,SC4001E0-PSG.edf,SC4001EC-Hypnogram.edf,Fpz-Cz,100.0,680,49230.0,5,REM,1.3737894636585726e-07,8.581535589422598e-06,7.364275307252664e-11,-3.5237912236583956e-05,4.202313924617427e-05,7.726105148275823e-05,8.581204954030276e-06,0.06351907369323584,1.029753184775064,4.351971620297318e-11,1.119549539390936e-11,3.5496893744850026e-12,2.1167539114157327e-12,6.038165488278325e-11,0.7090020020815679,0.18239155355600473,0.05782980894313822,0.034485122883343024,3.5685074527360054,9.565425817207434
SC4001E,SC4001E0-PSG.edf,SC4001EC-Hypnogram.edf,Fpz-Cz,100.0,681,49260.0,5,REM,-1.0084684565462745e-07,8.587588109559327e-06,7.374666953944473e-11,-3.212388287114229e-05,2.9487176855344142e-05,6.161105972648644e-05,8.586748942559309e-06,0.15102088993502658,-0.050083397353014814,4.498202107389118e-11,1.2910320265402002e-11,4.133907696452517e-12,2.169625893529304e-12,6.419587492927502e-11,0.6899519505288949,0.1980235755622149,0.0634075039400424,0.03327857622714521,3.2337157028491474,8.76175103517606
SC4001E,SC4001E0-PSG.edf,SC4001EC-Hypnogram.edf,Fpz-Cz,100.0,682,49290.0,5,REM,4.188006133916501e-08,8.570948586663883e-06,7.346115967523563e-11,-2.5032929941536083e-05,3.428553596828271e-05,5.931846590981879e-05,8.56962231148773e-06,0.25433849396499697,0.48807313200540836,4.183246299921573e-11,1.5178754033130794e-11,3.10778545460073e-12,2.117301289094823e-12,6.223630377604207e-11,0.6615260617914946,0.24003227777018604,0.04914558993845172,0.03348236950397141,2.585641818495501,10.183702012081294
SC4001E,SC4001E0-PSG.edf,SC4001EC-Hypnogram.edf,Fpz-Cz,100.0,683,49320.0,5,REM,-2.9504707477588342e-09,1.0647567142354337e-05,1.1337068605094369e-10,-4.095685769151016e-05,6.423854145470105e-05,0.00010519539914621121,1.0645792808783086e-05,0.5010661759366277,2.634682403735706,7.231979597835727e-11,2.1256836548252772e-11,4.563961785081128e-12,2.513731070703681e-12,1.0065432538239487e-10,0.7114286156177873,0.2091090218570686,0.04489687741188378,0.024728225397667385,3.2493295182164865,12.997895882799055
SC4001E,SC4001E0-PSG.edf,SC4001EC-Hypnogram.edf,Fpz-Cz,100.0,684,49350.0,5,REM,-1.4822657828785758e-08,8.38917886233445e-06,7.037832198423915e-11,-2.720970157896024e-05,4.545505877448465e-05,7.26647603534449e-05,8.38779364641041e-06,0.4765076699522081,1.8965465184665957,4.004977798389958e-11,8.967757038081812e-12,3.4954826267474435e-12,1.995803262489417e-12,5.450882091121825e-11,0.7215029490169838,0.16155553101055767,0.06297166052830014,0.035954704670840304,4.017932803828326,8.908893951810523
SC4001E,SC4001E0-PSG.edf,SC4001EC-Hypnogram.edf,Fpz-Cz,100.0,685,49380.0,5,REM,2.0048518761808246e-08,9.5436485354561e-06,9.108122736831336e-11,-4.385268663081367e-05,4.309641689681921e-05,8.694910352763287e-05,9.542078856428255e-06,-0.23741090037893686,1.6779769228422126,5.326306053176993e-11,1.6837394875737586e-11,4.564759510040409e-12,2.335251502902808e-12,7.700046642045074e-11,0.6828556671015628,0.21586274606331116,0.05852220787289532,0.029938942804712956,2.9860336054015555,9.571493689110593
SC4001E,SC4001E0-PSG.edf,SC4001EC-Hypnogram.edf,Fpz-Cz,100.0,686,49410.0,5,REM,2.231897782053925e-08,7.986146841988585e-06,6.377854138180425e-11,-3.875895335905873e-05,2.636403567544349e-05,6.512298903450222e-05,7.984846899269972e-06,-0.10239144176923781,0.35505386743909595,3.9054352419966475e-11,9.676832495497353e-12,3.892766722262275e-12,2.8986424197597103e-12,5.552259405748583e-11,0.690951168664456,0.17120290844499478,0.06887098490743665,0.05128289789410002,3.6578594294175284,7.982058952916697
SC4001E,SC4001E0-PSG.edf,SC4001EC-Hypnogram.edf,Fpz-Cz,100.0,687,49440.0,5,REM,3.157857742926417e-08,9.94923941905353e-06,9.89873650176486e-11,-3.578989174314593e-05,4.225401927143379e-05,7.804391101457972e-05,9.94763119721785e-06,0.06424032866266872,1.074545528511587,5.1198004850012006e-11,1.2066529589272385e-11,4.049914733538176e-12,2.2412812643306442e-12,6.955573043715324e-11,0.7256392150261428,0.1710212553184538,0.05740022402780727,0.03176611241133761,3.918255761808824,10.138389963297579
SC4001E,SC4001E0-PSG.edf,SC4001EC-Hypnogram.edf,Fpz-Cz,100.0,688,49470.0,5,REM,-9.656492752021098e-08,1.3354189785289214e-05,1.783343848215228e-10,-6.858853272356471e-05,8.126338817796633e-05,0.00014985192090153103,1.3352313088443113e-05,0.6002660039148479,7.746726641075259,1.0517239819902693e-10,1.301755128422938e-11,4.038047860740249e-12,2.161151961200512e-12,1.243891493051971e-10,0.8387679379101408,0.1038172071216838,0.03220412518240828,0.017235558046097513,7.502908037679337,20.875625064739612
SC4001E,SC4001E0-PSG.edf,SC4001EC-Hypnogram.edf,Fpz-Cz,100.0,689,49500.0,5,REM,2.778234942736625e-08,9.823780572779362e-06,9.650666474211722e-11,-3.343141981761128e-05,4.1606322822531735e-05,7.503774264014302e-05,9.822182431252717e-06,0.09610334751885766,0.9158995323738921,5.195657834018309e-11,1.1031843789060324e-11,3.3150472442091344e-12,2.3201229092888163e-12,6.862359228274138e-11,0.7462496064435665,0.1584497930566411,0.04761384949438876,0.03332380351572206,4.318255726310493,12.040790146599132
SC4001E,SC4001E0-PSG.edf,SC4001EC-Hypnogram.edf,Fpz-Cz,100.0,690,49530.0,5,REM,-1.334866558164544e-08,9.08350997532012e-06,8.251015347174013e-11,-3.895797068049722e-05,4.994487416203973e-05,8.890284484253695e-05,9.082005740700804e-06,0.4559171804054643,2.8546907780502355,5.0740625296665783e-11,1.545901183411157e-11,3.82877073433144e-12,2.408506153853213e-12,7.2436914018962e-11,0.6909416874947134,0.21050737276514547,0.05213686856916156,0.03279694123899756,3.082847610055484,10.507979792022784
SC4001E,SC4001E0-PSG.edf,SC4001EC-Hypnogram.edf,Fpz-Cz,100.0,691,49560.0,5,REM,1.7546961506614392e-08,8.360817338611017e-06,6.990326656961862e-11,-2.744991984322759e-05,3.090587491900471e-05,5.8355794762232296e-05,8.35944216898593e-06,0.18613444456179817,0.49289775023716764,3.814348024346965e-11,1.2059480543744778e-11,4.152675190844317e-12,2.0928674838668066e-12,5.6448503461925557e-11,0.6639595106032576,0.20991809737458683,0.07228517612467546,0.0364303220753848,2.9207501872453565,7.402655675103686
SC4001E,SC4001E0-PSG.edf,SC4001EC-Hypnogram.edf,Fpz-Cz,100.0,692,49590.0,5,REM,-1.060239427101048e-07,8.32871099242982e-06,6.936742679542133e-11,-3.091149330511333e-05,2.5176472459478445e-05,5.608796576459177e-05,8.327997682291384e-06,-0.24174302192292044,0.47099001060558665,4.050328350008837e-11,1.0701231528277275e-11,3.1632823100750348e-12,2.114905942258364e-12,5.6482703280699034e-11,0.7046168880106958,0.18616437497765395,0.055030159152886775,0.03679204041485095,3.461454753904139,9.728690125594289
SC4001E,SC4001E0-PSG.edf,SC4001EC-Hypnogram.edf,Fpz-Cz,100.0,693,49620.0,5,REM,1.2591813378703642e-07,9.721836961877712e-06,9.451411391333166e-11,-3.7813634924121897e-05,5.123078714207028e-05,8.904442206619217e-05,9.72103207407065e-06,0.15495773490699372,1.461925280420763,6.090577331355377e-11,1.2309105045333568e-11,3.8837537499641994e-12,2.433143898733865e-12,7.953177600758539e-11,0.7562949227372929,0.15284780313517685,0.048226351665190945,0.030213463794771942,4.576248598692105,12.471098346021284
SC4001E,SC4001E0-PSG.edf,SC4001EC-Hypnogram.edf,Fpz-Cz,100.0,694,49650.0,5,REM,-8.572346789646413e-08,1.063035414517122e-05,1.1300442925175894e-10,-4.035591883019939e-05,5.097293250898184e-05,9.132885133918123e-05,1.0628927962011185e-05,0.13982899420720574,1.398357157801298,7.164779444895164e-11,1.2254352115399906e-11,4.693959537751866e-12,2.34092009246968e-12,9.09370261945731e-11,0.7793138131020046,0.13329071672891746,0.0510562472166295,0.02546221244436837,5.405605179728539,12.58312321573683
SC4001E,SC4001E0-PSG.edf,SC4001EC-Hypnogram.edf,Fpz-Cz,100.0,695,49680.0,5,REM,4.23921065387254e-09,7.744877116250301e-06,5.998312154581758e-11,-2.378626375554527e-05,2.8298690342904748e-05,5.208495409845002e-05,7.7435873561855e-06,0.06423850839211016,0.018185567955925297,3.136485989610744e-11,1.0456256885789466e-11,3.963717246774372e-12,2.2099874610110572e-12,4.7994821489682326e-11,0.6401668368709634,0.21341555225364822,0.08090073861395901,0.04510655195419891,2.737792998951773,6.318824851776081
SC4001E,SC4001E0-PSG.edf,SC4001EC-Hypnogram.edf,Fpz-Cz,100.0,696,49710.0,5,REM,6.336324320226127e-08,7.2373652546343505e-06,5.237945582898853e-11,-2.1818134512314407e-05,2.6075986739403904e-05,4.7894121251718314e-05,7.236436340559348e-06,0.21293356175739278,0.2536695223439587,2.918947364634913e-11,1.0102723389214708e-11,4.06472763211245e-12,1.860156791582202e-12,4.52170814592585e-11,0.6315732782062488,0.2185928464158973,0.08794860046919249,0.04024825308845986,2.629037275188182,5.763285958612246
SC4001E,SC4001E0-PSG.edf,SC4001EC-Hypnogram.edf,Fpz-Cz,100.0,697,49740.0,5,REM,-4.654849356725511e-08,8.966485603971217e-06,8.039786408622308e-11,-3.28523013909569e-05,4.6336976392518633e-05,7.918927778347553e-05,8.965111910090566e-06,0.044192021350673565,0.29381570718117667,4.148153349602145e-11,1.185348695275406e-11,5.484428585594229e-12,6.575686875629507e-12,6.539513590999925e-11,0.6247676569598564,0.1785294478321702,0.08260286706888513,0.09903868386598474,3.2272591592068625,6.397099289238314
SC4001E,SC4001E0-PSG.edf,SC4001EC-Hypnogram.edf,Fpz-Cz,100.0,698,49770.0,5,REM,8.832819276037102e-08,8.936546910040437e-06,7.98618706753533e-11,-3.606610507624122e-05,2.9528414413779015e-05,6.559451949002024e-05,8.935493938301964e-06,-0.10151980445643283,0.5958615988945066,4.130901608814323e-11,1.2532755188645523e-11,4.1747121367799644e-12,2.1350696064123727e-12,6.015155301998108e-11,0.6755186752926068,0.2049458201748447,0.06826829296413602,0.03491439711620644,3.0525207551824334,7.98286262042169
SC4001E,SC4001E0-PSG.edf,SC4001EC-Hypnogram.edf,Fpz-Cz,100.0,699,49800.0,5,REM,-1.4635420671908814e-07,7.974149523290854e-06,6.358706061979974e-11,-2.6122801252843884e-05,2.7834070847053042e-05,5.3956872099896926e-05,7.974163560320973e-06,0.11708325383921211,0.19788707482696788,3.488609206991503e-11,1.1972825759654264e-11,3.390130982662541e-12,2.5212041454283882e-12,5.277025295766022e-11,0.6487991064015459,0.22266634618739672,0.06304844772316764,0.04688845610255237,2.6891667795625103,7.946480915418428
SC4001E,SC4001E0-PSG.edf,SC4001EC-Hypnogram.edf,Fpz-Cz,100.0,700,49830.0,5,REM,1.5615983397789246e-07,8.135167940115606e-06,6.61809574138848e-11,-4.172008672383628e-05,3.9615282238874205e-05,8.133536896271049e-05,8.135310872271253e-06,0.12619842936657655,1.5227945807677727,3.0996934980266e-11,1.4267996250686508e-11,2.88811422269561e-12,2.3579882101868717e-12,5.0511033663834986e-11,0.6017533094473392,0.2769891271023711,0.05606787550689951,0.04577637143869576,2.0301901095156647,7.972228490441823
SC4001E,SC4001E0-PSG.edf,SC4001EC-Hypnogram.edf,Fpz-Cz,100.0,701,49860.0,5,REM,-1.5519317583741227e-07,9.964466907437489e-06,9.929060074941684e-11,-3.668685900401811e-05,3.236867403247766e-05,6.905553303649577e-05,9.964014693100711e-06,0.2443753546262712,0.5620492930448493,5.966388346002169e-11,1.5080402760671563e-11,5.848323988289055e-12,3.209051891299308e-12,8.38016621002816e-11,0.7035697412329796,0.17783145267646217,0.06896473304229771,0.0378418513484378,3.710347579473809,8.71218761875893
SC4001E,SC4001E0-PSG.edf,SC4001EC-Hypnogram.edf,Fpz-Cz,100.0,702,49890.0,5,REM,1.3662002911544026e-07,7.050787156792445e-06,4.971359953038929e-11,-2.928836341623068e-05,2.5027431715303056e-05,5.431579513153373e-05,7.050935637410211e-06,0.06995099981815538,0.2285105648981709,2.817503237963786e-11,1.1132530034161636e-11,3.771082929941756e-12,2.3558346649716314e-12,4.543448000871289e-11,0.6067696327029213,0.23974705934195337,0.08121298933969232,0.05073459774998205,2.322271801537293,5.90537469026593
SC4001E,SC4001E0-PSG.edf,SC4001EC-Hypnogram.edf,Fpz-Cz,100.0,703,49920.0,5,REM,-1.0660832670373593e-07,8.059523290300223e-06,6.495591566689174e-11,-2.737851413086408e-05,2.8069183677019258e-05,5.5447697807883335e-05,8.058885098468978e-06,-0.02109618808788527,0.42160817415539986,3.133005670089018e-11,1.3777898923567691e-11,3.5575837392357953e-12,2.3918325551235743e-12,5.1057371918817235e-11,0.6018370798615992,0.26466758531441303,0.06833967232890278,0.04594608730639734,2.1200616449558485,6.874269019167496
SC4001E,SC4001E0-PSG.edf,SC4001EC-Hypnogram.edf,Fpz-Cz,100.0,704,49950.0,5,REM,6.644313408748019e-08,8.060240960999569e-06,6.496748434937526e-11,-3.20177022600872e-05,3.1218404736677195e-05,6.32361069967644e-05,8.059171372500163e-06,-0.1319166681785036,0.3087026147817733,3.382693774468276e-11,1.7231968847987708e-11,4.8673015886750514e-12,2.30474272849089e-12,5.823095090983642e-11,0.5711023919939323,0.2909284518193682,0.08217496957096368,0.03891112151819504,1.8553639503621846,5.765331342430879
SC4001E,SC4001E0-PSG.edf,SC4001EC-Hypnogram.edf,Fpz-Cz,100.0,705,49980.0,5,REM,2.2434936964503094e-08,8.597681465530557e-06,7.392012658272767e-11,-5.005901087998442e-05,3.501835690223362e-05,8.507736778221804e-05,8.596277675071347e-06,-0.5295507645400002,3.2269051906969732,3.7115912220546096e-11,1.5855417404299777e-11,3.5562987788048254e-12,2.1910170791014806e-12,5.871864548275219e-11,0.6215129616639721,0.2655019596665016,0.05955089486803495,0.03668899489246261,2.2020167955661494,8.146066362724804
SC4001E,SC4001E0-PSG.edf,SC4001EC-Hypnogram.edf,Fpz-Cz,100.0,706,50010.0,5,REM,-7.148478619992235e-08,1.3698835532737168e-05,1.876580949529824e-10,-4.9470627572474875e-05,6.48806432127682e-05,0.00011435127078524308,1.3696738747940063e-05,0.519502554517834,2.427371916757041,1.3033078231391965e-10,1.263546220777351e-11,3.4603809903132013e-12,2.444408749974466e-12,1.4887103426198083e-10,0.8696195562786068,0.08430890111618362,0.0230890579180518,0.016310081277623914,9.558222547059586,29.219652446049906
SC4001E,SC4001E0-PSG.edf,SC4001EC-Hypnogram.edf,Fpz-Cz,100.0,707,50040.0,5,REM,1.0274253764040192e-07,8.040650493319008e-06,6.46520603557112e-11,-2.828414422620331e-05,2.456680540114648e-05,5.285094962734979e-05,8.039966772192951e-06,0.1273015642765197,0.152884921501375,3.2524309029996264e-11,1.0413209249758695e-11,4.160464522573314e-12,2.7442723100392266e-12,4.98422551123675e-11,0.6397101969240669,0.20481407102702762,0.08183084155842786,0.053976211400813254,2.8497075904118656,6.302593281617546
SC4001E,SC4001E0-PSG.edf,SC4001EC-Hypnogram.edf,Fpz-Cz,100.0,708,50070.0,5,REM,-6.516838556495358e-09,8.15900438294447e-06,6.656935252090706e-11,-2.9057938985659314e-05,2.4570433605524902e-05,5.362837259118422e-05,8.157647038571734e-06,-0.08198234800226098,0.06155089544707204,3.687145475616152e-11,9.413682833198376e-12,5.209895648885246e-12,2.491972724073655e-12,5.39870059623188e-11,0.6705485070678078,0.17119831619218065,0.09474776008818256,0.04531930190527814,3.5406738755876925,5.93753210052417
SC4001E,SC4001E0-PSG.edf,SC4001EC-Hypnogram.edf,Fpz-Cz,100.0,709,50100.0,5,REM,-5.81288159399203e-08,8.28581333255621e-06,6.865470258196625e-11,-2.9446971173730142e-05,2.9144016609238972e-05,5.8590987782969114e-05,8.284636180324889e-06,-0.029005860047754854,0.4459236238843465,3.69484592673022e-11,1.4417472349776212e-11,4.769746657243668e-12,2.7498814873508963e-12,5.888555976167298e-11,0.616984451917061,0.24075039804509699,0.07964769263618585,0.04591894103177161,2.3965315733378643,6.403826972353285
SC4001E,SC4001E0-PSG.edf,SC4001EC-Hypnogram.edf,Fpz-Cz,100.0,710,50130.0,5,REM,7.04041591379285e-08,9.750393076415118e-06,9.507016514460388e-11,-5.0056357537900094e-05,4.831476723606589e-05,9.837112477396599e-05,9.749022096353028e-06,-0.12453200126239859,3.91415721531855,6.000974065559408e-11,8.96833863407957e-12,4.753989907512193e-12,2.5737526619305547e-12,7.630582185911639e-11,0.776264183116208,0.11601116731445714,0.06149588469773927,0.03329312851263661,6.020034316494216,10.429239817964856
SC4001E,SC4001E0-PSG.edf,SC4001EC-Hypnogram.edf,Fpz-Cz,100.0,711,50160.0,5,REM,-1.5597234051942094e-07,1.2286279249441629e-05,1.5095265779525995e-10,-6.704911213011008e-05,7.300413477676879e-05,0.00014005324690687885,1.2285221512600765e-05,0.3434342184989336,5.871272416581991,6.366853986119074e-11,1.0760686047383777e-11,5.973296450285376e-12,9.416486129475318e-12,8.981900848833521e-11,0.7010486121896863,0.11848495404754257,0.06577143430334395,0.10368408867494706,5.413675665235033,9.130336034772359
SC4001E,SC4001E0-PSG.edf,SC4001EC-Hypnogram.edf,Fpz-Cz,100.0,712,50190.0,1,Acordado,3.652957368774312e-08,9.26350018116714e-06,8.581243560648366e-11,-3.469887740880482e-05,3.45202953902408e-05,6.921917279904561e-05,9.262028172653941e-06,0.0012522890307828836,0.6896550938637978,2.9036144499863523e-11,2.2823920896497097e-11,7.76835072580755e-12,8.631324527128867e-12,6.825974064929702e-11,0.4192355360799093,0.3295409523992891,0.11216257313383973,0.124622536068022,1.2187810992997712,3.3114716105507225
SC4001E,SC4001E0-PSG.edf,SC4001EC-Hypnogram.edf,Fpz-Cz,100.0,713,50220.0,2,N1,8.69303618431321e-08,7.224031563746383e-06,5.2186632034004e-11,-2.392239035127674e-05,2.4742626309066514e-05,4.866501666034325e-05,7.223350564509717e-06,-0.05086463303708205,-0.009081141025126804,3.139682115734973e-11,1.0030849553732007e-11,2.9530575843245277e-12,3.1184888490130997e-12,4.7499217144419374e-11,0.6473675866531475,0.20682497871795483,0.0608887680708538,0.06429977704025544,2.846274079291329,7.942414317932233
SC4001E,SC4001E0-PSG.edf,SC4001EC-Hypnogram.edf,Fpz-Cz,100.0,714,50250.0,2,N1,-5.835770274868689e-08,6.947131594111774e-06,4.826263738590599e-11,-3.109715817431788e-05,2.4393315890321623e-05,5.54904740646395e-05,6.9462187887785966e-06,-0.044633480616291035,0.435901803753028,2.8165239384372865e-11,9.476636479734423e-12,2.525609611920152e-12,2.5790025704869225e-12,4.274648804651436e-11,0.6438285824093031,0.2166262231075142,0.05773285410327671,0.05895336255894975,2.688385670234388,7.988757260346031
SC4001E,SC4001E0-PSG.edf,SC4001EC-Hypnogram.edf,Fpz-Cz,100.0,715,50280.0,2,N1,6.541998378264508e-08,8.394670083486075e-06,7.047048581057612e-11,-3.180732890081346e-05,2.8987018091209353e-05,6.079434699202282e-05,8.393525804029996e-06,-0.036360292240558076,0.2808971354330092,4.669439797757883e-11,1.52399136895007e-11,4.2096643727815e-12,2.5674239864872574e-12,6.871140002634828e-11,0.6698244183868077,0.21861436843530022,0.06038702954165898,0.036829327563596026,2.8752860926697736,8.963033822589257
SC4001E,SC4001E0-PSG.edf,SC4001EC-Hypnogram.edf,Fpz-Cz,100.0,716,50310.0,2,N1,-2.2455155279293402e-10,7.752238447135207e-06,6.009720094124127e-11,-2.8476134995325034e-05,3.684177127950753e-05,6.531790627483256e-05,7.750946302958814e-06,0.24364356610674315,0.6269018475982397,3.414646187251219e-11,1.2738369663813525e-11,3.739840886992446e-12,2.1800214278063482e-12,5.280469385112451e-11,0.6346372301084756,0.23675201459300368,0.06950770684320665,0.040517309397547774,2.48548137137793,7.20413673931975
SC4001E,SC4001E0-PSG.edf,SC4001EC-Hypnogram.edf,Fpz-Cz,100.0,717,50340.0,2,N1,-9.569504811275714e-08,7.786168955357927e-06,6.062442700137955e-11,-4.007194228792482e-05,3.521086764986756e-05,7.528280993779237e-05,7.785459292892045e-06,-0.04529107846643104,0.9503679908330143,3.50991945773813e-11,1.278350340322487e-11,4.409122007736594e-12,3.3343504803809934e-12,5.562617046872375e-11,0.6198405134383507,0.2257525680689561,0.07786367983637314,0.05888355954112508,2.5464639540894436,6.488889421828422
SC4001E,SC4001E0-PSG.edf,SC4001EC-Hypnogram.edf,Fpz-Cz,100.0,718,50370.0,5,REM,8.143964296364929e-08,7.921867657981118e-06,6.275598719056724e-11,-3.371883112526921e-05,3.800057358375819e-05,7.17194047090274e-05,7.920965909762297e-06,0.12301059552401936,0.8258436996356022,2.746699843532301e-11,1.949242122719205e-11,5.8997133956295586e-12,3.047401711361893e-12,5.5906534769506524e-11,0.48266861699759045,0.3425339691855056,0.10367374185628557,0.053550997679002045,1.3403491042276725,3.9808897645982304
SC4001E,SC4001E0-PSG.edf,SC4001EC-Hypnogram.edf,Fpz-Cz,100.0,719,50400.0,5,REM,-1.0693169467813395e-07,1.2320477125104288e-05,1.5179415659021802e-10,-6.443258971186764e-05,7.461332976622725e-05,0.0001390459194780949,1.2318887649676332e-05,0.8141930060374158,8.67254112598125,1.0600863724120431e-10,1.3238895671731484e-11,5.1365722691219535e-12,3.65671651592815e-12,1.2804082169798592e-10,0.8215124163523434,0.10259463243900065,0.039805793248464144,0.028337672279292566,7.445004141133188,17.274894288236336
SC4001E,SC4001E0-PSG.edf,SC4001EC-Hypnogram.edf,Fpz-Cz,100.0,720,50430.0,5,REM,2.524058133795258e-08,7.048471372567737e-06,4.968094868990692e-11,-2.553237403352364e-05,2.7175735695794426e-05,5.2708109729318064e-05,7.047341730086829e-06,-0.018789375311450637,0.20071647721646224,2.6769431968999206e-11,1.1075508271360925e-11,2.94184940779944e-12,2.7296479129665656e-12,4.351643756112614e-11,0.6013381446402069,0.24879592523891855,0.06608456491514951,0.061317752778812275,2.216836870749976,6.791084386946023
SC4001E,SC4001E0-PSG.edf,SC4001EC-Hypnogram.edf,Fpz-Cz,100.0,721,50460.0,5,REM,5.406332464727864e-08,7.922356566157298e-06,6.276373356133566e-11,-3.354863743644859e-05,2.6807004305863062e-05,6.035564174231165e-05,7.921220559982353e-06,0.010258614419719347,0.4322261411959718,3.294502886829115e-11,1.6922582972516294e-11,3.3825628627019836e-12,2.5321483314278975e-12,5.578232303493731e-11,0.5801986799310865,0.2980255485867333,0.059570702322635574,0.044593954528241206,1.8381853173067353,7.517297503858174
SC4001E,SC4001E0-PSG.edf,SC4001EC-Hypnogram.edf,Fpz-Cz,100.0,722,50490.0,5,REM,9.410687722432837e-08,8.662981198030516e-06,7.504724323743023e-11,-3.098325432123135e-05,4.437231772202528e-05,7.535557204325664e-05,8.662048464077382e-06,0.3294964262431327,1.190902033233069,4.6398986964691944e-11,1.0586157969050867e-11,2.679517564545474e-12,2.461805126895352e-12,6.212646762518362e-11,0.7350163680975803,0.16769761349402093,0.042446816135115244,0.03899798641534065,4.004691381615344,12.610073508488211
SC4001E,SC4001E0-PSG.edf,SC4001EC-Hypnogram.edf,Fpz-Cz,100.0,723,50520.0,5,REM,-1.4332118505373431e-07,7.589797998514993e-06,5.76050336582622e-11,-2.829020564536873e-05,2.6776859788934323e-05,5.5067065434303056e-05,7.589886227240914e-06,-0.016202599779412432,-0.019214644352879784,3.4439985650551616e-11,9.93346926434242e-12,2.5561262249787693e-12,2.5977377285769225e-12,4.9527318868449725e-11,0.6816111842430775,0.1965960095805732,0.05058899387940542,0.05141253853861227,3.149959525003793,9.68469156371333
SC4001E,SC4001E0-PSG.edf,SC4001EC-Hypnogram.edf,Fpz-Cz,100.0,724,50550.0,5,REM,1.923781672217853e-08,1.0524018080210538e-05,1.1075495655259829e-10,-3.85333642223344e-05,4.3459590345483264e-05,8.199295456781766e-05,1.0522281517206221e-05,0.055782034794743446,0.8589684097347607,7.016441639079124e-11,2.54359761107309e-11,5.0642930477027286e-12,2.8535938821552956e-12,1.0351827943138017e-10,0.6713123940856354,0.2433639000671695,0.0484536587786791,0.027302342687613584,2.654126183837414,11.57009000700764
SC4001E,SC4001E0-PSG.edf,SC4001EC-Hypnogram.edf,Fpz-Cz,100.0,725,50580.0,5,REM,-1.3267054224839563e-08,7.182324761456563e-06,5.1585788979032075e-11,-2.885269131945048e-05,2.1184247897217543e-05,5.003693921666803e-05,7.181139862916393e-06,-0.20289354379094085,0.3813273380084068,2.7401759825278764e-11,1.039817979515938e-11,4.665054205110865e-12,3.191211070173664e-12,4.565620489572267e-11,0.587312231814013,0.222868101218251,0.09998786261200053,0.06839842797557301,2.404046989758474,4.836981047870223
SC4001E,SC4001E0-PSG.edf,SC4001EC-Hypnogram.edf,Fpz-Cz,100.0,726,50610.0,5,REM,-6.020602887953191e-07,2.256634752273171e-05,5.092400405166995e-10,-9.990103276363092e-05,0.00015256884609441516,0.0002524698788580461,2.2570617413528404e-05,1.844085455610949,15.886386538407905,2.562309761740103e-10,1.208305170142696e-11,6.436157815408558e-12,9.170852146438215e-12,2.8392103783728394e-10,0.8993052184526357,0.04240842232340699,0.022589268466318712,0.03218734641727514,19.58495479659867,34.45744193904422
SC4001E,SC4001E0-PSG.edf,SC4001EC-Hypnogram.edf,Fpz-Cz,100.0,727,50640.0,1,Acordado,5.949401245882005e-07,3.708715269960893e-05,1.37545689536411e-09,-0.00011870589878129774,0.00012197630440102564,0.00024068220318232338,3.708574339937339e-05,-0.14750609818982194,0.5759604543340839,7.632175706151619e-10,1.738524497301589e-11,9.526115926927077e-12,2.001319442027301e-11,8.101421259353779e-10,0.9409171909732204,0.021433044120311093,0.01174407742162562,0.024672857912778928,41.51250482304369,72.50704589551016
SC4001E,SC4001E0-PSG.edf,SC4001EC-Hypnogram.edf,Fpz-Cz,100.0,728,50670.0,1,Acordado,-3.4736716596531825e-08,1.526966698636819e-05,2.3316272987458263e-10,-7.779356842517666e-05,6.98806413347411e-05,0.00014767420975991775,1.5267161347287332e-05,-0.17363038857493376,3.8683537014065985,1.1127418847445485e-10,1.933671707695696e-11,1.2682988350999635e-11,3.976392472384307e-12,1.4727028637479574e-10,0.7504820500122147,0.13041532157075528,0.08553964965670693,0.02681853909914784,5.471590525323132,8.132301630317876
SC4001E,SC4001E0-PSG.edf,SC4001EC-Hypnogram.edf,Fpz-Cz,100.0,729,50700.0,1,Acordado,4.995641999121449e-08,8.830452025109168e-06,7.797688296775461e-11,-3.09932806255099e-05,3.382493282412107e-05,6.481821344963098e-05,8.82912149182071e-06,0.005177266644989953,0.6342191987595927,2.3554214603515717e-11,3.05887551186064e-11,1.5841379924111512e-11,3.3933501531249696e-12,7.337769979935858e-11,0.3166838268332526,0.4112624509916639,0.2129856121773764,0.04562321989358205,0.7456518788118314,1.398591725241799
SC4001E,SC4001E0-PSG.edf,SC4001EC-Hypnogram.edf,Fpz-Cz,100.0,730,50730.0,1,Acordado,1.060433494273598e-07,1.7172602206351586e-05,2.9489826653759135e-10,-0.00010519131637179975,7.86577532760896e-05,0.00018384906964788935,1.717006733555142e-05,-1.0429504490827626,7.368960037193162,1.4830260790585204e-10,1.616698919321831e-11,1.4147335141594981e-11,8.972430949129882e-12,1.8758936318979522e-10,0.7863784330010234,0.08572588039839737,0.07501661229619397,0.04757654831306727,8.638824562459552,9.790673179113147
SC4001E,SC4001E0-PSG.edf,SC4001EC-Hypnogram.edf,Fpz-Cz,100.0,731,50760.0,1,Acordado,-1.107139200037109e-07,2.028963262883268e-05,4.1166919221299175e-10,-9.124694985433799e-05,6.222429386332348e-05,0.00015347124371766147,2.028655285456362e-05,-0.665046265525052,1.9160861499602078,2.1327734878646777e-10,1.9353353432175426e-11,8.717684977720497e-12,7.579867003082542e-12,2.4892825419944625e-10,0.8533542934936418,0.0774356364556173,0.03488075010024142,0.030328171688158562,10.478732632299801,21.94734129326518
SC4001E,SC4001E0-PSG.edf,SC4001EC-Hypnogram.edf,Fpz-Cz,100.0,732,50790.0,1,Acordado,2.641399748290633e-07,2.7024127579426252e-05,7.303034714291065e-10,-0.00010992350299023999,9.524205043998027e-05,0.00020516555343022026,2.7020914249242805e-05,-0.0329369168530822,1.2169163318093705,3.287799686132648e-10,1.6390317669519393e-11,5.9574126927968116e-12,8.73125629455698e-12,3.5985895527013794e-10,0.9111038088749691,0.045420287982737326,0.016508978385577574,0.02419575894415808,18.905920803823424,47.25606818662046
SC4001E,SC4001E0-PSG.edf,SC4001EC-Hypnogram.edf,Fpz-Cz,100.0,733,50820.0,1,Acordado,-2.3416277069714919e-07,2.631067543411328e-05,6.922516417992521e-10,-8.817758877024758e-05,0.00011926166332173158,0.00020743925209197914,2.6307332123481583e-05,0.6351597598307971,3.281697453630942,4.565403379001694e-10,2.5558345278682126e-11,4.724559541742939e-12,3.8120545201008155e-12,4.906352972406953e-10,0.9286158672139766,0.0519863919904214,0.00960988677635545,0.0077538259386500195,17.19008971039418,79.75117291926499
SC4001E,SC4001E0-PSG.edf,SC4001EC-Hypnogram.edf,Fpz-Cz,100.0,734,50850.0,1,Acordado,-1.0296905380441419e-07,1.9829548746224702e-05,3.932110034789016e-10,-8.953803054944833e-05,7.487244386659002e-05,0.00016441047441603833,1.9826510932850742e-05,-0.40130267630949856,2.3960368628524913,3.164925971216162e-10,2.8467512463366773e-11,5.161609816371753e-12,3.946123180215628e-12,3.5406784258157046e-10,0.8913580988368659,0.0801748540684218,0.014536967861813523,0.011113716047966458,10.740390710450072,51.3652448878988
SC4001E,SC4001E0-PSG.edf,SC4001EC-Hypnogram.edf,Fpz-Cz,100.0,735,50880.0,1,Acordado,9.502572040619185e-08,1.1694080482610107e-05,1.3675151833376262e-10,-5.952347762484954e-05,4.750213713753381e-05,0.00010702561476238335,1.1692517452706957e-05,-0.8947041900564356,4.149309607903584,7.284910742010446e-11,2.2045824274694297e-11,7.852173680349423e-12,2.466894404199099e-12,1.0521399977934727e-10,0.6858710487453987,0.2075604376117374,0.07392785976106547,0.023225699148171738,3.1610545386348874,8.229516280483653
SC4001E,SC4001E0-PSG.edf,SC4001EC-Hypnogram.edf,Fpz-Cz,100.0,736,50910.0,1,Acordado,-1.8501528633047867e-09,1.0972807175780995e-05,1.204024973168709e-10,-4.429082705263704e-05,4.091148139495239e-05,8.520230844758943e-05,1.0970978378165014e-05,0.08289250988724252,1.4342997357097715,4.403240353574509e-11,1.722551452536274e-11,1.1773326159999963e-11,2.822603072048623e-12,7.585384729315643e-11,0.5729368806715032,0.22413340557508582,0.15319110980990977,0.03672689359690606,2.415975882297826,3.4472151563493165
SC4001E,SC4001E0-PSG.edf,SC4001EC-Hypnogram.edf,Fpz-Cz,100.0,737,50940.0,1,Acordado,4.2789764009596485e-08,8.748438873110857e-06,7.653518271655716e-11,-4.7779946599057003e-05,3.170589524545362e-05,7.948584184451062e-05,8.747085340437063e-06,-0.10148014641230557,1.2307669243031594,2.9087348121978684e-11,2.6182469690974986e-11,1.1065169991060576e-11,2.6752117278596066e-12,6.901019953187385e-11,0.41547300702572576,0.3739807894570388,0.1580508278086379,0.03821174265674891,1.0700774599460383,2.410852739209669
SC4001E,SC4001E0-PSG.edf,SC4001EC-Hypnogram.edf,Fpz-Cz,100.0,738,50970.0,1,Acordado,3.3492617288246173e-08,7.204269507328463e-06,5.190149913422269e-11,-2.529876897906993e-05,2.5381169118702447e-05,5.0679938097772376e-05,7.2031465617412025e-06,0.08007446864773926,0.10350945996788585,2.4146199262576493e-11,1.0285747605227253e-11,1.0451551881124125e-11,2.4260825550449567e-12,4.7309581303972835e-11,0.4998221597211562,0.21291320122415103,0.2163453211353877,0.050219490410806825,2.139530326851597,2.108552579880223
SC4001E,SC4001E0-PSG.edf,SC4001EC-Hypnogram.edf,Fpz-Cz,100.0,739,51000.0,1,Acordado,-9.782788780747249e-08,7.6492552116664e-06,5.851110529320558e-11,-3.198242337337952e-05,2.7562482653755692e-05,5.954490602713521e-05,7.648605878660114e-06,-0.050306453479886354,0.1370469785397308,1.7408425603154195e-11,1.8468927662312365e-11,1.440540462053364e-11,2.73016253391798e-12,5.301292041991817e-11,0.32230113587293724,0.34193536507057,0.26670293901052244,0.05054647133857229,0.8941645839515416,1.1300206668996384
SC4001E,SC4001E0-PSG.edf,SC4001EC-Hypnogram.edf,Fpz-Cz,100.0,740,51030.0,1,Acordado,-1.2035301164022967e-08,8.406300135083125e-06,7.066588196109858e-11,-3.167963286692966e-05,2.481202453694632e-05,5.649165740387598e-05,8.404907585190075e-06,-0.09724955262399582,0.020458743283963354,2.5583203482761987e-11,2.6929856076268775e-11,1.0759887539095727e-11,2.6341260999765833e-12,6.590707319810305e-11,0.38236919147566784,0.4024963996935423,0.16081838623006442,0.03936991971203526,0.9159804981773367,2.1754632769837867
SC4001E,SC4001E0-PSG.edf,SC4001EC-Hypnogram.edf,Fpz-Cz,100.0,741,51060.0,1,Acordado,7.186927852371635e-08,8.2200272138382e-06,6.756884739624061e-11,-3.494144256758392e-05,2.7122059887753985e-05,6.206350245533791e-05,8.218971324947183e-06,-0.04765204043989057,0.20845975527857652,2.2384461483719223e-11,2.4985973525865296e-11,1.1498498173753071e-11,3.4417816894471146e-12,6.231071487278471e-11,0.35356513551771,0.394656316487211,0.181620096959226,0.05436333638568072,0.8614055371617582,1.7909720970097625
SC4001E,SC4001E0-PSG.edf,SC4001EC-Hypnogram.edf,Fpz-Cz,100.0,742,51090.0,1,Acordado,9.124468370844529e-08,1.8507546431147706e-05,3.4252927490108815e-10,-8.441832430701595e-05,8.198052798755602e-05,0.00016639885229457197,1.850468654337128e-05,-0.13690833097299526,3.174359387578093,1.9196631216179335e-10,1.762929615565983e-11,1.0444529911765824e-11,1.8149188684706067e-11,2.38189326913925e-10,0.8025705604785394,0.07370435956786622,0.04366637109825727,0.0758779203021766,10.304539181608932,16.77363016583475
SC4001E,SC4001E0-PSG.edf,SC4001EC-Hypnogram.edf,Fpz-Cz,100.0,743,51120.0,1,Acordado,-1.080735101762289e-07,8.604525685954755e-06,7.403786228025514e-11,-3.0759921135071974e-05,2.9351447189883994e-05,6.0111368324955965e-05,8.603770271016667e-06,-0.026786718092667597,0.12715903065732048,2.5222700548892287e-11,2.1174003490124818e-11,1.2413203230525751e-11,6.268301808821621e-12,6.507820907836448e-11,0.38170980873558175,0.3204385195278798,0.1878562298170717,0.09486185985137431,1.1374896986971796,1.8804382603769467
SC4001E,SC4001E0-PSG.edf,SC4001EC-Hypnogram.edf,Fpz-Cz,100.0,744,51150.0,2,N1,6.3124112446906164e-09,7.600941350092084e-06,5.777430940753967e-11,-2.626887791788895e-05,3.35016246515882e-05,5.9770502569477156e-05,7.599677042541976e-06,-0.04386424895756203,0.2107304704636741,2.512686676261134e-11,1.4140917089934303e-11,6.185848973900641e-12,5.618945764239966e-12,5.107257859068625e-11,0.48253548110455113,0.27156168318623575,0.11879282995613065,0.10790604030592363,1.6595340040079678,3.4967151207704705
SC4001E,SC4001E0-PSG.edf,SC4001EC-Hypnogram.edf,Fpz-Cz,100.0,745,51180.0,2,N1,-2.8074956344931295e-08,7.830638470932343e-06,6.131889886244562e-11,-2.2451656860225912e-05,2.9278216678135168e-05,5.172987353836108e-05,7.829383592126857e-06,0.21486576909629873,-0.012998612194621728,2.64469189995831e-11,1.2411224780597043e-11,7.61769611487568e-12,5.753362886356298e-12,5.2229202781412116e-11,0.4968498045741629,0.2331657085221479,0.14311121934623103,0.10808658754448598,1.9719987870045776,3.068908284423142
SC4001E,SC4001E0-PSG.edf,SC4001EC-Hypnogram.edf,Fpz-Cz,100.0,746,51210.0,2,N1,4.0242352358959946e-07,1.1344679863472831e-05,1.2870176120468593e-10,-4.1702934163113795e-05,0.00010380400972062944,0.00014550694388374325,1.1349925343805394e-05,3.6463680340077715,29.136446117163075,3.404786341027988e-11,7.896058277005446e-12,4.218693208500603e-12,3.910912721916174e-12,5.007352761770211e-11,0.6666440521817191,0.15460177993009175,0.08260038821047483,0.07657416482351317,3.8272977031059794,6.524212489597998
SC4001E,SC4001E0-PSG.edf,SC4001EC-Hypnogram.edf,Fpz-Cz,100.0,747,51240.0,1,Acordado,-7.351028126735225e-07,5.056964189911603e-05,2.5572886818048315e-09,-0.0001723292042025939,0.00015441751023523339,0.0003267467144378273,5.056655642210007e-05,0.09388574328555997,0.47704389306774075,1.1759301227391985e-09,2.6952444543660254e-11,6.7691439854304525e-12,1.4267933353772062e-11,1.2239196446220616e-09,0.9600059301049266,0.022003438888414755,0.005526194322337783,0.01164805660225517,42.068954681314445,151.3590332402683
SC4001E,SC4001E0-PSG.edf,SC4001EC-Hypnogram.edf,Fpz-Cz,100.0,748,51270.0,1,Acordado,2.1408169790054593e-07,1.9771066654519223e-05,3.9089507665744195e-10,-8.979442013286844e-05,0.00011122662066668979,0.00020102104079955824,1.9768930402829895e-05,0.5054393899574485,5.457339377670003,2.0456544699747871e-10,1.6397267425635315e-11,9.701228025233775e-12,8.559705290058333e-12,2.392236477384061e-10,0.8515624873877623,0.06825834000943687,0.04038415083846376,0.03563223425605254,11.758481489802607,19.11607214752438
SC4001E,SC4001E0-PSG.edf,SC4001EC-Hypnogram.edf,Fpz-Cz,100.0,749,51300.0,1,Acordado,1.5465444056345715e-07,1.7708729703330343e-05,3.1359910770561434e-10,-8.107970694332665e-05,8.468557790833046e-05,0.0001657652848516571,1.7706453418618264e-05,0.4924189684123228,3.94173461157665,2.1614208370315781e-10,1.952500457237893e-11,8.702514424165473e-12,1.5597556837041466e-11,2.5996715953674365e-10,0.8282348019836782,0.07481786063441385,0.033347163066853924,0.05976827453971411,10.530671646915305,22.276914442386776
SC4001E,SC4001E0-PSG.edf,SC4001EC-Hypnogram.edf,Fpz-Cz,100.0,750,51330.0,1,Acordado,-1.4301203202374122e-07,2.3692725915934198e-05,5.6134526132758e-10,-7.071094714295936e-05,0.00014024653072388624,0.0002109574778668456,2.3689208485759384e-05,1.1859577739240639,7.1005948419199925,3.0675446612287254e-10,1.671225308523426e-11,6.7526881166418425e-12,8.323386284425953e-12,3.3854279360917453e-10,0.903433887853198,0.04921987272234862,0.019887590735954242,0.024513511819680846,17.31877162361671,39.56749729998766
SC4001E,SC4001E0-PSG.edf,SC4001EC-Hypnogram.edf,Fpz-Cz,100.0,751,51360.0,1,Acordado,2.590922531662579e-07,2.5624752191932232e-05,6.566279248979357e-10,-8.51637664657245e-05,0.00011402706725652447,0.00019919083372224898,2.5621791071637057e-05,0.44260940651861364,2.593499835388039,5.295591496796713e-10,2.672562288107976e-11,4.003234301447405e-12,7.33401396359566e-12,5.676220208257942e-10,0.9313025705733433,0.0470006821794676,0.0070402378993933735,0.012897871863887142,19.099991078687278,105.84336406681437
SC4001E,SC4001E0-PSG.edf,SC4001EC-Hypnogram.edf,Fpz-Cz,100.0,752,51390.0,1,Acordado,-3.913255686470925e-07,1.9316484088240755e-05,3.7312655753125833e-10,-7.779085616733615e-05,8.723705736753751e-05,0.00016502791353487366,1.9317228520488084e-05,0.35157207365267823,4.320190076896247,2.1011128544744993e-10,1.3656816305588402e-11,7.601136523706909e-12,9.741466417234431e-12,2.411107046939797e-10,0.8678314563291365,0.05640732128242816,0.031395293047098045,0.040235587391921956,14.335397337779145,24.42831652169804
SC4001E,SC4001E0-PSG.edf,SC4001EC-Hypnogram.edf,Fpz-Cz,100.0,753,51420.0,1,Acordado,3.926187401728681e-07,3.5115188061549106e-05,1.233076432597961e-09,-0.00010719295253553278,0.00012394297525135937,0.00023113592778689214,3.511153025140834e-05,0.1489842837337015,1.0074855878075484,8.389602002906827e-10,3.3299754103766904e-11,7.938025692564233e-12,1.1501828674530585e-11,8.916998087615444e-10,0.9398010306001796,0.03730229779029991,0.008892155699659858,0.012884318515187364,24.459656408981235,93.8641517878646
SC4001E,SC4001E0-PSG.edf,SC4001EC-Hypnogram.edf,Fpz-Cz,100.0,754,51450.0,1,Acordado,-5.826793087923048e-08,2.9038884279889034e-05,8.432568002207865e-10,-0.00012038238569133887,0.00012896784138533517,0.00024935022707667405,2.903410253085984e-05,-0.1659010324695358,2.566960283665928,4.89309886055294e-10,2.6256243598093305e-11,6.922143436776799e-12,7.303507546146993e-12,5.29791780636311e-10,0.9218490261260476,0.049466183456377995,0.013041165461301156,0.013759647026545094,17.952212831320725,61.7648354842682
SC4001E,SC4001E0-PSG.edf,SC4001EC-Hypnogram.edf,Fpz-Cz,100.0,755,51480.0,1,Acordado,-1.496281771645906e-07,3.0094261121791677e-05,9.05664552466582e-10,-0.00010383355082374189,0.00012169480186856285,0.00022552835269230474,3.0089617027702897e-05,0.2824044538957507,2.157335330760345,6.866269067282152e-10,2.760118695865849e-11,7.962976351709816e-12,5.3037049300996276e-12,7.274947749686832e-10,0.9425282518433056,0.037887968324611554,0.01093072541536366,0.007280360974898722,24.006937464542933,76.60701978726424
SC4001E,SC4001E0-PSG.edf,SC4001EC-Hypnogram.edf,Fpz-Cz,100.0,756,51510.0,1,Acordado,9.428564564180067e-08,1.1267202471631858e-05,1.2694985153674704e-10,-7.642121040295335e-05,4.9888738318189796e-05,0.00012630994872114316,1.1265719005129775e-05,-0.6720806093869307,8.525458248774834,2.6779415263830648e-11,9.997942210853088e-12,9.573534162813755e-12,3.67835629488923e-12,5.002924793238672e-11,0.524785615091038,0.1959257213451444,0.18760876459513176,0.07208329426612396,2.4349478066364036,2.532683476638458
SC4001E,SC4001E0-PSG.edf,SC4001EC-Hypnogram.edf,Fpz-Cz,100.0,757,51540.0,2,N1,-5.2199458088746974e-08,7.0501496642087735e-06,4.9704610287743086e-11,-2.558645863461709e-05,2.2671108070706627e-05,4.8257566705323716e-05,7.0491678138443125e-06,-0.08693474009558447,-0.00844207162599142,2.1537439269699653e-11,1.1228873351029081e-11,6.619509886533316e-12,3.0784060325803903e-12,4.246422853984244e-11,0.4955210294358931,0.25834746706100825,0.15229788055401455,0.07082619745012847,1.7611957088334094,2.826617405899665
SC4001E,SC4001E0-PSG.edf,SC4001EC-Hypnogram.edf,Fpz-Cz,100.0,758,51570.0,1,Acordado,1.4801586937618766e-07,1.6208571195511704e-05,2.6271778019997167e-10,-7.7225484759028e-05,7.653697231889807e-05,0.00015376245707792607,1.6206545477187877e-05,-0.7834875198429706,5.203308801246127,1.5918031681705467e-10,1.818047660635044e-11,7.293643670632647e-12,3.686332628429354e-12,1.8834076972246709e-10,0.8407080897071394,0.09601987270358685,0.03852125287820242,0.01946930200945484,8.299080366144388,19.193049899250404
SC4001E,SC4001E0-PSG.edf,SC4001EC-Hypnogram.edf,Fpz-Cz,100.0,759,51600.0,1,Acordado,7.013873591314868e-08,2.5119725851184453e-05,6.310006268386645e-10,-7.880916807044052e-05,8.907571670500772e-05,0.00016788488477544825,2.5115636817302893e-05,-0.5782581045529823,1.5018687715905674,5.194543301956868e-10,3.679917810655445e-11,6.579228102038749e-12,5.752103810116432e-12,5.685848402143964e-10,0.9119876329576467,0.06460701814448386,0.011550918559493743,0.010098765634196467,13.74247685310418,68.5365743321484
SC4001E,SC4001E0-PSG.edf,SC4001EC-Hypnogram.edf,Fpz-Cz,100.0,760,51630.0,1,Acordado,-2.826161155111232e-07,3.2992838334287324e-05,1.088527381352419e-09,-9.289026613409736e-05,9.840286639201316e-05,0.00019129313252611051,3.2988549691684155e-05,-0.4467032456047652,0.4212772232303914,9.094578327717016e-10,4.684227394948196e-11,6.704762137399981e-12,4.639724456281533e-12,9.676445933148653e-10,0.9388973407257489,0.04835857679149355,0.0069217979263737515,0.004789914162844406,19.00950263635095,118.0384048920949
SC4001E,SC4001E0-PSG.edf,SC4001EC-Hypnogram.edf,Fpz-Cz,100.0,761,51660.0,1,Acordado,3.0010828526292033e-07,3.214639992622488e-05,1.033391028216791e-09,-0.00011264895481417466,0.00012312808353610885,0.0002357770383502835,3.214244280579188e-05,0.04363293178641284,1.6945071388845498,6.729103484905302e-10,2.0559126233273936e-11,9.164247891051504e-12,6.8094124495139906e-12,7.094431350643695e-10,0.9471698933786746,0.02893845435132705,0.01289934048024995,0.00958473959903494,31.212320073156466,66.20365379743969
SC4001E,SC4001E0-PSG.edf,SC4001EC-Hypnogram.edf,Fpz-Cz,100.0,762,51690.0,1,Acordado,-3.2312038443317886e-07,3.4013995787842566e-05,1.1569519094553717e-09,-0.00014562761977122892,0.00013420955841043594,0.00027983717818166485,3.400986129936026e-05,-0.11530253052892193,1.9811117587274012,7.577184492004304e-10,3.454446574687105e-11,5.679625948473804e-12,9.526331237340217e-12,8.074688721331152e-10,0.9372264972938517,0.04272825700230951,0.007025163422171494,0.011783176280127329,21.31748032440554,113.43725757181927
SC4001E,SC4001E0-PSG.edf,SC4001EC-Hypnogram.edf,Fpz-Cz,100.0,763,51720.0,1,Acordado,1.6714562678000964e-07,2.8254036626724363e-05,7.982905857042819e-10,-9.191223465324463e-05,8.145886204369755e-05,0.0001733710966969422,2.8249821707453873e-05,-0.30776966028797864,0.3716873539711827,5.364715335701901e-10,2.434284108417111e-11,5.8728713964314885e-12,7.493421761854287e-12,5.741806678126471e-10,0.93270091223743,0.04232207799463155,0.010210481201959403,0.01302794440284476,21.168563216271163,78.05639049913479
SC4001E,SC4001E0-PSG.edf,SC4001EC-Hypnogram.edf,Fpz-Cz,100.0,764,51750.0,1,Acordado,-5.632079002819463e-07,1.7562275395162203e-05,3.0843351705551976e-10,-7.404448014169515e-05,8.051068635483782e-05,0.00015455516649653296,1.7568378098791813e-05,-0.21512530484948916,4.186730791874052,2.0673132561373118e-10,1.7176827806001564e-11,7.1319729434116e-12,3.0172827138799374e-12,2.3405740907702433e-10,0.8794929137757527,0.07307503249290478,0.030341408813344715,0.012836365063869247,11.373344558255281,25.42203805304366
SC4001E,SC4001E0-PSG.edf,SC4001EC-Hypnogram.edf,Fpz-Cz,100.0,765,51780.0,1,Acordado,5.361171921046159e-07,1.501310467327997e-05,2.253933119308609e-10,-7.105454782435912e-05,5.4315313298777916e-05,0.00012536986112313703,1.5020173183773683e-05,-0.5627356072855997,3.265165898389995,1.3692714724256697e-10,1.4027861104461286e-11,7.914157195218633e-12,3.2745249198106874e-12,1.6214369046205755e-10,0.8393039709642477,0.08598469891622168,0.048510347980997987,0.020071416249911583,9.111552621544906,15.360638616067014
SC4001E,SC4001E0-PSG.edf,SC4001EC-Hypnogram.edf,Fpz-Cz,100.0,766,51810.0,1,Acordado,-4.3297268301158375e-08,1.853520520899624e-05,3.4355383213960137e-10,-7.243958247988113e-05,6.564507177515117e-05,0.0001380846542550323,1.8532166329088386e-05,-0.47122107210938097,2.8381039490613436,2.582443447543972e-10,2.2404056871579322e-11,5.883593556544887e-12,2.6030985943022298e-12,2.8913509377682364e-10,0.8900831036766711,0.07721939659189545,0.02027880695146323,0.0089720225168782,11.03417010868726,37.51591993819271
SC4001E,SC4001E0-PSG.edf,SC4001EC-Hypnogram.edf,Fpz-Cz,100.0,767,51840.0,1,Acordado,2.69792087035844e-08,9.917931976717412e-06,9.836537469479375e-11,-3.8757489331340206e-05,5.6196752268620716e-05,9.495424159996092e-05,9.916315551366063e-06,0.4843869815120267,2.8588666110090486,5.041490737333234e-11,8.408986548287686e-12,1.172314142891188e-11,2.720054527458146e-12,7.326708987799005e-11,0.6788324068730396,0.1132262831639481,0.15785109458538477,0.03662530108459611,5.358165527668568,3.9624575153090924
SC4001E,SC4001E0-PSG.edf,SC4001EC-Hypnogram.edf,Fpz-Cz,100.0,768,51870.0,1,Acordado,1.5687230304737114e-08,8.442209180418382e-06,7.127089584594039e-11,-3.1917693498704175e-05,3.599653534537724e-05,6.791422884408141e-05,8.440816605628453e-06,-0.023322237816748657,0.3330239360411822,2.797585327796501e-11,2.2697851150432776e-11,1.1254157302117665e-11,4.232615395942554e-12,6.616047712645801e-11,0.41655233070022174,0.33796441183249,0.16757113385193728,0.06302241403039567,1.1805227866600938,2.2829683501068203
SC4001E,SC4001E0-PSG.edf,SC4001EC-Hypnogram.edf,Fpz-Cz,100.0,769,51900.0,1,Acordado,1.8846846701885344e-07,1.4485606396796293e-05,2.0983279268290568e-10,-7.280655280402878e-05,5.885963877276782e-05,0.0001316661915767966,1.4484418137493079e-05,-0.33938000045400646,3.570035759437361,1.1112135524214132e-10,1.5035922578669292e-11,7.549496350461322e-12,3.033040216093848e-12,1.3673981438736578e-10,0.8067482574764814,0.10916177465132744,0.05480983391795395,0.02202006899445956,6.929526798162086,12.997415366595872
SC4001E,SC4001E0-PSG.edf,SC4001EC-Hypnogram.edf,Fpz-Cz,100.0,770,51930.0,1,Acordado,-1.5546595027779684e-06,3.809470949690766e-05,1.4512068916537865e-09,-0.00017173612601008122,0.00012876212180357472,0.00030049824781365594,3.812007505492104e-05,-0.35757243090121904,2.9055566320620994,6.327085996801527e-10,1.725308825162708e-11,4.861932869886863e-12,7.650250918584871e-12,6.624738717202516e-10,0.9536300171695822,0.026004171357785894,0.007327994480447088,0.01153059863344632,34.66309870187326,107.93514933110521
SC4001E,SC4001E0-PSG.edf,SC4001EC-Hypnogram.edf,Fpz-Cz,100.0,771,51960.0,1,Acordado,1.3026474587985327e-06,2.9844128583897403e-05,8.906720109322021e-10,-9.166787186259663e-05,0.00012476341007530638,0.000216431281937903,2.986757456948598e-05,0.10090763645112624,0.9153273302211504,6.173855222322546e-10,4.506560396508511e-11,5.896715901351373e-12,7.744641370206468e-12,6.760924834688976e-10,0.9118186027841415,0.06655753100994985,0.008708878100582606,0.011438084987340167,13.402310381085957,89.51876966706449
SC4001E,SC4001E0-PSG.edf,SC4001EC-Hypnogram.edf,Fpz-Cz,100.0,772,51990.0,1,Acordado,-5.499778814758577e-08,1.741880593049842e-05,3.0341480004436683e-10,-8.151684497903524e-05,8.350788111498323e-05,0.00016502472609401846,1.7415989392922427e-05,-0.4310384467403446,5.159519501158119,2.119202667515733e-10,1.940305562706526e-11,2.793836182302389e-12,3.4045659774149704e-12,2.3752172453835593e-10,0.8884736480994839,0.08134712116734305,0.011713130901219528,0.014273609600988328,10.386692592772954,55.8590979073229
SC4001E,SC4001E0-PSG.edf,SC4001EC-Hypnogram.edf,Fpz-Cz,100.0,773,52020.0,1,Acordado,1.1281135526729286e-07,2.1403867985745614e-05,4.58125564751226e-10,-9.027560378926065e-05,0.0001112899843272386,0.00020156558811649925,2.140059771668818e-05,0.05306202465203553,5.243527068972535,2.9062352541558005e-10,2.7384686875528612e-11,4.254266104867652e-12,3.2163937287069606e-12,3.2547887212468323e-10,0.8901755985746915,0.0838788945125684,0.01303075472290573,0.009851766847193133,10.238743400271092,55.31191599647777
SC4001E,SC4001E0-PSG.edf,SC4001EC-Hypnogram.edf,Fpz-Cz,100.0,774,52050.0,1,Acordado,-9.948656375816404e-08,1.1961054188244633e-05,1.4306681729412448e-10,-7.72352815498555e-05,4.7142180336560846e-05,0.00012437746188641633,1.1959474316682773e-05,-0.5557536795653257,6.377973688729128,3.804278301053783e-11,1.8590738344648502e-11,7.955442392054294e-12,2.803594639343212e-12,6.739255838658383e-11,0.5562415547537181,0.27182399347551445,0.11632029243717934,0.04099268554184072,1.9418759181646554,4.248007116241544
SC4001E,SC4001E0-PSG.edf,SC4001EC-Hypnogram.edf,Fpz-Cz,100.0,775,52080.0,1,Acordado,2.1338907008153827e-08,7.5477485922792285e-06,5.696850881225308e-11,-3.855727686936193e-05,2.548295598817697e-05,6.40402328575389e-05,7.546520698856392e-06,-0.25025282847966357,0.9732665336265236,2.637813634812024e-11,1.6105187055514398e-11,8.936213931618837e-12,2.2893792597817545e-12,5.370891659503523e-11,0.4821542444968472,0.2943795647559199,0.16334108748243403,0.04184654718586609,1.5421132936173543,2.6547472236059875
SC4001E,SC4001E0-PSG.edf,SC4001EC-Hypnogram.edf,Fpz-Cz,100.0,776,52110.0,2,N1,1.3129913075658236e-07,6.993475239703353e-06,4.890869592834387e-11,-2.7863526441678926e-05,2.7132777563594164e-05,5.499630400527309e-05,6.993542199160488e-06,-0.034592366019583286,0.2996490448925724,2.3574413626594685e-11,1.0005569668389627e-11,5.445462648331839e-12,2.3487940482712956e-12,4.137423999158746e-11,0.5563383232660906,0.23612387314500574,0.1285087980200453,0.05542976225031058,2.142043922933448,3.657520788317037
SC4001E,SC4001E0-PSG.edf,SC4001EC-Hypnogram.edf,Fpz-Cz,100.0,777,52140.0,2,N1,-6.873713441297339e-08,7.114144973802998e-06,5.061105870828646e-11,-2.023591998513936e-05,3.117310685000407e-05,5.140902683514344e-05,7.1132913021351095e-06,0.23891862082241974,0.34192917727163863,2.6921875120071026e-11,1.0347600189157204e-11,5.022037890080323e-12,2.5927879778207727e-12,4.488430117712933e-11,0.5867339030868802,0.22551504378832915,0.10945002454529085,0.056507082189433615,2.372473004979085,4.4705589057182005
SC4001E,SC4001E0-PSG.edf,SC4001EC-Hypnogram.edf,Fpz-Cz,100.0,778,52170.0,2,N1,-5.393686918559372e-08,7.775800415129066e-06,6.046307209592136e-11,-3.9272469431495127e-05,2.9889072765861744e-05,6.916154219735687e-05,7.774691435961533e-06,-0.13564835505778014,1.5073504566732865,3.4767183587088347e-11,8.01325523555825e-12,2.4685400337417193e-12,2.0761089263602423e-12,4.732508778274856e-11,0.7194437751130125,0.1658197760877918,0.05108195653651676,0.04296130688253786,3.857339294013123,10.02357858028899
SC4001E,SC4001E0-PSG.edf,SC4001EC-Hypnogram.edf,Fpz-Cz,100.0,779,52200.0,2,N1,-1.2581792831250542e-07,1.3332327883679248e-05,1.777509667979312e-10,-7.568476877278731e-05,8.031468292865674e-05,0.00015599945170144405,1.3330699405010604e-05,0.2229200301774985,8.83083709659842,7.967065670860334e-11,9.512300806149004e-12,6.4583512396238296e-12,4.3050901590179564e-12,9.994639891339414e-11,0.7892372344748614,0.09423120496165474,0.06397802506223825,0.04264728811883088,7.5788029830730546,10.682073577513846
SC4001E,SC4001E0-PSG.edf,SC4001EC-Hypnogram.edf,Fpz-Cz,100.0,780,52230.0,2,N1,2.8600103745794264e-07,1.0673654661461556e-05,1.1392690383213998e-10,-8.201529865067797e-05,5.3711730084497837e-05,0.0001357270287351758,1.0675707226734736e-05,-0.46268529387082025,9.45074493898994,7.439977054479098e-11,8.743752878526448e-12,4.7514297582195624e-12,2.8510119999344842e-12,9.074596518147146e-11,0.8109323434292713,0.09530395000185024,0.05178897784574331,0.03107506683585754,7.635638082402034,12.935873977851118
SC4001E,SC4001E0-PSG.edf,SC4001EC-Hypnogram.edf,Fpz-Cz,100.0,781,52260.0,1,Acordado,-1.2904168638647466e-07,1.9677764187829805e-05,3.8721440343183723e-10,-9.473996511602973e-05,6.602773136345872e-05,0.00016076769647948845,1.9674907464098835e-05,-0.2728545977340982,2.653775430207407,2.418988206133762e-10,1.1714985119457259e-11,7.54996453574479e-12,7.738945086973192e-12,2.689027153555514e-10,0.8962444868133884,0.043404472993258836,0.027972910631147162,0.028673090883055526,19.024703398449727,28.29237707385465
SC4001E,SC4001E0-PSG.edf,SC4001EC-Hypnogram.edf,Fpz-Cz,100.0,782,52290.0,1,Acordado,-4.6553576340632604e-08,8.692475374625529e-06,7.555912813847122e-11,-3.476709404527336e-05,3.199331519628e-05,6.676040924155337e-05,8.691151189450979e-06,0.025625180879767225,0.8853038457647142,3.2770702714968456e-11,2.2338031801538037e-11,6.674716783280742e-12,2.4718667588984126e-12,6.425531805868566e-11,0.5021920617335277,0.34231741513310704,0.10228617347750892,0.03787992814126512,1.4041759388128343,4.269955965848661
SC4001E,SC4001E0-PSG.edf,SC4001EC-Hypnogram.edf,Fpz-Cz,100.0,783,52320.0,1,Acordado,6.240385870127579e-08,8.728539400710648e-06,7.618740006975819e-11,-3.790324850974111e-05,2.616691724427682e-05,6.407016575401793e-05,8.727307632444026e-06,-0.09993092217872811,0.42758672332066006,2.6827390556340007e-11,2.269838906005435e-11,9.913194416244583e-12,2.385633019961148e-12,6.182460705260012e-11,0.4270204274239023,0.36129774820636834,0.15779158647096236,0.037972907939778575,1.1320343542489921,2.458252784025062
SC4001E,SC4001E0-PSG.edf,SC4001EC-Hypnogram.edf,Fpz-Cz,100.0,784,52350.0,1,Acordado,-1.1342052017466493e-08,9.441887263898442e-06,8.914923510416762e-11,-3.2867799694500075e-05,3.412563377183914e-05,6.699343346633921e-05,9.4403202983061e-06,-0.1017395101153309,0.48119897086283014,4.052065428049243e-11,2.4995211715956297e-11,1.2345725969359265e-11,2.8618730135193797e-12,8.07234649793274e-11,0.495826434803547,0.30585110068789956,0.15106708914608816,0.03501898768295389,1.5587737743109118,3.0362270567764287
SC4001E,SC4001E0-PSG.edf,SC4001EC-Hypnogram.edf,Fpz-Cz,100.0,785,52380.0,1,Acordado,-6.546628719194621e-08,1.0089154964142612e-05,1.0179104789048353e-10,-6.095598080310567e-05,3.780593519983792e-05,9.876191600294359e-05,1.0087685729439899e-05,-0.5830325736884813,3.8823864420583245,5.386436572161732e-11,1.5071909605844377e-11,6.842402760763853e-12,2.338390330988937e-12,7.811706841921449e-11,0.6808185237123339,0.19050136597558753,0.08648453358393267,0.029556079082690482,3.351460221132038,6.868349836749637
SC4001E,SC4001E0-PSG.edf,SC4001EC-Hypnogram.edf,Fpz-Cz,100.0,786,52410.0,1,Acordado,-2.665093371997927e-08,8.794396946826423e-06,7.734141765834991e-11,-6.34527672317174e-05,2.955839614675443e-05,9.301116337847182e-05,8.792971480567037e-06,-0.8888368480081836,5.740225396528352,4.404287774560241e-11,1.520313757130182e-11,8.150663727925573e-12,2.587798148892701e-12,6.998447719372249e-11,0.62045787314043,0.21417552361217235,0.11482318459121338,0.0364558316296447,2.71816970952644,4.813080127859402
SC4001E,SC4001E0-PSG.edf,SC4001EC-Hypnogram.edf,Fpz-Cz,100.0,787,52440.0,1,Acordado,1.2598269471178873e-07,1.605858174275276e-05,2.5787804758867224e-10,-6.035518411796842e-05,5.399568773322747e-05,0.00011435087185119588,1.605639934352789e-05,-0.3880936401274367,1.7945342613753557,1.7076792247653893e-10,1.0297785539153616e-11,2.835566367172558e-12,2.045484332772473e-12,1.8594675871563755e-10,0.9134575194015102,0.05508405499994495,0.015167774967875768,0.010941534086096858,15.115167648095767,44.52221813656764
SC4001E,SC4001E0-PSG.edf,SC4001EC-Hypnogram.edf,Fpz-Cz,100.0,788,52470.0,1,Acordado,6.256777347609148e-07,1.5982925130792537e-05,2.5545389573651967e-10,-0.00010189333884012525,5.606241967271003e-05,0.00015795575851283527,1.599250502784715e-05,-0.708083303908453,5.400386268804851,1.209429914224779e-10,1.1687069104371871e-11,8.341605095553174e-12,4.3103104818436125e-12,1.4528197610424654e-10,0.8267798579388137,0.07989411556788914,0.05702414827653547,0.029465766026922607,9.532776280126182,12.946703503881752
SC4001E,SC4001E0-PSG.edf,SC4001EC-Hypnogram.edf,Fpz-Cz,100.0,789,52500.0,1,Acordado,-6.565092968892506e-07,1.7233647970761255e-05,2.9699862238012346e-10,-7.771024906725522e-05,6.976472565168755e-05,0.00014747497471894277,1.724327774224588e-05,0.0820038025572495,3.571518815843918,1.4525598636693928e-10,1.3501700460873508e-11,6.068454877116874e-12,4.967622988494291e-12,1.69793764693424e-10,0.8504759329339382,0.07905265444033718,0.035530892407048896,0.02908550553593809,10.016479567954736,20.549892287943305
SC4001E,SC4001E0-PSG.edf,SC4001EC-Hypnogram.edf,Fpz-Cz,100.0,790,52530.0,1,Acordado,1.0480882860496511e-07,6.977530053251732e-06,4.868592564403112e-11,-2.2436043520136266e-05,2.327487340065822e-05,4.571091692079449e-05,6.977154283280779e-06,-0.11393559313073105,0.12455139046490604,2.023306793265406e-11,1.100836113622218e-11,7.352287813019782e-12,4.064310752191842e-12,4.265802763408787e-11,0.4634443887899376,0.2521497587680056,0.168406320932354,0.09309423655727538,1.6849150107272146,2.4224581797952633
SC4001E,SC4001E0-PSG.edf,SC4001EC-Hypnogram.edf,Fpz-Cz,100.0,791,52560.0,1,Acordado,-7.415453786730573e-08,2.424706688601336e-05,5.879202525748056e-10,-8.803458963423391e-05,0.00011947562184172077,0.0002075102114759547,2.4243138783019966e-05,0.4006481522663026,4.125034597095074,3.474258938322403e-10,1.4172386401246583e-11,6.6488323261230025e-12,7.0800473604404705e-12,3.7532715992005025e-10,0.9232017532458993,0.03765974904457459,0.01766769192937212,0.01881354341245157,22.898566161200282,45.422082615888854
SC4001E,SC4001E0-PSG.edf,SC4001EC-Hypnogram.edf,Fpz-Cz,100.0,792,52590.0,1,Acordado,-1.1977547333548568e-07,1.3888172946923618e-05,1.9288134780366104e-10,-7.611870253962228e-05,7.425308756265203e-05,0.0001503717901022743,1.3886374623531966e-05,-0.007990300199135911,7.777990380246202,1.0366164457971131e-10,1.2134130699565463e-11,1.0953180793221584e-11,4.18908577849251e-12,1.3093804185099087e-10,0.785684273659188,0.0919684006927251,0.08301760917137126,0.03175040132264211,7.892539441772184,8.672306256632194
SC4001E,SC4001E0-PSG.edf,SC4001EC-Hypnogram.edf,Fpz-Cz,100.0,793,52620.0,1,Acordado,-4.674120815837865e-08,9.481213763990056e-06,8.989341443847449e-11,-5.036847175725053e-05,3.526053686567835e-05,8.562900862292888e-05,9.479748662677461e-06,-0.7147519680366577,3.6088586356644017,5.675617340233268e-11,1.2880810290195247e-11,7.191672222740511e-12,4.32727198741204e-12,8.115592790268048e-11,0.6908347924639643,0.15678491642688863,0.08753686321040104,0.05267145168803888,4.088822785973999,6.928521046627644
SC4001E,SC4001E0-PSG.edf,SC4001EC-Hypnogram.edf,Fpz-Cz,100.0,794,52650.0,1,Acordado,2.0037366535080946e-07,1.2208265712694729e-05,1.4904175171175774e-10,-6.021517977550346e-05,7.689736006410949e-05,0.00013711253983961295,1.2207875357064388e-05,0.5028028934192582,9.07687775192995,6.35140064481498e-11,1.1044564998576579e-11,1.0236253515359425e-11,4.5283428471961155e-12,8.932316780928192e-11,0.7031862144412399,0.1222783175840031,0.1133292129099519,0.050134898465449614,5.273250337862419,5.652596424718362
SC4001E,SC4001E0-PSG.edf,SC4001EC-Hypnogram.edf,Fpz-Cz,100.0,795,52680.0,1,Acordado,3.867974329756565e-08,1.726216305727598e-05,2.9798227341598355e-10,-8.459664958110046e-05,7.301096266840886e-05,0.00015760761224950932,1.72593291327923e-05,-0.4214695542473886,5.155020710868012,1.936996456652445e-10,1.5206581859354532e-11,4.580735136034176e-12,7.560415112195476e-12,2.2104737777282867e-10,0.8723347585010166,0.0684835011873548,0.020629539434240094,0.034048657489350556,11.951912336989182,34.7086254666608
SC4001E,SC4001E0-PSG.edf,SC4001EC-Hypnogram.edf,Fpz-Cz,100.0,796,52710.0,1,Acordado,2.443441872025881e-07,2.065132823486318e-05,4.264773578640573e-10,-7.410520581329579e-05,7.115931881070406e-05,0.00014526452462399985,2.0649331776757064e-05,0.004263098101242527,1.0423229362574968,3.040726963231276e-10,1.658215899192242e-11,4.391749075854093e-12,8.54013694782249e-12,3.3358674133872656e-10,0.9088007943963703,0.04956011982296421,0.013125890937226364,0.025524433256536864,17.294388957739738,56.395928676439794
SC4001E,SC4001E0-PSG.edf,SC4001EC-Hypnogram.edf,Fpz-Cz,100.0,797,52740.0,1,Acordado,-7.110100536752007e-07,2.969550533378951e-05,8.818230370291212e-10,-9.673711211980937e-05,0.00010156954984901552,0.0001983066619688249,2.9699067852597755e-05,0.07014209513954749,1.0110401825346251,5.622866410861015e-10,2.248663009028605e-11,4.803147622140508e-12,7.429322772845338e-12,5.970057415713732e-10,0.9402696362221992,0.037602699317230925,0.008031942318010741,0.012423497395398558,23.94071175492564,96.8933891912094
SC4001E,SC4001E0-PSG.edf,SC4001EC-Hypnogram.edf,Fpz-Cz,100.0,798,52770.0,1,Acordado,5.530815407679165e-07,3.840075081471903e-05,1.4746176631341445e-09,-0.00016369032703661334,0.00012339373899511837,0.0002870840660317317,3.839833359800707e-05,-0.2820827909177006,2.040074601194487,7.889737230346154e-10,3.568086177803189e-11,7.119150017566215e-12,1.0882082162705197e-11,8.426558169929188e-10,0.9351843573446701,0.04229314971739403,0.008438453068386736,0.012898722374122545,21.50913813881904,97.17442359454236
SC4001E,SC4001E0-PSG.edf,SC4001EC-Hypnogram.edf,Fpz-Cz,100.0,799,52800.0,1,Acordado,-4.406489338005028e-07,2.521978082591159e-05,6.360373449070177e-10,-8.967638337157079e-05,9.759429957747772e-05,0.0001872706829490485,2.5219427113667253e-05,-0.11862144335530019,1.6337320850649375,3.781703527144949e-10,2.8451543042710416e-11,7.520402109645701e-12,1.0924198430839753e-11,4.250664962976907e-10,0.8875852853970218,0.06677723615900429,0.017650770889038013,0.025639656076611728,12.84042578570756,44.384096882749134
SC4001E,SC4001E0-PSG.edf,SC4001EC-Hypnogram.edf,Fpz-Cz,100.0,800,52830.0,1,Acordado,3.548362975602846e-07,1.848073935856598e-05,3.4153772723924977e-10,-8.028191787809463e-05,6.288804095728151e-05,0.00014316995883537613,1.8481065719493457e-05,-0.8630450025456954,3.150963538199669,2.409297368464154e-10,2.5760843338360267e-11,3.759139288923854e-12,6.387725834738254e-12,2.768374453084378e-10,0.8671607838135362,0.09271911966280207,0.013529995155083189,0.022990874493706202,9.003069664140789,50.62464496618988
SC4001E,SC4001E0-PSG.edf,SC4001EC-Hypnogram.edf,Fpz-Cz,100.0,801,52860.0,1,Acordado,2.4802184906331217e-07,2.1915564473879283e-05,4.802919662087597e-10,-7.471100019771947e-05,9.202442031654917e-05,0.00016673542051426864,2.1913315215281847e-05,0.07673218001548236,2.5684634689827686,3.735058853356958e-10,3.339354104770817e-11,4.715506718207288e-12,6.3558352872971685e-12,4.179707683889083e-10,0.8914843552736599,0.07970374920455242,0.011254977850459806,0.015170116310829075,10.859768257580576,65.34956632031547
SC4001E,SC4001E0-PSG.edf,SC4001EC-Hypnogram.edf,Fpz-Cz,100.0,802,52890.0,1,Acordado,-5.982288702467931e-07,2.1216429287943943e-05,4.501368717303255e-10,-8.691608775364347e-05,0.00010070211188778064,0.00018761819964142413,2.1221326628832893e-05,-0.17511538793841278,3.758197790797192,3.3702698473297724e-10,2.5031249530500363e-11,4.520416909543481e-12,7.36300153599524e-12,3.7394165270901636e-10,0.8988784849533273,0.06676038618181092,0.012056320968563268,0.019637726250994834,12.947015253266601,61.051002171654495
SC4001E,SC4001E0-PSG.edf,SC4001EC-Hypnogram.edf,Fpz-Cz,100.0,803,52920.0,1,Acordado,1.6056903020134817e-07,3.250812653973885e-05,1.0567782911236733e-09,-0.00013767809772384282,0.0001383839058218482,0.000276062003545691,3.250310468411839e-05,0.27749541943520906,2.303610041553511,5.427768249486967e-10,2.916817813494039e-11,6.9414409164683764e-12,1.0866672007756722e-11,5.897531160078621e-10,0.9187879170517539,0.04937456501634806,0.011750155400578532,0.018394608023721542,17.991700477267454,68.34739824395419
SC4001E,SC4001E0-PSG.edf,SC4001EC-Hypnogram.edf,Fpz-Cz,100.0,804,52950.0,1,Acordado,5.396991755838763e-08,1.3993947294262075e-05,1.9583056087458486e-10,-6.672675913585707e-05,4.991433243565113e-05,0.0001166410915715082,1.3991718864133929e-05,-0.5781448082503832,4.36819248949788,1.4374205095150154e-10,1.6652632234239025e-11,4.020508121338154e-12,5.323591378172348e-12,1.6973878268525106e-10,0.8418828381626878,0.09753280404334012,0.023547714573728527,0.031179743081489217,8.142811170829223,28.63097668153734
SC4001E,SC4001E0-PSG.edf,SC4001EC-Hypnogram.edf,Fpz-Cz,100.0,805,52980.0,1,Acordado,1.9188224362419984e-07,2.255084801137164e-05,5.085407460319842e-10,-8.890535908769483e-05,7.68526615338471e-05,0.00016575802062154192,2.254790569532771e-05,-0.1086855728682262,1.8410629332248387,2.8847103446096046e-10,2.0851449590459723e-11,3.4322406245606523e-12,6.825599405597525e-12,3.1958032408157836e-10,0.8998401111714922,0.06504282397928338,0.010706335875083984,0.021291385942515326,13.201459851290874,65.08469618333397
SC4001E,SC4001E0-PSG.edf,SC4001EC-Hypnogram.edf,Fpz-Cz,100.0,806,53010.0,1,Acordado,-1.4678354992067953e-07,2.1897052150847623e-05,4.794808928969405e-10,-8.590849784835962e-05,8.256589282355924e-05,0.00016847439067191886,2.189389438503732e-05,-0.24685883428565017,2.3387257530528878,3.8306139231746654e-10,1.9813692221929562e-11,3.974636195226931e-12,5.807271378782862e-12,4.1265699211340597e-10,0.9260363045246156,0.04789884517773979,0.009608531394381135,0.014038857047025987,18.40429791278783,77.002895746428
SC4001E,SC4001E0-PSG.edf,SC4001EC-Hypnogram.edf,Fpz-Cz,100.0,807,53040.0,1,Acordado,-1.2355681609933388e-07,2.4111866545225668e-05,5.813821082947729e-10,-0.00012066515944228228,9.39265927054327e-05,0.00021459175214771497,2.41081641886204e-05,0.024790379399080766,2.0101888763629816,3.626299223032967e-10,1.9307179903164864e-11,5.870346759828234e-12,8.531688119816169e-12,3.96339137086106e-10,0.9126458696282728,0.04859118596963397,0.014774146848152266,0.02147205579189471,17.8572270513436,52.78189514736558
SC4001E,SC4001E0-PSG.edf,SC4001EC-Hypnogram.edf,Fpz-Cz,100.0,808,53070.0,1,Acordado,1.175660485454944e-07,1.5250757501888547e-05,2.3258560438140977e-10,-6.855926726642518e-05,6.430731916996402e-05,0.0001328665864363892,1.5248668716395755e-05,-0.5380157808713175,2.809078862784875,1.5777868255962116e-10,1.2801107515650813e-11,4.501940806010715e-12,3.283874741623898e-12,1.783656056229066e-10,0.8796484811660649,0.07136879710686293,0.025099242356839996,0.01830827448896656,11.432320368542602,28.676913860514894
SC4001E,SC4001E0-PSG.edf,SC4001EC-Hypnogram.edf,Fpz-Cz,100.0,809,53100.0,1,Acordado,-2.4156845733361585e-08,1.3583764454708305e-05,1.845186567609968e-10,-6.072384569322176e-05,4.1338823634913686e-05,0.00010206266932813544,1.3581521788638865e-05,-0.7771398512835396,2.7805361290155295,1.248093777037108e-10,1.2539046463249601e-11,2.627246321707028e-12,5.323070083757273e-12,1.4529874057242473e-10,0.8531131383316612,0.08570850585717918,0.017958092540150187,0.036384934435728135,9.218476208239146,34.408850856584216
SC4001E,SC4001E0-PSG.edf,SC4001EC-Hypnogram.edf,Fpz-Cz,100.0,810,53130.0,1,Acordado,8.416055868802083e-10,1.062222974014796e-05,1.1283176465248379e-10,-6.188876470873652e-05,3.9024154798088035e-05,0.00010091291950682456,1.0620459254315053e-05,-1.1622197335684137,7.603785967606374,7.097454731156526e-11,1.2948983093446712e-11,3.712916284122623e-12,2.288109120599287e-12,8.99245558097339e-11,0.780587231683425,0.14241458732603965,0.0408351325014132,0.0251649194238278,5.088152077903757,15.0595815908447
SC4001E,SC4001E0-PSG.edf,SC4001EC-Hypnogram.edf,Fpz-Cz,100.0,811,53160.0,1,Acordado,2.6439954361046307e-08,1.3294739733226185e-05,1.7675010457422304e-10,-6.62180199085248e-05,6.23274228898443e-05,0.0001285454427983691,1.3292550054217771e-05,-0.5656261279684127,5.368070832582436,1.073022921078163e-10,1.2957778490852767e-11,2.831409914180752e-12,2.800008058020179e-12,1.2589148857087e-10,0.8456224551884505,0.1021170027776586,0.022313631482062606,0.022066161328514557,7.687633972564966,28.005954599290146
SC4001E,SC4001E0-PSG.edf,SC4001EC-Hypnogram.edf,Fpz-Cz,100.0,812,53190.0,1,Acordado,-4.094740188002629e-08,1.6050751573555995e-05,2.576266260760102e-10,-6.755267119101274e-05,6.003876691866633e-05,0.00012759143810967907,1.6048128464830583e-05,-0.7524856684379958,3.7361705653659953,2.0350578627563321e-10,2.391456800976048e-11,3.466179187045793e-12,3.5288291031739565e-12,2.3441536257561343e-10,0.8644541462763241,0.10158456843307889,0.01472367456874224,0.014989799580477789,8.168144283934934,45.56596987104866
SC4001E,SC4001E0-PSG.edf,SC4001EC-Hypnogram.edf,Fpz-Cz,100.0,813,53220.0,1,Acordado,9.41132846871129e-09,1.4501738664369846e-05,2.1030042428967935e-10,-6.81885062031914e-05,4.839979244632378e-05,0.00011658829864951518,1.4499324560866723e-05,-0.4718437273766848,2.9413245742845744,1.438104369220032e-10,1.3909930865303532e-11,3.6871100742279655e-12,5.592903692967269e-12,1.6700038155450192e-10,0.856012561348552,0.0827970194864762,0.021947033929990273,0.03329101780136639,9.645278587888043,30.682112142563852
SC4001E,SC4001E0-PSG.edf,SC4001EC-Hypnogram.edf,Fpz-Cz,100.0,814,53250.0,1,Acordado,1.24746257043254e-07,2.332224943848212e-05,5.439273188707795e-10,-8.652560620089061e-05,8.62389589414314e-05,0.000172764565142322,2.331869574811455e-05,-0.07965040829794041,2.4159629222134047,4.1287340061653136e-10,1.9370165028860585e-11,3.6067798171240042e-12,3.98112473280299e-12,4.398314701953188e-10,0.9365787801710252,0.04394006857150708,0.008181765733571498,0.009030944934668744,20.268534890687906,89.62299415349239
SC4001E,SC4001E0-PSG.edf,SC4001EC-Hypnogram.edf,Fpz-Cz,100.0,815,53280.0,1,Acordado,2.07815611323181e-08,1.9840760749751253e-05,3.9365578712886987e-10,-7.611970062938198e-05,6.449389352685576e-05,0.00014061359415623774,1.9837464565978267e-05,-0.190732044273494,1.605971029402749,2.944981769599884e-10,2.632468860770419e-11,4.256823244464486e-12,3.2527624650114296e-12,3.2833245127716836e-10,0.8942276287013599,0.07993347908964234,0.012925611272002818,0.009876835557495314,10.777732225535946,56.022080877476604
SC4001E,SC4001E0-PSG.edf,SC4001EC-Hypnogram.edf,Fpz-Cz,100.0,816,53310.0,1,Acordado,2.7322253189766035e-07,2.9053191280535246e-05,8.440879235833692e-10,-7.734872587650789e-05,0.00011158632843569548,0.00018893505431220338,2.9049633586228095e-05,0.35690026920577816,1.4527399040669486,4.650782444811062e-10,1.996770387960125e-11,3.648783071755868e-12,6.764259272143836e-12,4.95458990704607e-10,0.93679085924305,0.040220248305427565,0.007349616262518031,0.013625011126384392,22.180694994150727,100.04300852555029
SC4001E,SC4001E0-PSG.edf,SC4001EC-Hypnogram.edf,Fpz-Cz,100.0,817,53340.0,1,Acordado,-8.982653525864935e-08,2.5198574064390423e-05,6.349681348785697e-10,-8.344737265296751e-05,0.0001231987255567883,0.0002066460982097558,2.5194534082614956e-05,0.4544383938378183,3.2509154077251488,3.8349593801835497e-10,1.4667086685416878e-11,5.366685872733627e-12,9.78129811848316e-12,4.133110086949886e-10,0.9256233360206961,0.03540115125498544,0.01295327847946354,0.023608588507683246,24.477807885962477,60.234782378810145
SC4001E,SC4001E0-PSG.edf,SC4001EC-Hypnogram.edf,Fpz-Cz,100.0,818,53370.0,1,Acordado,-5.337241742190316e-07,1.8661866298245527e-05,3.4826525373359226e-10,-7.450792296434479e-05,7.061259731394717e-05,0.00014512052027829196,1.8666387620796555e-05,-0.3385797825626011,1.9988517679441165,2.0014843421796872e-10,1.9071960082768438e-11,5.5611837384155735e-12,1.0635741068798279e-11,2.3541731910795106e-10,0.8465895602452818,0.08067074000640345,0.023522742578246852,0.0449871486104699,9.971544054125237,30.504927494425196
SC4001E,SC4001E0-PSG.edf,SC4001EC-Hypnogram.edf,Fpz-Cz,100.0,819,53400.0,1,Acordado,1.8550090162462605e-07,2.4943170721977287e-05,6.221617656657049e-10,-7.331563827786701e-05,8.579520847641278e-05,0.0001591108467542798,2.4939703065493512e-05,0.14424625607706482,0.677604472284342,4.451494359262527e-10,3.799746997916801e-11,7.819870218054385e-12,9.339081926591387e-12,5.003058580500666e-10,0.88797972091879,0.07579697976593984,0.015599000275942108,0.018629508864942627,11.41482860719032,50.47120024680479
SC4001E,SC4001E0-PSG.edf,SC4001EC-Hypnogram.edf,Fpz-Cz,100.0,820,53430.0,1,Acordado,2.540090570566134e-07,1.4772587725019197e-05,2.1822934809338785e-10,-7.164395303926036e-05,7.495402565192583e-05,0.0001465979786911862,1.4772309419262226e-05,0.05747102890077101,3.4952905216248933,9.965629144845866e-11,1.456688438960629e-11,3.471568205119594e-12,5.843946987233027e-12,1.2353869103041757e-10,0.8002034598558485,0.11696673755827774,0.027875419087805345,0.04692475036377,6.401813552042389,22.286653557997848
SC4001E,SC4001E0-PSG.edf,SC4001EC-Hypnogram.edf,Fpz-Cz,100.0,821,53460.0,1,Acordado,-3.977298800237773e-07,1.7205059443293843e-05,2.960140704472747e-10,-8.092370990690482e-05,6.636553672666092e-05,0.00014728924663356575,1.7206789013291315e-05,-0.6796037643369977,3.4986268293063283,1.875544720688125e-10,1.6679377416038777e-11,5.121358772981184e-12,1.0116912546508717e-11,2.1947212080434118e-10,0.8506947335770332,0.07565300027589862,0.02322905387899885,0.04588749139618886,10.608658192831077,30.63935296468025
SC4001E,SC4001E0-PSG.edf,SC4001EC-Hypnogram.edf,Fpz-Cz,100.0,822,53490.0,1,Acordado,3.162965640941257e-07,2.5437520802864705e-05,6.470674645961747e-10,-9.353855651961495e-05,9.670115737330893e-05,0.00019023971389292387,2.54352475702079e-05,-0.3891908013638717,1.0681381953733382,4.689618348281777e-10,3.538249539766466e-11,9.196864628368544e-12,1.4901493425076498e-11,5.284426882792876e-10,0.8857650605249167,0.06682969881529453,0.0173708407575875,0.02814562133912363,12.889765523292821,45.99078755282149
SC4001E,SC4001E0-PSG.edf,SC4001EC-Hypnogram.edf,Fpz-Cz,100.0,823,53520.0,1,Acordado,-1.1839448565152648e-08,2.8915910189098082e-05,8.361298620639863e-10,-9.499246556308136e-05,9.681898557078981e-05,0.00019181145113387116,2.8911092893256514e-05,-0.2513405406903313,0.8701001667150048,5.443443710528395e-10,4.8176043416269285e-11,8.43918236286597e-12,1.712635816469976e-11,6.180859549966746e-10,0.8792710715844999,0.0778180203046733,0.013631681182157171,0.02766394234350181,11.069299871179753,57.66859354199012
SC4001E,SC4001E0-PSG.edf,SC4001EC-Hypnogram.edf,Fpz-Cz,100.0,824,53550.0,1,Acordado,-2.7986093396008486e-07,1.974609085603225e-05,3.899081040946804e-10,-7.935491287193927e-05,7.172372765115552e-05,0.0001510786405230948,1.9744783029170156e-05,-0.4226533951041145,1.7562961889098085,2.123155943056075e-10,1.9238714182548748e-11,5.542030204844e-12,8.49253340843509e-12,2.455888721014354e-10,0.8610104442112481,0.0780193932459159,0.022474778190981228,0.034440051313190036,10.490567354752262,32.45408346607754
SC4001E,SC4001E0-PSG.edf,SC4001EC-Hypnogram.edf,Fpz-Cz,100.0,825,53580.0,1,Acordado,3.7853044890067716e-07,2.5817282899603358e-05,6.66532096318152e-10,-9.644223413459842e-05,8.002780692925707e-05,0.0001764700410638555,2.5815754961911488e-05,-0.012673036871790673,0.3270457007416696,3.8960274613159477e-10,2.6242679545181164e-11,7.94449976297123e-12,1.549537455013038e-11,4.3928529998987763e-10,0.8848870178962412,0.05960380586357186,0.01804398139832031,0.0351939402711983,14.301190361449223,43.557801605013914
SC4001E,SC4001E0-PSG.edf,SC4001EC-Hypnogram.edf,Fpz-Cz,100.0,826,53610.0,1,Acordado,-6.781675616765631e-07,2.0821663443363248e-05,4.3354166854868947e-10,-8.625228828132272e-05,5.443522060486857e-05,0.0001406875088861913,2.0829235845342083e-05,-0.46421359200540246,0.8490103027140381,2.415511483315533e-10,3.491922132453014e-11,7.269516919443083e-12,1.1165107942077831e-11,2.9490499451760435e-10,0.8163131843223506,0.11800821875770225,0.024567063936498025,0.037732069917507195,6.7248436748987075,29.209825759425463
SC4001E,SC4001E0-PSG.edf,SC4001EC-Hypnogram.edf,Fpz-Cz,100.0,827,53640.0,1,Acordado,5.397446278261716e-07,2.8226340786733092e-05,7.96726314208792e-10,-0.0001099351929967816,0.0001074896495620927,0.0002174248425588743,2.8226796896459747e-05,-0.21685308035242606,1.0933669692087955,5.104584620949229e-10,4.514428910485199e-11,1.0031961144110894e-11,1.1573065228161827e-11,5.772077775720474e-10,0.88282877175812,0.07807623981541273,0.017350097202490266,0.020015409126384102,11.062223993418266,46.27087200786752
SC4001E,SC4001E0-PSG.edf,SC4001EC-Hypnogram.edf,Fpz-Cz,100.0,828,53670.0,1,Acordado,6.049798325786513e-08,2.0606133018471372e-05,4.2461271797493604e-10,-8.52009118127434e-05,7.982224575198397e-05,0.00016502315756472736,2.060278719999447e-05,-0.42430935525925007,1.5250758982109023,2.4093928111722746e-10,2.782007692179715e-11,7.311976166936706e-12,1.0859392053633879e-11,2.869307262595952e-10,0.8367960038415603,0.09662072986512343,0.025394914471004764,0.03771529421227233,8.360119293609543,28.987003364570903
SC4001E,SC4001E0-PSG.edf,SC4001EC-Hypnogram.edf,Fpz-Cz,100.0,829,53700.0,1,Acordado,-9.615849392361376e-08,2.479636551261418e-05,6.14859742635162e-10,-0.00011080821809502496,8.724124022383811e-05,0.00019804945831886306,2.4792418918765683e-05,-0.22688601589085447,1.9950119271013147,3.6259776833895594e-10,3.0843551558386445e-11,8.388943115661985e-12,1.5018616786329354e-11,4.1684887979933367e-10,0.867772503095111,0.0738150873425786,0.02007650019234385,0.035942699651466924,11.386850730959397,38.61965759853156
SC4001E,SC4001E0-PSG.edf,SC4001EC-Hypnogram.edf,Fpz-Cz,100.0,830,53730.0,1,Acordado,2.666157556366104e-07,2.8035155778102964e-05,7.859699595025e-10,-0.0001048582301050858,9.365200506662589e-05,0.0001985102351717117,2.8031750810057386e-05,-0.1376153869811664,1.7471895918428846,5.956364455216989e-10,6.149976772480115e-11,1.0131517775459115e-11,1.3261566927488906e-11,6.805292979494481e-10,0.8739704181666446,0.09023789279468782,0.014865858013650078,0.01945854267364537,9.530218546481711,53.50900546867537
SC4001E,SC4001E0-PSG.edf,SC4001EC-Hypnogram.edf,Fpz-Cz,100.0,831,53760.0,1,Acordado,-4.614160391499756e-08,2.8291577711830052e-05,8.00413369424519e-10,-8.639101088638868e-05,0.00012525749401747576,0.00021164850490386442,2.8286899689001904e-05,0.15873030577244351,1.4445776132623793,4.3379338595031786e-10,3.5074301548267895e-11,7.878601272086887e-12,1.193364207376603e-11,4.886799308444386e-10,0.8858712775960697,0.07162699416286736,0.016089287666947002,0.024370290310217157,12.024997500503135,48.8583024123524
SC4001E,SC4001E0-PSG.edf,SC4001EC-Hypnogram.edf,Fpz-Cz,100.0,832,53790.0,1,Acordado,-1.7388214464079272e-07,3.2128662042606915e-05,1.0322509246480503e-09,-0.00010966926637760759,0.00011609279045315097,0.00022576205683075856,3.212377742431182e-05,0.21230565242921404,1.0657714197975823,6.137019389403408e-10,4.437329999470377e-11,9.382374098964403e-12,1.7955657330297757e-11,6.854132703643067e-10,0.8940706210627672,0.06464516627301378,0.013668695673649792,0.026158668699350726,13.52561834849957,59.10998130972327
SC4001E,SC4001E0-PSG.edf,SC4001EC-Hypnogram.edf,Fpz-Cz,100.0,833,53820.0,1,Acordado,-2.029370871315441e-08,2.8021318537430928e-05,7.851942925761702e-10,-9.48736368501239e-05,9.951058869382713e-05,0.00019438422554395103,2.801665527824342e-05,0.18881188356654652,0.8303956981136467,5.59142083781214e-10,3.4258270395980035e-11,8.99258558521623e-12,1.7194433997581222e-11,6.195873737599913e-10,0.9009884948085635,0.05520297679989414,0.014490442386431893,0.02770670936052765,15.858466042196001,55.9556962522743
SC4001E,SC4001E0-PSG.edf,SC4001EC-Hypnogram.edf,Fpz-Cz,100.0,834,53850.0,1,Acordado,-8.843411352306784e-08,2.847407888264208e-05,8.107731682149236e-10,-9.316029999268162e-05,0.00010329448051104136,0.000196454780503723,2.846947015812939e-05,0.05729384402437723,1.037986343101653,4.553394189865283e-10,2.3715888952262927e-11,6.066438053558462e-12,8.355861286963476e-12,4.93477607279313e-10,0.9208494222657954,0.047961502408068915,0.012268377706600057,0.016898361349341234,18.42294322757258,64.43690803420148
SC4001E,SC4001E0-PSG.edf,SC4001EC-Hypnogram.edf,Fpz-Cz,100.0,835,53880.0,1,Acordado,1.3090279375057035e-07,2.2682220542379637e-05,5.144831287331487e-10,-8.363773095503212e-05,8.683282695084684e-05,0.00017047055790587898,2.2678817647715148e-05,-0.010542433239302967,1.4915409484817204,3.1060338678012657e-10,2.3655056191780204e-11,7.979389704711916e-12,1.7288528168789063e-11,3.5952636084540776e-10,0.8615275344964638,0.06561255641976038,0.02213261101352155,0.04795357578915655,12.59795898918613,34.590701260814875
SC4001E,SC4001E0-PSG.edf,SC4001EC-Hypnogram.edf,Fpz-Cz,100.0,836,53910.0,1,Acordado,-9.429157975728208e-08,2.924949556130366e-05,8.555329905907226e-10,-8.801601694277107e-05,0.00012210327315485012,0.0002101192900976212,2.9244772247860053e-05,0.3875279092047538,1.3668280546317968,5.194554990987504e-10,2.374579068520806e-11,6.4061453294406204e-12,9.843775494674333e-12,5.594512106080734e-10,0.9268523098293537,0.04236905949305483,0.011430335430072741,0.017564018612778304,20.99167109698612,70.1384426030409
SC4001E,SC4001E0-PSG.edf,SC4001EC-Hypnogram.edf,Fpz-Cz,100.0,837,53940.0,1,Acordado,-6.186655348923039e-08,2.5232226180385414e-05,6.366652380181271e-10,-9.371961411985431e-05,0.00010296624051688415,0.00019668585463673846,2.5228096316261393e-05,-0.23520749233679206,1.4175742406988725,3.9356882156898216e-10,3.6012907579476975e-11,7.023094159248997e-12,1.1374141879918026e-11,4.4797896518762615e-10,0.8765863260531852,0.08021067883308822,0.015642367914305472,0.025333351363498346,10.633285718607238,49.054493660064715
SC4001E,SC4001E0-PSG.edf,SC4001EC-Hypnogram.edf,Fpz-Cz,100.0,838,53970.0,1,Acordado,-1.6928234975158437e-07,1.5240138864354252e-05,2.322618326048009e-10,-8.071956878606733e-05,6.079198462468341e-05,0.00014151155341075075,1.5238538923002759e-05,-0.7460496038971713,3.4445048412540338,1.5258967974112344e-10,1.2819089595154911e-11,4.021145134027528e-12,9.344915469760544e-12,1.7877482994006645e-10,0.8487822226948788,0.07130636474209741,0.022367675916412227,0.051981222693276714,11.041948797742991,30.389418283699204
SC4001E,SC4001E0-PSG.edf,SC4001EC-Hypnogram.edf,Fpz-Cz,100.0,839,54000.0,1,Acordado,9.229666786516175e-08,1.9840823532874605e-05,3.9365827846267077e-10,-7.799417150927756e-05,8.740811000574936e-05,0.00016540228151502693,1.983773116340212e-05,0.1683944706612239,2.037783324995093,2.5000248356273654e-10,4.1751181172707455e-11,5.599850004483367e-12,1.0000715076126304e-11,3.073542298160537e-10,0.8107639182114466,0.13540005985198839,0.018160444913708218,0.03243255356701983,5.847849736660358,37.880025060100834
SC4001E,SC4001E0-PSG.edf,SC4001EC-Hypnogram.edf,Fpz-Cz,100.0,840,54030.0,1,Acordado,-1.0320248208075729e-07,1.713885920637906e-05,2.937404948960843e-10,-7.822063624845544e-05,5.9382923005588506e-05,0.00013760355925404396,1.7136313260152932e-05,-0.15197493983723878,2.2961654088361705,2.3056206275177417e-10,2.1285094856443416e-11,4.6127292347444544e-12,7.785299888020018e-12,2.6424518673098203e-10,0.8692412691568111,0.08024686562184921,0.01739043521050881,0.029351333322840102,10.346021151671717,41.07842247663165
