chavepar;arquivo_psg;arquivo_hyp;canal;frequencia_amostragem_hz;indice_epoca;inicio_epoca_s;id_estagio;estagio;media;desvio_padrao;variancia;minimo;maximo;pico_a_pico;valor_rms;assimetria;curtose_excesso;potencia_delta;potencia_theta;potencia_alpha;potencia_beta;potencia_total;relativo_delta;relativo_theta;relativo_alpha;relativo_beta;razao_delta_theta;razao_delta_alpha
SC4001E;SC4001E0-PSG.edf;SC4001EC-Hypnogram.edf;Fpz-Cz;100.0;0;28830.0;1;Acordado;-1.665175698118926e-07;2.0608113146246705e-05;4.2469432744850605e-10;-7.392034337424185e-05;6.644345684890879e-05;0.0001403638002231;2.0605351022822832e-05;-0.8022972606917491;1.9783135495003088;3.5161074136875135e-10;3.3221362655549774e-11;5.745580006454398e-12;1.0473363020931931e-11;4.010510470516875e-10;0.874542533708533;0.0826297130654626;0.0142906729097903;0.0260498339644554;10.27459791440332;52.12461212116948
SC4001E;SC4001E0-PSG.edf;SC4001EC-Hypnogram.edf;Fpz-Cz;100.0;1;28860.0;1;Acordado;2.558509559865152e-07;2.479017011232628e-05;6.14552534198075e-10;-8.453463153271245e-05;9.141678238508605e-05;0.0001759514139177;2.4787358533434368e-05;-0.4130665135779681;1.1716491386550825;4.959444264366353e-10;4.281629409723304e-11;4.770205763095736e-12;1.0341145214914833e-11;5.53872071511879e-10;0.8937995835424163;0.0771642623507253;0.0085969469504893;0.0186369899402901;11.318721417564014;85.9491752631295
SC4001E;SC4001E0-PSG.edf;SC4001EC-Hypnogram.edf;Fpz-Cz;100.0;2;28890.0;1;Acordado;-1.937950373436999e-07;3.081254040111198e-05;9.494126459701578e-10;-0.0001045279215206;8.760915936188176e-05;0.0001921370808825;3.080801408083077e-05;-0.2093654325627724;0.2744452226081875;7.298039159509963e-10;6.198570995133499e-11;5.257595224071592e-12;8.410971315687858e-12;8.054581924420908e-10;0.9049494726329552;0.0768616532540042;0.0065193648887745;0.0104295193408824;11.586817335469728;116.62689736523728
SC4001E;SC4001E0-PSG.edf;SC4001EC-Hypnogram.edf;Fpz-Cz;100.0;3;28920.0;1;Acordado;-5.086671936332072e-07;2.599900693581025e-05;6.759483616483092e-10;-8.517545789559103e-05;9.200267492151514e-05;0.0001771781328171;2.5999649763826405e-05;-0.2898463483894908;0.7346516152080289;5.424501963753487e-10;4.731464499366901e-11;6.219261103444632e-12;1.6807780995970276e-11;6.127918834684326e-10;0.8837689304558016;0.0770858107902992;0.01013252418442;0.0273835178480894;11.227448663783614;75.13929591998296
SC4001E;SC4001E0-PSG.edf;SC4001EC-Hypnogram.edf;Fpz-Cz;100.0;4;28950.0;1;Acordado;1.960302849779077e-07;2.640480881171328e-05;6.97213928383131e-10;-8.794547485462326e-05;8.067243557629463e-05;0.0001686179104309;2.6401135422798863e-05;-0.2517653864599891;0.3570685947532919;4.2937690428374414e-10;4.000793058930289e-11;5.459382544419917e-12;1.0119987352100616e-11;4.849642047695676e-10;0.8835566489662428;0.082326908436134;0.0112341248405499;0.0208245530283434;10.470582107250962;66.47336666175178
SC4001E;SC4001E0-PSG.edf;SC4001EC-Hypnogram.edf;Fpz-Cz;100.0;5;28980.0;1;Acordado;2.892976984171829e-07;2.2711731339691372e-05;5.158227404463195e-10;-8.089446805190727e-05;7.906234815530428e-05;0.0001599568162072;2.2709788477463783e-05;-0.6286320326142044;1.1891799062515886;4.1929984356611324e-10;3.816633997965825e-11;5.649172592585003e-12;1.0569710111619189e-11;4.736850662499758e-10;0.883322171642333;0.0804034984314406;0.0119008854380307;0.0222667845759719;10.705617215800206;63.06045417345707
SC4001E;SC4001E0-PSG.edf;SC4001EC-Hypnogram.edf;Fpz-Cz;100.0;6;29010.0;1;Acordado;1.3693759653844306e-07;2.543552334540566e-05;6.469658478546764e-10;-8.684665645600491e-05;8.468768518505116e-05;0.000171534341641;2.543165241342772e-05;-0.4203000478751846;1.398858793597305;5.51010696862501e-10;4.31887999636796e-11;5.264758825925126e-12;1.2441344662672268e-11;6.119056003147781e-10;0.8990139698177194;0.0704656637849263;0.0085898363846263;0.0202989573863945;12.469465052578869;87.95401581658375
SC4001E;SC4001E0-PSG.edf;SC4001EC-Hypnogram.edf;Fpz-Cz;100.0;7;29040.0;1;Acordado;-5.1009285298264334e-08;2.229575874180053e-05;4.97100857872575e-10;-6.986645261142608e-05;7.671289082482885e-05;0.0001465793434362;2.229210083266725e-05;0.0725991107654007;0.6174639795860628;3.630016307644615e-10;3.050708552169053e-11;5.279754105737055e-12;7.317742116139866e-12;4.0610621250802886e-10;0.8916632063366079;0.0749364283432272;0.0129689843670291;0.0179750195190046;11.521269731995966;57.80507081206104
SC4001E;SC4001E0-PSG.edf;SC4001EC-Hypnogram.edf;Fpz-Cz;100.0;8;29070.0;1;Acordado;-7.535080276636148e-08;2.31781282070811e-05;5.372256271838885e-10;-8.962802722465134e-05;0.00010641457323;0.0001960426004547;2.3174387364465644e-05;-0.1675985350042025;2.401527594507262;4.364563867643514e-10;3.7889104498281256e-11;5.725621186377489e-12;8.521935201265398e-12;4.885930476502755e-10;0.8914676972213045;0.077388975762879;0.0116946537820679;0.0174061605698142;11.223102007495212;64.89458366290071
SC4001E;SC4001E0-PSG.edf;SC4001EC-Hypnogram.edf;Fpz-Cz;100.0;9;29100.0;1;Acordado;-1.4785045155864318e-07;2.1894522185246504e-05;4.793701017202512e-10;-7.201495421767225e-05;6.983415013374689e-05;0.0001418491043514;2.189137207765586e-05;-0.3339465494624861;0.8737484770933523;3.7021621744951277e-10;3.5455082066138626e-11;5.128879446650723e-12;7.118140707966629e-12;4.179183196702687e-10;0.8837432025911653;0.0846348330959729;0.0122431490957179;0.0169917150282884;10.155407599353309;60.40520468253403
SC4001E;SC4001E0-PSG.edf;SC4001EC-Hypnogram.edf;Fpz-Cz;100.0;10;29130.0;1;Acordado;1.762443309190069e-07;2.018699769362828e-05;4.0751487588255335e-10;-8.637951493874431e-05;5.11154599227409e-05;0.0001374949748614;2.0184402385376035e-05;-0.7784422221392552;1.381281041792759;3.01014647581254e-10;4.8405223416826953e-11;6.9279155894420065e-12;5.350208160365975e-12;3.61697994747889e-10;0.8299319321864158;0.1334587566453831;0.0191010584281217;0.0147511379655818;6.092769686347197;37.96895213946651
SC4001E;SC4001E0-PSG.edf;SC4001EC-Hypnogram.edf;Fpz-Cz;100.0;11;29160.0;1;Acordado;2.056129415813119e-08;1.85698205472416e-05;3.4483823515675643e-10;-7.213531064065346e-05;5.394617184729337e-05;0.0001260814824879;1.8566736704256574e-05;-0.6717051207023602;1.4441768387740683;2.8602500409594016e-10;3.551866128218915e-11;5.3675868788384036e-12;8.4854952071329e-12;3.3539674746410055e-10;0.850260908442535;0.1055856263472928;0.0159561200258371;0.0252246648372795;7.832297079176888;44.91890091778659
SC4001E;SC4001E0-PSG.edf;SC4001EC-Hypnogram.edf;Fpz-Cz;100.0;12;29190.0;1;Acordado;-1.6781156594165797e-07;1.43116646823339e-05;2.0482374597956347e-10;-6.486720257821142e-05;3.841834019941128e-05;0.0001032855427776;1.4310263174352669e-05;-0.9445315164565417;2.4394390896386984;1.5474229766570038e-10;2.5279794913302528e-11;4.014660416111082e-12;9.236326229193402e-12;1.9327307922430744e-10;0.7965195089487161;0.1301250539407702;0.0206650372359402;0.0475430062985162;5.888261235530861;30.85798136371207
SC4001E;SC4001E0-PSG.edf;SC4001EC-Hypnogram.edf;Fpz-Cz;100.0;13;29220.0;1;Acordado;4.29207120165438e-07;1.7836389358877178e-05;3.18136785361467e-10;-6.564502942623391e-05;4.828899115810021e-05;0.0001139340205843;1.7838580619498492e-05;-0.7905601724064002;1.099714877407184;2.4858022015361636e-10;2.965266403237059e-11;4.731622874901578e-12;8.830667205679912e-12;2.917951742665684e-10;0.8489901542137522;0.1012744288106812;0.0161601805315062;0.0301598796079891;8.109579640161275;43.369953951808974
SC4001E;SC4001E0-PSG.edf;SC4001EC-Hypnogram.edf;Fpz-Cz;100.0;14;29250.0;1;Acordado;-5.390240947921519e-07;2.258416528317743e-05;5.100445215378765e-10;-7.347173501252093e-05;7.488483653679397e-05;0.0001483565715493;2.2586833635375516e-05;-0.2478095834390878;0.589386973036965;3.8713309582812176e-10;4.6830078664953506e-11;5.893366719445809e-12;1.1249884210708016e-11;4.5110642542322914e-10;0.8562875333296046;0.1035819798869582;0.0130353527135317;0.0248832654837336;8.093925551324368;56.16023513387741
SC4001E;SC4001E0-PSG.edf;SC4001EC-Hypnogram.edf;Fpz-Cz;100.0;15;29280.0;1;Acordado;2.7570822638302856e-07;1.951872571418476e-05;3.809806535055772e-10;-7.685957728392379e-05;6.138646229048708e-05;0.0001382460395744;1.9517419782863302e-05;-0.6242429628867091;1.382945741844236;3.0722084889663827e-10;3.0670866976880146e-11;4.215927960335879e-12;9.01590777349375e-12;3.51123551607348e-10;0.8724802629482149;0.0871025719151019;0.0119728656066636;0.0256043872451546;9.70042434016444;58.90051611772163
SC4001E;SC4001E0-PSG.edf;SC4001EC-Hypnogram.edf;Fpz-Cz;100.0;16;29310.0;1;Acordado;1.3171631872756504e-07;1.6744548400186178e-05;2.8037990112617744e-10;-6.7673616210025e-05;6.333145452463147e-05;0.0001310050707346;1.674227554270191e-05;-0.5671626694605323;2.0059658133920726;2.0532189938557182e-10;2.7673842351755787e-11;3.769122938369711e-12;9.65489733411542e-12;2.4641976200981266e-10;0.8298524649677285;0.1118497654631898;0.0152337182274883;0.039022337002056;7.160599436475569;43.05233940053547
SC4001E;SC4001E0-PSG.edf;SC4001EC-Hypnogram.edf;Fpz-Cz;100.0;17;29340.0;1;Acordado;-1.371364584245905e-07;1.8223334249748723e-05;3.3208991117806484e-10;-6.995543747593538e-05;4.984302672221376e-05;0.0001197984641981;1.822081285094698e-05;-0.6745093278194032;0.937993790595626;2.4087358455208166e-10;3.297167770630303e-11;4.801978713516773e-12;8.815585604171559e-12;2.87462826576073e-10;0.8350246976747238;0.1143013056401837;0.016646785204576;0.0305605602940548;7.090423576795869;41.51576495634541
SC4001E;SC4001E0-PSG.edf;SC4001EC-Hypnogram.edf;Fpz-Cz;100.0;18;29370.0;1;Acordado;-6.794265823923439e-08;1.949629982415728e-05;3.801057068334351e-10;-8.323524344847707e-05;6.478389270220294e-05;0.0001480191361506;1.9493168576092645e-05;-0.6406069954121573;1.6301804017180466;2.5578685079414083e-10;2.8885900934169095e-11;7.500435856529477e-12;1.310895877603248e-11;3.052821463608718e-10;0.8351347077630971;0.09431140952021;0.0244886486060216;0.042800270703951;8.558779986508455;30.09102769685182
SC4001E;SC4001E0-PSG.edf;SC4001EC-Hypnogram.edf;Fpz-Cz;100.0;19;29400.0;1;Acordado;3.285224022780387e-07;2.2825120453225505e-05;5.209861237042533e-10;-0.000105993214279;6.444983521716933e-05;0.0001704430494961;2.282368043571889e-05;-0.1610012170131791;0.4539948283109121;3.565184010558754e-10;3.522596545061905e-11;8.526257285708225e-12;2.0736469100041257e-11;4.21007092892244e-10;0.84481613475371;0.0834724487903659;0.0202040615651105;0.049137726472612;9.841515515766138;37.424813372481815
SC4001E;SC4001E0-PSG.edf;SC4001EC-Hypnogram.edf;Fpz-Cz;100.0;20;29430.0;1;Acordado;-4.369776288836874e-07;2.4609610343868817e-05;6.05632921277055e-10;-8.254480681054669e-05;9.291138208071244e-05;0.0001754561888912;2.4609388311877527e-05;-0.0573476381758147;0.9769479440936132;4.0274006705417957e-10;3.9134645038115666e-11;1.1779963208484543e-11;1.6380754865270433e-11;4.700354301660502e-10;0.8550101356753673;0.0830821686265083;0.0250086563644094;0.0347760567809004;10.034723533039829;31.51339800311809
SC4001E;SC4001E0-PSG.edf;SC4001EC-Hypnogram.edf;Fpz-Cz;100.0;21;29460.0;1;Acordado;-2.763679582244745e-07;2.9666060991675205e-05;8.800751747617931e-10;-0.0001057035690469;0.0001194325251573;0.0002251360942042;2.9662403739726477e-05;0.1357932026663753;1.3335358486093902;5.161386144826684e-10;4.824330763036042e-11;1.089362366265944e-11;1.6728909599353685e-11;5.920044553750417e-10;0.870378982492197;0.0813540390684742;0.0183702222874022;0.0282104281809714;10.481396139288758;43.39624567936419
SC4001E;SC4001E0-PSG.edf;SC4001EC-Hypnogram.edf;Fpz-Cz;100.0;22;29490.0;1;Acordado;3.689040063715701e-07;2.8293220551951768e-05;8.005063292013858e-10;-0.0001051379034434;9.52063861558764e-05;0.0002003442895992;2.8290909916866157e-05;-0.3188293226883799;1.459788221938421;3.758122203148487e-10;5.251719706337372e-11;1.3904043335135811e-11;2.001701810009131e-11;4.622504788134495e-10;0.8112505814941378;0.1133667410293651;0.0300140938240345;0.0432099242538552;7.022270240906325;25.21545407942308
SC4001E;SC4001E0-PSG.edf;SC4001EC-Hypnogram.edf;Fpz-Cz;100.0;23;29520.0;1;Acordado;1.139364182484954e-07;2.838242215440597e-05;8.055618873509147e-10;-9.136688704981112e-05;0.0001088580685035;0.0002002249555533;2.837792008286021e-05;0.003524238871371;1.0206197316587202;5.505105380298987e-10;4.6388088539026755e-11;7.483009428397855e-12;1.7397639427557412e-11;6.217792754248808e-10;0.8839577034003292;0.0744856008693919;0.012015508100029;0.0279354823034022;11.6170657015744;64.8956649967877
SC4001E;SC4001E0-PSG.edf;SC4001EC-Hypnogram.edf;Fpz-Cz;100.0;24;29550.0;1;Acordado;7.312320252072497e-08;2.6843340097897263e-05;7.205649076113793e-10;-8.858025099327613e-05;9.277022125858668e-05;0.0001813504722518;2.6838965447863097e-05;-0.3972210916821239;0.9190047205241152;4.2184287217026755e-10;4.971012377990832e-11;1.2290159469766652e-11;2.7922343580976947e-11;5.117654990009196e-10;0.8226818555308283;0.0969451413497286;0.023968382220943;0.0544544116860071;8.318711151271227;31.740994013646272
SC4001E;SC4001E0-PSG.edf;SC4001EC-Hypnogram.edf;Fpz-Cz;100.0;25;29580.0;1;Acordado;-3.678028308420502e-07;2.2206312937967288e-05;4.931203342989334e-10;-8.793869780880207e-05;5.6704980250336094e-05;0.0001446436780591;2.2205657832555703e-05;-0.6840163106201103;1.098785665858605;2.9688849076250955e-10;3.8328184784405775e-11;7.546356936588428e-12;1.1231603898286678e-11;3.539946363817905e-10;0.8363182435331538;0.1079683489729813;0.0212576646608047;0.0316387988640123;7.549000605800407;34.73860183530117
SC4001E;SC4001E0-PSG.edf;SC4001EC-Hypnogram.edf;Fpz-Cz;100.0;26;29610.0;1;Acordado;5.717483214963214e-07;2.610854699973168e-05;6.816562264371981e-10;-8.480167102125357e-05;9.269762353297384e-05;0.0001774992945542;2.611045583359637e-05;-0.1194849411171214;0.6998886882986914;3.771983857769061e-10;5.7306846037582384e-11;8.648681678655821e-12;1.0242879711256702e-11;4.533967932044012e-10;0.8301079396201442;0.1261163082456087;0.019033324636086;0.0225417077418703;6.469195496079111;39.09325629545015
SC4001E;SC4001E0-PSG.edf;SC4001EC-Hypnogram.edf;Fpz-Cz;100.0;27;29640.0;1;Acordado;-3.653048318525426e-07;2.929989962993183e-05;8.584841183240794e-10;-0.0001176983063731;0.0001212260097084;0.0002389243160816;2.929729346836461e-05;0.1942476451356023;2.203894181161262;5.840453591691285e-10;4.9568098622734326e-11;7.884021777521883e-12;1.889323214342928e-11;6.603907117128137e-10;0.8830564881333413;0.0749452596550185;0.0119203696663724;0.0285659169517231;11.549680036942386;65.74109944742196
SC4001E;SC4001E0-PSG.edf;SC4001EC-Hypnogram.edf;Fpz-Cz;100.0;28;29670.0;1;Acordado;1.2637379507912594e-07;2.387195228652178e-05;5.698701059699723e-10;-7.718486062593632e-05;0.0001015530350628;0.0001787378956887;2.3868307849616512e-05;-0.1463829369205409;1.25095118339509;3.5155263355236925e-10;3.009646980473182e-11;6.846367905827565e-12;1.215513279610294e-11;4.0065060405903156e-10;0.875269774275506;0.0749319669896686;0.0170455810015944;0.0302629516133292;11.305226469754292;44.80450544401163
SC4001E;SC4001E0-PSG.edf;SC4001EC-Hypnogram.edf;Fpz-Cz;100.0;29;29700.0;1;Acordado;-3.9526765325665916e-07;2.3372091176095485e-05;5.462546459437204e-10;-7.827794965395498e-05;9.367387812948004e-05;0.0001719518277834;2.3371538194553008e-05;-0.0193407948151468;1.2282119837459735;3.8838345293773166e-10;3.8087360008636156e-11;9.445887250365626e-12;1.6870063782942738e-11;4.5278676397967613e-10;0.8558721491381494;0.0839322850111643;0.0208156958293051;0.0371761918196853;9.936292777304995;37.18051359630916
SC4001E;SC4001E0-PSG.edf;SC4001EC-Hypnogram.edf;Fpz-Cz;100.0;30;29730.0;1;Acordado;8.621471095311618e-07;2.734016816580677e-05;7.474847953345937e-10;-7.788966249754436e-05;0.00010411525171;0.0001820049142075;2.734920348702356e-05;0.4764183063499485;1.0655858532312088;4.0624280872341344e-10;3.1208821014098647e-11;6.852352951483318e-12;1.4525902720789586e-11;4.588298854097851e-10;0.8834632580728924;0.0678703625065308;0.0149019304071042;0.031589731728386;12.612781093278462;51.73516922041486
SC4001E;SC4001E0-PSG.edf;SC4001EC-Hypnogram.edf;Fpz-Cz;100.0;31;29760.0;1;Acordado;-6.933529825550726e-07;2.296046591555381e-05;5.271829950593083e-10;-8.774651642450487e-05;8.142986354086305e-05;0.0001691763799653;2.2967107039257397e-05;-0.4372987837761791;1.435762094719835;3.624226905876752e-10;2.8342448175827046e-11;6.999479563254601e-12;1.1714159565116152e-11;4.09478777891873e-10;0.8829267433726949;0.0690472923384431;0.0170519888974586;0.0285377958521447;12.351480981271596;45.3057836727847
SC4001E;SC4001E0-PSG.edf;SC4001EC-Hypnogram.edf;Fpz-Cz;100.0;32;29790.0;1;Acordado;1.8497579489988137e-07;2.751010562076172e-05;7.568059112654655e-10;-9.747864941856858e-05;0.000104570703515;0.0002020493529336;2.750614219902668e-05;0.0422459142902022;1.0160202097629591;4.2919566262340164e-10;3.53759352430916e-11;7.538067403487736e-12;1.3564507911248295e-11;4.856741731812291e-10;0.8818952931442626;0.0726891567141332;0.0154889406894429;0.0278718466249843;11.798890111146026;50.268479076199206
SC4001E;SC4001E0-PSG.edf;SC4001EC-Hypnogram.edf;Fpz-Cz;100.0;33;29820.0;1;Acordado;-4.5211697650658657e-07;2.4740946379539324e-05;6.1211442775524e-10;-9.285349527635368e-05;8.125661724322551e-05;0.0001741101125195;2.474095388971695e-05;-0.4741669711471704;1.395127934438649;4.253556609597763e-10;2.6258958954636848e-11;7.397647053960779e-12;1.1830735956650675e-11;4.708430029250245e-10;0.9014770979392164;0.0556518986015553;0.0156781959425098;0.0250734585091019;15.604251859641243;50.65176688500571
SC4001E;SC4001E0-PSG.edf;SC4001EC-Hypnogram.edf;Fpz-Cz;100.0;34;29850.0;1;Acordado;2.8670554091014185e-07;2.651093046506609e-05;7.028294341235692e-10;-0.0001041231619793;7.256332761891956e-05;0.0001766864895983;2.65080621266949e-05;-0.6082563163338418;1.5798417037880412;4.885919557305231e-10;4.256899458600532e-11;7.118694260487351e-12;1.0462821935964602e-11;5.487424665129806e-10;0.8887651682244315;0.0774344300814537;0.0129491438157238;0.019032224311013;11.214212317110997;60.181100562985584
SC4001E;SC4001E0-PSG.edf;SC4001EC-Hypnogram.edf;Fpz-Cz;100.0;35;29880.0;1;Acordado;-3.500880411702933e-08;3.1192219958703136e-05;9.729545859521183e-10;-8.704109880486312e-05;0.0001132665168388;0.0002003076156437;3.118704047153508e-05;0.1006033614118616;0.7571681038433971;4.220998167503105e-10;2.514449408682672e-11;5.201178721233204e-12;1.0785666718522044e-11;4.6323115627689244e-10;0.9092449118140348;0.0541637366360417;0.0112038553442779;0.0232333969245461;16.144883712360365;68.06767482849926
SC4001E;SC4001E0-PSG.edf;SC4001EC-Hypnogram.edf;Fpz-Cz;100.0;36;29910.0;1;Acordado;6.944343700946426e-08;2.5363776312065244e-05;6.43321148808482e-10;-9.57618124405135e-05;9.075726078871132e-05;0.0001865190732292;2.535964374387956e-05;-0.2432914991715726;1.0254317410094709;3.3571543204664456e-10;4.2986945601667906e-11;8.737442165063746e-12;1.4002897802992598e-11;4.0144271761636887e-10;0.8341943271704757;0.1068150663932388;0.0217110206809426;0.0347947600740062;7.632160575248371;34.47675748474619
SC4001E;SC4001E0-PSG.edf;SC4001EC-Hypnogram.edf;Fpz-Cz;100.0;37;29940.0;1;Acordado;2.858294417636824e-07;2.691110495239468e-05;7.242075697588013e-10;-0.00012105432385;9.501358040700336e-05;0.000216067904257;2.690813753691116e-05;-0.4540833458604527;1.0809319091285516;5.26845681077685e-10;6.296894500973697e-11;1.179929983049642e-11;2.6547594385439058e-11;6.281615203033575e-10;0.8373774683862742;0.1000839100575886;0.0187540074364485;0.0421951971453035;8.235960136555194;41.16207043000816
SC4001E;SC4001E0-PSG.edf;SC4001EC-Hypnogram.edf;Fpz-Cz;100.0;38;29970.0;1;Acordado;1.1303640790121465e-08;3.0152394325880988e-05;9.0916688358342e-10;-0.0001133971441202;0.0001050605744304;0.0002184577185506;3.0147370627102025e-05;-0.2422936881015447;1.4222154783180103;5.194315721916718e-10;4.386567855287545e-11;1.1414157644370191e-11;3.102916947572812e-11;6.057405778646457e-10;0.8561015879632643;0.0722972554551332;0.0188122536398356;0.0511407520903443;11.577481695267512;41.84187015115226
SC4001E;SC4001E0-PSG.edf;SC4001EC-Hypnogram.edf;Fpz-Cz;100.0;39;30000.0;1;Acordado;5.184462252295719e-08;2.685377834981785e-05;7.211254116611461e-10;-9.71938597011902e-05;7.991364436821163e-05;0.0001771075040694;2.68493524016653e-05;-0.2459051960209677;0.4980950849393482;4.671796131306017e-10;2.608493706873603e-11;6.258064402824514e-12;1.1903008781214428e-11;5.114256233833767e-10;0.9117022877309868;0.0509048257511125;0.0122126297305442;0.0232287540631219;17.248687414151835;64.36696992503902
SC4001E;SC4001E0-PSG.edf;SC4001EC-Hypnogram.edf;Fpz-Cz;100.0;40;30030.0;1;Acordado;-3.861823528395915e-07;2.5682599659825684e-05;6.595959252868783e-10;-8.32101774427598e-05;7.089802407885082e-05;0.0001541082015216;2.568122264979014e-05;-0.3848264047858808;0.4804200947761217;4.671670530356777e-10;4.959420425203596e-11;6.769940027452342e-12;9.652011544539829e-12;5.33183208859706e-10;0.8745446230571639;0.0928411889956298;0.0126734422107796;0.0180687288264704;9.233608077092716;60.12492392284984
SC4001E;SC4001E0-PSG.edf;SC4001EC-Hypnogram.edf;Fpz-Cz;100.0;41;30060.0;1;Acordado;5.255459540150875e-08;2.8744697662203305e-05;8.262576436914758e-10;-0.0001086588902846;0.000115887490483;0.0002245463807677;2.87399545313212e-05;0.1496889899881231;1.938855299033828;4.89611798540529e-10;4.9538880358302456e-11;9.163532338997856e-12;1.0194626804811612e-11;5.58508838042641e-10;0.8750742888233248;0.0885399425174531;0.016377815176352;0.0182206716170489;9.687824405078974;48.17338915348064
SC4001E;SC4001E0-PSG.edf;SC4001EC-Hypnogram.edf;Fpz-Cz;100.0;42;30090.0;1;Acordado;3.347412039128884e-07;1.8872070732297015e-05;3.5615505372482166e-10;-7.222993143904821e-05;8.750810364657185e-05;0.0001597380350856;1.8871894103326695e-05;-0.0055002958043479;1.9355193717076808;2.2054887218738412e-10;2.4805070264647613e-11;6.229657534474117e-12;7.813016053673129e-12;2.5939661604017897e-10;0.8469728813732113;0.095258804211266;0.0239237269255176;0.0300042918087214;8.54672627997186;30.506129942630373
SC4001E;SC4001E0-PSG.edf;SC4001EC-Hypnogram.edf;Fpz-Cz;100.0;43;30120.0;1;Acordado;-2.523082375724003e-07;3.268857989806677e-05;1.068543255752295e-09;-0.0001185559973091;0.0001209359115497;0.0002394919088588;3.268410522125076e-05;0.1077185601237441;1.588414570578756;5.531944391313706e-10;3.836108138949813e-11;9.57517774662532e-12;1.0961136450927688e-11;6.120918347184216e-10;0.902302734769644;0.0625698781441388;0.0156178523418485;0.0178784577288684;14.054350632728488;52.31065163967597
SC4001E;SC4001E0-PSG.edf;SC4001EC-Hypnogram.edf;Fpz-Cz;100.0;44;30150.0;1;Acordado;1.574315106038494e-07;2.434419614981953e-05;5.92639886180888e-10;-7.703056214836325e-05;9.643886162449343e-05;0.0001734694237728;2.43406475721722e-05;0.0594953861419521;1.1775700972519498;4.4382417240790135e-10;3.0692147273219616e-11;6.818574609244765e-12;1.0560661842319871e-11;4.918955561326857e-10;0.9004426331010085;0.0622690687537004;0.0138337108630965;0.0214257599017122;14.004231666023465;56.76535616647042
SC4001E;SC4001E0-PSG.edf;SC4001EC-Hypnogram.edf;Fpz-Cz;100.0;45;30180.0;1;Acordado;-3.207215161002143e-07;2.3626477368426e-05;5.582104328407459e-10;-8.993580171509478e-05;8.926110402613024e-05;0.0001791969057412;2.3624716400146592e-05;-0.0952439742675338;1.853530240138122;3.5612595193787355e-10;2.8735510230374497e-11;6.39652160580525e-12;9.761785338530803e-12;4.0101976911258387e-10;0.8858418896264327;0.0714778536732288;0.0159109628362925;0.0242818539995655;11.976453377756226;48.14776065256995
SC4001E;SC4001E0-PSG.edf;SC4001EC-Hypnogram.edf;Fpz-Cz;100.0;46;30210.0;1;Acordado;3.16684357313816e-07;3.359623726529397e-05;1.1287071583859271e-09;-0.0001013429182068;0.0001181586466577;0.0002195015648646;3.3592130204091445e-05;-0.1278668475601522;0.4183460948497344;6.967749990606692e-10;6.981228821897985e-11;1.0594995408723098e-11;1.3300490871916096e-11;7.904827735602881e-10;0.8803413319109908;0.0882044316706308;0.0133862615367661;0.0168045235047721;9.839746978744184;60.09273608995778
SC4001E;SC4001E0-PSG.edf;SC4001EC-Hypnogram.edf;Fpz-Cz;100.0;47;30240.0;1;Acordado;1.4148544057914682e-07;4.464538486103636e-05;1.9932103893900547e-09;-0.0001223975267152;0.0001410546443507;0.0002634521710659;4.463816757055357e-05;0.2906666210171;0.372194841308811;1.264690669169442e-09;1.3783838973433464e-10;1.6065957687411528e-11;1.4314352085757209e-11;1.4329093686769458e-09;0.8819878695236923;0.0961276861322949;0.0112043048454557;0.0099827453522846;9.109084825813744;74.10604739178065
SC4001E;SC4001E0-PSG.edf;SC4001EC-Hypnogram.edf;Fpz-Cz;100.0;48;30270.0;1;Acordado;-4.379597467023415e-07;2.8765908683906423e-05;8.274775024108429e-10;-0.0001036862077492;0.0001125894420807;0.00021627564983;2.8764448288059297e-05;-0.1959660907882702;1.1522656314558652;5.64122605946038e-10;4.8551003064775487e-11;8.335871438325326e-12;1.1543765262401596e-11;6.325532457115407e-10;0.8904107267455865;0.0766328692866975;0.0131573336491447;0.0182206710178508;11.384685900476915;60.42527574128964
SC4001E;SC4001E0-PSG.edf;SC4001EC-Hypnogram.edf;Fpz-Cz;100.0;49;30300.0;1;Acordado;-9.125321668655524e-07;4.217096328324244e-05;1.778390144236582e-09;-0.0001145075207254;0.0001367332839351;0.0002512408046606;4.217380777778313e-05;0.2294541889420189;0.983499448446154;1.0664439264097642e-09;2.6796337102886184e-11;7.168695928566732e-12;1.1712318696725387e-11;1.1121212781379424e-09;0.9580662479058336;0.0240731514428614;0.0064401750908568;0.0105220508553372;38.366347424209074;130.5525307509985
SC4001E;SC4001E0-PSG.edf;SC4001EC-Hypnogram.edf;Fpz-Cz;100.0;50;30330.0;1;Acordado;9.825982871535452e-07;1.9144940940734344e-05;3.66528763624206e-10;-6.806019597278909e-05;9.77995042719082e-05;0.0001658597002446;1.9166952985896887e-05;1.0559270520393902;3.702104872752563;1.27627896262825e-10;1.2833687851294016e-11;1.314736226672447e-11;7.600443121944701e-12;1.6120938950278815e-10;0.786809546932123;0.0791180331214638;0.0810517955034809;0.0468557532041883;9.225876543895458;9.02132099656586
SC4001E;SC4001E0-PSG.edf;SC4001EC-Hypnogram.edf;Fpz-Cz;100.0;51;30360.0;1;Acordado;3.031448547132355e-08;1.4936766763768146e-05;2.2310700135520869e-10;-6.507549621252145e-05;4.255456771557144e-05;0.000107630063928;1.4934307862193891e-05;-0.4304109338869173;0.9997517061011516;1.3630909896656034e-10;2.5625736525660772e-11;1.3790540590140116e-11;5.007955900806599e-12;1.8073333198316787e-10;0.7500500732534046;0.1410073553707485;0.0758833860561;0.0275566174138623;5.11944895252724;9.215964631977595
SC4001E;SC4001E0-PSG.edf;SC4001EC-Hypnogram.edf;Fpz-Cz;100.0;52;30390.0;1;Acordado;-3.4193351758580675e-08;1.4103762510159414e-05;1.9891611694297815e-10;-5.588153288575581e-05;8.121662452532106e-05;0.000137098157411;1.4101453143416402e-05;0.4599273293741909;3.0508538733584327;7.255728974723486e-11;4.019659642149911e-11;1.3090583510997978e-11;6.692693763552633e-12;1.3253716344328458e-10;0.5433490413928939;0.3010143048198808;0.0980295160796774;0.0501185856504667;1.7612447641273992;5.149345993414856
SC4001E;SC4001E0-PSG.edf;SC4001EC-Hypnogram.edf;Fpz-Cz;100.0;53;30420.0;1;Acordado;7.879508766336531e-08;1.0364699296583374e-05;1.0742699150859585e-10;-3.3029674453549974e-05;4.207150088428472e-05;7.510117533783469e-05;1.0363271258500676e-05;0.1072482205844868;0.2906086297064663;3.3147359225009415e-11;4.55857787115245e-11;1.4749984884833248e-11;4.4806251363325086e-12;9.796374795769967e-11;0.3349444610684882;0.4606310861529754;0.1490443236965709;0.0452754188154603;0.7115338659523008;2.104596256275097
SC4001E;SC4001E0-PSG.edf;SC4001EC-Hypnogram.edf;Fpz-Cz;100.0;54;30450.0;1;Acordado;-1.349250492550829e-07;1.298838817356488e-05;1.686982273472e-10;-4.55291771890704e-05;6.237773875343126e-05;0.0001079069159425;1.2986924169088976e-05;0.2904672835144495;1.1281063774305211;6.717838228627406e-11;5.574725339708475e-11;1.4014223822612259e-11;6.885445074927022e-12;1.438253045808981e-10;0.4638580424924902;0.3849275757327673;0.0967664032412515;0.0475431078488143;1.1838173350205734;4.474316027252748
SC4001E;SC4001E0-PSG.edf;SC4001EC-Hypnogram.edf;Fpz-Cz;100.0;55;30480.0;1;Acordado;7.686319399753027e-08;1.2233848827999322e-05;1.4966705714634036e-10;-3.703630314721452e-05;5.586885884520166e-05;9.290516199241618e-05;1.2232051180316532e-05;0.024157139813379;0.3919033777537457;3.955951420677236e-11;8.730712985732537e-11;1.5099814845537748e-11;5.276748278272696e-12;1.4724320718790816e-10;0.2668554934637108;0.5889452307022592;0.1018583929204778;0.0355952112637718;0.4479764461905537;2.4571409414523013
SC4001E;SC4001E0-PSG.edf;SC4001EC-Hypnogram.edf;Fpz-Cz;100.0;56;30510.0;1;Acordado;3.5875584086443335e-08;1.2110665398989317e-05;1.4666821640627702e-10;-4.3388621547754087e-05;4.3592539657076186e-05;8.698116120483027e-05;1.2108699932624551e-05;-0.1063914393625562;0.1298494850335716;3.2191548851602386e-11;9.745994646743688e-11;1.0685117672721293e-11;4.478876423299996e-12;1.4481548941506057e-10;0.2207690621945509;0.6683785574385673;0.0732783445406567;0.0307160538380869;0.3269507043887021;2.754918671187456
SC4001E;SC4001E0-PSG.edf;SC4001EC-Hypnogram.edf;Fpz-Cz;100.0;57;30540.0;1;Acordado;-5.512557986835481e-09;1.0609485540205983e-05;1.1256118342783984e-10;-4.387207610926251e-05;3.936326583386372e-05;8.323534194312624e-05;1.060771857760468e-05;-0.0821490905811491;0.5769539465440485;2.5860519500131423e-11;6.029744125410812e-11;1.3427989832912355e-11;3.9743315812581866e-12;1.0356028216841009e-10;0.2473264127049615;0.5766763440537583;0.1284234276575933;0.0380099546293967;0.4218857911691097;1.7923854812497717
SC4001E;SC4001E0-PSG.edf;SC4001EC-Hypnogram.edf;Fpz-Cz;100.0;58;30570.0;1;Acordado;-5.648552505463734e-08;1.0829821751936645e-05;1.172850391787201e-10;-3.999166008437063e-05;3.9479900186228814e-05;7.947156027059944e-05;1.082816396164194e-05;-0.0673529040259784;0.083449500809694;3.445755264513796e-11;6.160078003316153e-11;1.5145234168442355e-11;4.505336706781689e-12;1.1570890355352352e-10;0.2952435640810856;0.5278156006744676;0.1297693124286498;0.0386031962395697;0.5504332793758281;2.1342243962301306
SC4001E;SC4001E0-PSG.edf;SC4001EC-Hypnogram.edf;Fpz-Cz;100.0;59;30600.0;1;Acordado;2.5407944428998084e-08;9.082262125623736e-06;8.248748531853935e-11;-3.297960128286428e-05;4.394878277416653e-05;7.69283840570308e-05;9.080783834765584e-06;0.0281402411686996;0.5016260783080129;3.007221464611321e-11;3.4877470910634684e-11;1.1649656346921883e-11;3.588341983390269e-12;8.018768388706006e-11;0.3704036524548055;0.4295906625338965;0.1434904383173153;0.0441981075403259;0.8381921546537803;2.377314752383045
SC4001E;SC4001E0-PSG.edf;SC4001EC-Hypnogram.edf;Fpz-Cz;100.0;60;30630.0;2;N1;3.1610648362165346e-08;8.66702797101039e-06;7.511737385027649e-11;-3.044807319512356e-05;4.769102022560842e-05;7.813909342073198e-05;8.665641001031004e-06;0.2329135619348758;1.2869533931014132;4.06313537375187e-11;2.0695632317173603e-11;9.369924062411152e-12;3.502317592359411e-12;7.419922770946286e-11;0.5403161039698519;0.2752107029228084;0.1246013336548144;0.046573850543929;1.8727895616739485;3.918192022716832
SC4001E;SC4001E0-PSG.edf;SC4001EC-Hypnogram.edf;Fpz-Cz;100.0;61;30660.0;2;N1;4.7683350669886055e-08;9.49354423934016e-06;9.012738222430875e-11;-4.9956861575564725e-05;5.475948909715233e-05;0.0001047163506727;9.492081619197047e-06;0.2661392563532052;2.426589997716677;5.0207800058812106e-11;2.6060127229581782e-11;4.651230126875574e-12;4.319163005767784e-12;8.523832042103724e-11;0.5821982595867471;0.3021873234815992;0.0539346093959981;0.0500840343907504;1.8554162599769888;8.884401967642178
SC4001E;SC4001E0-PSG.edf;SC4001EC-Hypnogram.edf;Fpz-Cz;100.0;62;30690.0;2;N1;-1.1574621200955573e-07;1.0215998801369038e-05;1.0436663150957362e-10;-4.882223118114748e-05;4.8167595299071134e-05;9.698982648021862e-05;1.0214951777565978e-05;0.0147608906953529;1.7074999472575172;6.817002896569181e-11;2.1593020253577863e-11;3.933417130503082e-12;2.9825273484840287e-12;9.667899369825675e-11;0.6978985591956239;0.2210610432810307;0.0402688129922173;0.0305339688254513;3.017304822488101;13.818014403079724
SC4001E;SC4001E0-PSG.edf;SC4001EC-Hypnogram.edf;Fpz-Cz;100.0;63;30720.0;2;N1;5.5415429197039866e-08;1.61481045327766e-05;2.607612800014802e-10;-6.70474079802256e-05;7.429439393179897e-05;0.000141341801912;1.614550805780376e-05;0.2435554512856981;3.385139872802106;2.168934195752652e-10;4.8313481809913e-11;5.184985242481546e-12;4.134570295926966e-12;2.7452645692358666e-10;0.7871963440353659;0.1753497008939219;0.0188184659301866;0.0150060736166386;4.398258074968561;35.06773437154443
SC4001E;SC4001E0-PSG.edf;SC4001EC-Hypnogram.edf;Fpz-Cz;100.0;64;30750.0;3;N2;-2.770098829100784e-09;1.6364335571086995e-05;2.6779147868314314e-10;-6.940172955010251e-05;7.0872235587808e-05;0.0001402739651379;1.636160818900034e-05;-0.0162880831968643;2.24182679718961;2.122144896284101e-10;3.4376903856273774e-11;4.2025205536345065e-12;3.2819924358811922e-12;2.5407590647419955e-10;0.8319660314521914;0.1347712699778288;0.0164755684365649;0.0128667285015143;5.998673329089985;40.79070662780103
SC4001E;SC4001E0-PSG.edf;SC4001EC-Hypnogram.edf;Fpz-Cz;100.0;65;30780.0;3;N2;3.151618202119072e-08;1.77224940599525e-05;3.1408679570505157e-10;-6.934770378133993e-05;8.4788923446151e-05;0.0001541366272274;1.771956809225926e-05;0.3136352517155986;2.65116843037221;2.3947294042565434e-10;6.10615984527699e-11;4.408300393018821e-12;3.5688172283086026e-12;3.085116564997517e-10;0.7737121862673578;0.1972836795334681;0.0142427604920345;0.0115304776197062;3.8586331386211072;44.278779472895486
SC4001E;SC4001E0-PSG.edf;SC4001EC-Hypnogram.edf;Fpz-Cz;100.0;66;30810.0;3;N2;-7.238277394053939e-08;1.8369242213057465e-05;3.3742905948197234e-10;-6.987392325237798e-05;7.587638968172328e-05;0.0001457503129341;1.836632305048496e-05;-0.105378927622153;2.0875722900678677;2.717029600399088e-10;5.0596651688035926e-11;5.237285074860583e-12;5.6546077034917145e-12;3.3319150450629704e-10;0.8130157600543948;0.1514001732712584;0.0156715087135373;0.0169202616680675;5.265902944297264;43.5610937737974
SC4001E;SC4001E0-PSG.edf;SC4001EC-Hypnogram.edf;Fpz-Cz;100.0;67;30840.0;3;N2;3.629113249564991e-08;1.7420771667042917e-05;3.0348328547524517e-10;-6.467951864243597e-05;8.793124507199103e-05;0.0001526107637144;1.7417905770395725e-05;0.0852579948103722;2.103513915131577;2.326766552342952e-10;4.891808825581482e-11;6.488291823038878e-12;6.402042254259492e-12;2.9448507756740847e-10;0.7874396133632674;0.1655518060625421;0.0219581031856294;0.0216662117321271;4.66116919465944;31.072060322012263
SC4001E;SC4001E0-PSG.edf;SC4001EC-Hypnogram.edf;Fpz-Cz;100.0;68;30870.0;3;N2;-1.0943155778256806e-08;1.6655366832094634e-05;2.774012443116381e-10;-6.502921132429723e-05;8.92234948933729e-05;0.0001542527062176;1.6652594301875587e-05;0.1350693574227703;2.655624551175328;2.2555470886861767e-10;3.391328730788251e-11;5.841765792316059e-12;5.854444104661355e-12;2.7116420607347756e-10;0.8287449408675126;0.12460597885795;0.0214641222539709;0.0215107055741224;6.460425994251573;32.96732389201874
SC4001E;SC4001E0-PSG.edf;SC4001EC-Hypnogram.edf;Fpz-Cz;100.0;69;30900.0;3;N2;7.785054470591655e-09;1.4138546402649908e-05;1.9989849437988463e-10;-9.17315447091202e-05;6.528894668673932e-05;0.0001570204913958;1.4136191925532766e-05;-0.2146441155643398;4.395848532745792;1.4411218518442294e-10;2.0913610360769478e-11;4.563359137091339e-12;4.161295484277527e-12;1.7375045016656128e-10;0.8246741856576858;0.1196770042127841;0.026113575860559;0.0238127883522545;6.576378004895883;25.903807687628152
SC4001E;SC4001E0-PSG.edf;SC4001EC-Hypnogram.edf;Fpz-Cz;100.0;70;30930.0;3;N2;4.732782367235973e-08;1.9741572079059837e-05;3.897296681527148e-10;-8.249150383888128e-05;8.34200079687096e-05;0.0001659115118075;1.9738338283306023e-05;0.2323681302399588;2.5271695226427155;3.060972410512133e-10;4.098586066326056e-11;1.1103001943163154e-11;9.692887289986323e-12;3.6787899094762336e-10;0.829803942655752;0.111109230043085;0.030099306861148;0.0262766043278474;7.290483896619549;25.291018086973384
SC4001E;SC4001E0-PSG.edf;SC4001EC-Hypnogram.edf;Fpz-Cz;100.0;71;30960.0;3;N2;-1.220601897857919e-07;1.75944319919804e-05;3.0956403712042337e-10;-7.893889791513699e-05;9.369308897135928e-05;0.0001726319868864;1.7591922799909635e-05;0.5519709887303014;4.490394307083905;2.8610528195086207e-10;3.3595783215577176e-11;7.491103240078873e-12;4.208489922850255e-12;3.3140065832936835e-10;0.860724173618714;0.1010701464444389;0.0225363670388886;0.0126608952701897;8.269946662807149;33.6947124374152
SC4001E;SC4001E0-PSG.edf;SC4001EC-Hypnogram.edf;Fpz-Cz;100.0;72;30990.0;3;N2;3.4481064735222054e-07;1.7878383909032864e-05;3.196366111987652e-10;-5.725587529267297e-05;7.020110606336362e-05;0.000127456981356;1.7878729262568587e-05;0.1920444724496723;0.9862109794634604;2.0614184279862387e-10;4.1511685089215265e-11;1.4816495240333882e-11;1.1353382711227207e-11;2.738234058394002e-10;0.7500883782769503;0.1510485795866806;0.0539127851759186;0.0413115566941988;4.849063083855965;13.033345230170742
SC4001E;SC4001E0-PSG.edf;SC4001EC-Hypnogram.edf;Fpz-Cz;100.0;73;31020.0;3;N2;-2.65945159452772e-07;1.885917055311942e-05;3.5566831395164666e-10;-7.232152937604959e-05;8.472469757539407e-05;0.0001570462269514;1.885790244631763e-05;0.0772106922110465;2.6767077394375978;2.2834202355499763e-10;4.204836749640794e-11;9.780688305561249e-12;6.726221031616443e-12;2.868973003885834e-10;0.793137077863522;0.1460533580539103;0.0339728378569718;0.0233632653815713;5.304313190832406;21.180653505881136
SC4001E;SC4001E0-PSG.edf;SC4001EC-Hypnogram.edf;Fpz-Cz;100.0;74;31050.0;3;N2;7.371032783474428e-08;1.958310486798394e-05;3.8349799627045624e-10;-6.75262919821202e-05;7.63265929371551e-05;0.0001438528849192;1.957997948970995e-05;0.0485956536500085;1.2799146247511448;3.101153808220485e-10;4.161245277272893e-11;1.1936549063237604e-11;5.658067447837356e-12;3.6932245010585247e-10;0.837419877551052;0.1123681612087911;0.0322328529092029;0.0152787589470205;7.277576404156575;23.97203298237533
SC4001E;SC4001E0-PSG.edf;SC4001EC-Hypnogram.edf;Fpz-Cz;100.0;75;31080.0;3;N2;-1.1978648533696556e-07;2.0461746402648137e-05;4.18683065846284e-10;-6.709129906734573e-05;8.225589647516894e-05;0.0001493471955425;2.0458686507848063e-05;0.2402834660244194;1.088691296029121;3.404191425148385e-10;3.947825616343872e-11;1.2999684726625257e-11;6.40883414097598e-12;3.9930591754587854e-10;0.8503974775137406;0.0986202162722567;0.0324743756133342;0.0160098411241734;8.409926088226998;24.31620062610506
SC4001E;SC4001E0-PSG.edf;SC4001EC-Hypnogram.edf;Fpz-Cz;100.0;76;31110.0;3;N2;-2.1922790824071587e-09;1.8886256787226765e-05;3.5669069543306904e-10;-6.848372354919665e-05;6.495594171438616e-05;0.0001334396652635;1.8883108942668284e-05;-0.1369303023676236;0.3736414899997649;2.9571609202300046e-10;3.2499787732664724e-11;9.74593824825592e-12;5.521411013334712e-12;3.4348322901725577e-10;0.8584339297637839;0.0943435993252279;0.0282914737999269;0.0160280981721119;8.827401963943066;27.51887133457105
SC4001E;SC4001E0-PSG.edf;SC4001EC-Hypnogram.edf;Fpz-Cz;100.0;77;31140.0;4;N3;2.5190555592197974e-08;2.3653139887393687e-05;5.594710265326141e-10;-8.215165019704438e-05;8.676766435613333e-05;0.0001689193145531;2.3649210785024685e-05;0.2142259835205395;0.6967545384591913;4.477249041853069e-10;6.083605318112852e-11;1.3982941874690748e-11;5.222495611198377e-12;5.277663948523246e-10;0.8467347935572737;0.1150527979338002;0.0264444601828297;0.0098767540109218;7.240515543154784;29.88230935752382
SC4001E;SC4001E0-PSG.edf;SC4001EC-Hypnogram.edf;Fpz-Cz;100.0;78;31170.0;3;N2;2.003521431926305e-07;1.960869721373636e-05;3.84501006419992e-10;-5.429473864887106e-05;8.306941775005344e-05;0.0001373641563989;1.9606452519493013e-05;0.1259601305612903;0.3074427844067022;2.9894743388799265e-10;4.186592701369455e-11;1.0326108721698838e-11;4.9718139990726016e-12;3.5611128362245855e-10;0.8371268218005756;0.1172349598954582;0.028915660734528;0.0139223100111528;6.974010705343822;26.39454036983257
SC4001E;SC4001E0-PSG.edf;SC4001EC-Hypnogram.edf;Fpz-Cz;100.0;79;31200.0;4;N3;-2.104502403161072e-07;2.377428689220836e-05;5.652167172330301e-10;-7.367878686500369e-05;7.674248858877154e-05;0.0001504212754537;2.3771255771714463e-05;0.0671805526295622;-0.0508772338895822;4.3078267013401447e-10;5.467720448980684e-11;1.8086084591028406e-11;5.9244039718561886e-12;5.094703631867057e-10;0.8438935953985142;0.1071114180820885;0.0354302343394093;0.0116057745935963;7.737146181843243;22.57051036735465
SC4001E;SC4001E0-PSG.edf;SC4001EC-Hypnogram.edf;Fpz-Cz;100.0;80;31230.0;4;N3;-4.223334465792813e-08;2.662236106760277e-05;7.087501088138119e-10;-7.706557179709984e-05;8.19340324754669e-05;0.0001589996042725;2.6617957142368035e-05;0.0399835621971989;0.2126988373091696;6.091043355249533e-10;5.871896079499229e-11;1.2323298092010724e-11;5.049701167378292e-12;6.851962955793347e-10;0.8876531969772659;0.0855716668441319;0.0179588525490458;0.0073589746839349;10.199513310620596;45.71723392499946
SC4001E;SC4001E0-PSG.edf;SC4001EC-Hypnogram.edf;Fpz-Cz;100.0;81;31260.0;4;N3;7.866732579515062e-09;2.3623658469778205e-05;5.580772394967236e-10;-6.937726937965949e-05;8.53352716839904e-05;0.0001547125410636;2.361972217524385e-05;0.355170590785083;0.6693662859930352;4.798986801663324e-10;4.0073151059660395e-11;1.0344295243649267e-11;3.4808719550983707e-12;5.337969984247403e-10;0.8973473702729959;0.0749315182727221;0.0193424706460931;0.0065087724227162;11.683999590614809;42.30308448953565
SC4001E;SC4001E0-PSG.edf;SC4001EC-Hypnogram.edf;Fpz-Cz;100.0;82;31290.0;4;N3;3.140489696594869e-07;2.6373988877139103e-05;6.95587289291457e-10;-8.262039565174065e-05;9.427292419358072e-05;0.0001768933198453;2.637146286456323e-05;0.2052600290430138;0.7531286949981135;5.908329549549811e-10;5.0268305858205206e-11;1.3730775162543603e-11;4.629358335822645e-12;6.594613943115524e-10;0.8945760646174478;0.0761108920084626;0.0207896711008464;0.0070092792337214;11.524331554646473;40.10874841517573
SC4001E;SC4001E0-PSG.edf;SC4001EC-Hypnogram.edf;Fpz-Cz;100.0;83;31320.0;4;N3;-3.758580672291527e-07;2.5745486741489723e-05;6.628300875562232e-10;-6.755891844749035e-05;8.402458980150701e-05;0.0001515835082489;2.5743939354349128e-05;0.3648098190196174;-0.0592415756236643;5.456266417076499e-10;5.3019934065096964e-11;1.230789387869826e-11;5.009816977703134e-12;6.159642866291483e-10;0.8843731372017342;0.0859367960417565;0.0199491188476139;0.0081201085480568;10.100468487246577;41.0002248801387
SC4001E;SC4001E0-PSG.edf;SC4001EC-Hypnogram.edf;Fpz-Cz;100.0;84;31350.0;4;N3;2.930961482488205e-08;2.952188199551404e-05;8.715415165570561e-10;-7.309752967249436e-05;8.630647937547933e-05;0.0001594040090479;2.9516975823612504e-05;0.1127336677484135;-0.3673258100111205;7.62892175750998e-10;4.8615293277857845e-11;1.158732311936419e-11;5.115829124853228e-12;8.282106212730731e-10;0.920022194819143;0.058628401555228;0.0139739202828521;0.0061695171209927;15.37614967785465;60.60797585924951
SC4001E;SC4001E0-PSG.edf;SC4001EC-Hypnogram.edf;Fpz-Cz;100.0;85;31380.0;4;N3;6.595860801603069e-08;2.496325899167986e-05;6.231642994856853e-10;-9.591224610035507e-05;8.424194402961016e-05;0.0001801541901299;2.4959185254941612e-05;-0.1805701948419794;0.9604107741154032;5.372970616031025e-10;3.7959708116049786e-11;1.1272318347007932e-11;4.121717457068836e-12;5.906508055232292e-10;0.9081320545620511;0.0641589730998167;0.0190523164031513;0.0069664697801328;13.791095662283936;43.781219359755205
SC4001E;SC4001E0-PSG.edf;SC4001EC-Hypnogram.edf;Fpz-Cz;100.0;86;31410.0;4;N3;-1.5037531428007734e-07;2.6322473832747645e-05;6.928726286756844e-10;-7.636054821094054e-05;9.120199597268816e-05;0.0001675625441836;2.631851598908908e-05;0.2333340559002634;0.5130207194279581;5.616986934099332e-10;5.2462125385369726e-11;1.4586687626285498e-11;3.9246339980184354e-12;6.326721404196067e-10;0.8864184766557451;0.0827906452548635;0.0230192976712317;0.0061934772695223;10.506478920563936;36.03707900469375
SC4001E;SC4001E0-PSG.edf;SC4001EC-Hypnogram.edf;Fpz-Cz;100.0;87;31440.0;4;N3;3.56870817271776e-07;3.1251474191862015e-05;9.766546391646174e-10;-9.96596157373372e-05;8.57058965696676e-05;0.000185365512307;3.124830306430174e-05;-0.0013885258848947;-0.1091168613609734;8.45307221695512e-10;5.5897392479612447e-11;1.4256803553236104e-11;4.545543713209897e-12;9.200069614415703e-10;0.9178076356474308;0.0606916069256645;0.0154795828371603;0.0049354064665213;14.856695269443213;55.4052635433072
SC4001E;SC4001E0-PSG.edf;SC4001EC-Hypnogram.edf;Fpz-Cz;100.0;88;31470.0;4;N3;-2.262838109593673e-07;3.046717818388012e-05;9.282489464883005e-10;-9.571062709148044e-05;9.89140260093004e-05;0.0001946246531007;3.0462940346196178e-05;0.3114789884996207;0.2334002820710567;7.800461299946206e-10;4.5521885964545796e-11;1.3307827622785876e-11;3.91136840027181e-12;8.42787211982224e-10;0.924458345561006;0.0539494855078519;0.0157715445716736;0.0046354914423071;16.76729379778566;54.51883755940428
SC4001E;SC4001E0-PSG.edf;SC4001EC-Hypnogram.edf;Fpz-Cz;100.0;89;31500.0;4;N3;5.4710792964595726e-08;3.021788122563905e-05;9.131203457668291e-10;-7.880059499397815e-05;9.318552483404092e-05;0.000171986119828;3.021289402869422e-05;0.1352702661777262;-0.1302398757534693;7.597356543314021e-10;4.790718351346776e-11;1.2868426553235016e-11;3.102677120386281e-12;8.23613941518491e-10;0.9213228349406531;0.0580964995877328;0.0156053953314667;0.0037625814507487;15.534234436587232;54.78167630733731
SC4001E;SC4001E0-PSG.edf;SC4001EC-Hypnogram.edf;Fpz-Cz;100.0;90;31530.0;4;N3;-1.0356768540996904e-07;2.9501947333682417e-05;8.70364896479371e-10;-9.808709483600882e-05;9.4566230693189e-05;0.0001926533255291;2.949721175149733e-05;-0.0101150815683094;0.456710221566909;7.213572943060537e-10;4.32457427210073e-11;1.087508279875457e-11;4.274953841479259e-12;7.797530736672951e-10;0.9239250137277696;0.0553897822238171;0.0139289657198183;0.0054754236462999;16.30342830618962;60.74545386594762
SC4001E;SC4001E0-PSG.edf;SC4001EC-Hypnogram.edf;Fpz-Cz;100.0;91;31560.0;4;N3;1.2369238527127065e-07;3.024778403286615e-05;9.149284388989123e-10;-6.752270829463541e-05;9.82143326009137e-05;0.0001657370408955;3.024299526433827e-05;0.3374437489554938;-0.122129813511584;7.934793015691817e-10;4.797249427795428e-11;1.1064313645167702e-11;3.4850025415988254e-12;8.560011120339025e-10;0.9258789637810786;0.0559771668955039;0.0129105009197817;0.0040665087742161;16.202550294163363;65.77077858772395
SC4001E;SC4001E0-PSG.edf;SC4001EC-Hypnogram.edf;Fpz-Cz;100.0;92;31590.0;4;N3;-1.468845921010021e-07;2.84568352769914e-05;8.097914739818223e-10;-7.756977544145495e-05;0.0001094301777111;0.0001869999531526;2.845247122086044e-05;0.2545703493868063;0.232649273255356;6.846403178533065e-10;4.5656929584843976e-11;1.1081431020396575e-11;3.071698034449527e-12;7.444503764929967e-10;0.9184250748845636;0.061247443189497;0.0148654174306405;0.0041205935784759;14.673925694323971;56.66880990318587
SC4001E;SC4001E0-PSG.edf;SC4001EC-Hypnogram.edf;Fpz-Cz;100.0;93;31620.0;4;N3;3.864557164940085e-07;3.390270776290451e-05;1.149393593656906e-09;-8.172082198658117e-05;9.666739012330438e-05;0.0001783882121098;3.3899259733507924e-05;0.1908864003615265;-0.5050785038045627;1.0190034108570439e-09;4.6785079230419344e-11;1.2731725155767493e-11;3.221507243324752e-12;1.081741722486555e-09;0.9411324877338854;0.0432098239670451;0.0117587831810236;0.0029753238250821;21.32471949964582;74.20796726542768
SC4001E;SC4001E0-PSG.edf;SC4001EC-Hypnogram.edf;Fpz-Cz;100.0;94;31650.0;4;N3;-4.805730073697775e-08;2.707799153819403e-05;7.332176257425076e-10;-6.94741840135746e-05;8.106745995498179e-05;0.0001505416439685;2.707352081594513e-05;0.3621690937702566;-0.0053144058428706;5.687347113644366e-10;4.061151795747436e-11;1.028403798322418e-11;2.8583025330329483e-12;6.224885698381681e-10;0.9121814558878868;0.0651359462259515;0.0164943488633536;0.0045843703819219;13.66772324781964;50.40170125357311
SC4001E;SC4001E0-PSG.edf;SC4001EC-Hypnogram.edf;Fpz-Cz;100.0;95;31680.0;4;N3;-6.833188370790079e-08;3.4609348469636115e-05;1.1978070014927038e-09;-8.88219686194693e-05;0.0001063033136227;0.0001951252822421;3.4603647231737546e-05;0.3179314865860151;-0.0523316671748119;1.0575307703571198e-09;4.736649198369935e-11;9.053355813397678e-12;3.3083333360980922e-12;1.117258951490315e-09;0.945693990598276;0.0423573555307324;0.0080959386028899;0.002958468011089;21.864946722072222;105.19181753696547
SC4001E;SC4001E0-PSG.edf;SC4001EC-Hypnogram.edf;Fpz-Cz;100.0;96;31710.0;4;N3;3.314531473604699e-08;3.0113715324528064e-05;9.068358506467163e-10;-7.718991139002241e-05;9.67730180856884e-05;0.0001739629294757;3.0108714197748847e-05;0.3628924955196277;-0.0091347901147944;7.9475162807617e-10;5.599915095043773e-11;8.203782705883696e-12;3.406874894708375e-12;8.623614366272e-10;0.9205317661406556;0.0648617700243869;0.0095021416962199;0.0039460586843184;13.943218711577437;86.35054232300702
SC4001E;SC4001E0-PSG.edf;SC4001EC-Hypnogram.edf;Fpz-Cz;100.0;97;31740.0;4;N3;1.2202423330540764e-08;3.616532245463068e-05;1.3079305482474136e-09;-0.0001024460925049;0.0001326165183356;0.0002350626108406;3.615929645744138e-05;0.1106491591048928;0.1086453811905641;9.902222289503714e-10;5.658658386203577e-11;1.2285391092013098e-11;3.749505464205785e-12;1.0628437093686263e-09;0.9307967140568536;0.0531906927340097;0.0115481164985261;0.0035244890120476;17.19536326938088;74.53466910324323
SC4001E;SC4001E0-PSG.edf;SC4001EC-Hypnogram.edf;Fpz-Cz;100.0;98;31770.0;4;N3;-5.330405197496419e-07;3.598426715929236e-05;1.2948674829913267e-09;-0.0001112878257661;0.0001045031684176;0.0002157909941838;3.5982217728937875e-05;0.2143069273280038;-0.1255992744074525;1.0878926292382971e-09;4.4638287286887976e-11;1.4502314427147111e-11;3.1706622949392325e-12;1.1502038932472714e-09;0.9450042999503864;0.0387753095248609;0.0125975203108804;0.0027542143607554;23.8372799224403;70.17614268829547
SC4001E;SC4001E0-PSG.edf;SC4001EC-Hypnogram.edf;Fpz-Cz;100.0;99;31800.0;1;Acordado;1.555558726758181e-07;2.3886786957751668e-05;5.705785911650152e-10;-8.890055168017257e-05;9.605272489621584e-05;0.0001849532765763;2.3883312080421708e-05;-0.0514119366276254;1.277624175069163;2.8262811519898493e-10;6.967619405457687e-11;1.5467836496625178e-11;1.9770749243972158e-11;3.875428949941592e-10;0.7274051818737635;0.1793269030324806;0.0398098554777528;0.0508843412109475;3.998915320493016;17.162431461892705
SC4001E;SC4001E0-PSG.edf;SC4001EC-Hypnogram.edf;Fpz-Cz;100.0;100;31830.0;4;N3;8.64290184916719e-08;2.406068369071684e-05;5.789164996647272e-10;-8.780534446566917e-05;9.276579553390844e-05;0.0001805711399995;2.4056828499896023e-05;0.1060720209908662;1.1540108594992349;3.700488569725039e-10;3.718233862792732e-11;5.568974118518129e-12;4.066760291402655e-12;4.16866930010352e-10;0.8855662661875073;0.0889812903524243;0.0133271472771969;0.0097321898416366;9.691623673931874;56.33282310084392
SC4001E;SC4001E0-PSG.edf;SC4001EC-Hypnogram.edf;Fpz-Cz;100.0;101;31860.0;4;N3;4.9958877324071287e-08;2.495545587026289e-05;6.227747776926384e-10;-8.034125864360284e-05;8.585729237038024e-05;0.0001661985510139;2.495134629613196e-05;0.0581153223615962;0.5114953682147632;5.171812582523998e-10;4.4266701458495016e-11;8.366630135202767e-12;4.526358483650891e-12;5.743409483297484e-10;0.8989126530169806;0.0769399459346741;0.0145420383504626;0.007867262875676;11.425203109323142;55.21529630049857
SC4001E;SC4001E0-PSG.edf;SC4001EC-Hypnogram.edf;Fpz-Cz;100.0;102;31890.0;3;N2;-8.898717087022175e-08;2.026399756091068e-05;4.1062959714859405e-10;-6.335994487798136e-05;6.48988092985474e-05;0.0001282587541765;2.0260815366929108e-05;-0.0447345858215778;0.5156050277781787;2.9730966480764224e-10;2.9171113075466993e-11;1.0212176869978527e-11;5.4112199159917806e-12;3.4210417466907955e-10;0.86652884679819;0.0850211545913197;0.0297640705766056;0.0157713613400677;9.854116553936263;26.516676311422795
SC4001E;SC4001E0-PSG.edf;SC4001EC-Hypnogram.edf;Fpz-Cz;100.0;103;31920.0;3;N2;2.1905660254765954e-07;2.1264031925618712e-05;4.5215905373373175e-10;-7.699421040823203e-05;7.14316806739837e-05;0.0001484258910822;2.126161611553256e-05;-0.0672252917577118;0.4852763029704392;3.6392600813219817e-10;3.0990586205949306e-11;7.056796672270759e-12;3.3695443806314128e-12;4.0534293539104975e-10;0.8956129821279383;0.0762670727279289;0.0173666035696659;0.0082923660956199;11.376034368026636;45.1700623629649
SC4001E;SC4001E0-PSG.edf;SC4001EC-Hypnogram.edf;Fpz-Cz;100.0;104;31950.0;4;N3;-2.6589609153958124e-07;2.399436119097129e-05;5.757293689627895e-10;-7.23785728119352e-05;7.710531198187767e-05;0.0001494838847938;2.399183527587315e-05;0.2012495585484748;0.5044288274326059;3.94541865634517e-10;3.528721296516781e-11;7.687470975765964e-12;2.8947253361449407e-12;4.4041127491159567e-10;0.8938191841917371;0.0799418025111275;0.0174156651918453;0.0065578871693403;10.872751952960368;45.41504273627007
SC4001E;SC4001E0-PSG.edf;SC4001EC-Hypnogram.edf;Fpz-Cz;100.0;105;31980.0;4;N3;8.636836799538738e-08;2.403565187058572e-05;5.77712560843991e-10;-7.226803548566018e-05;7.24478700757409e-05;0.0001447159055614;2.403180079572412e-05;-0.0932259590061792;-0.210142087386445;4.498840439701941e-10;4.189932923131757e-11;1.5414465643255854e-11;4.023124906120978e-12;5.112209637508885e-10;0.8783007252881375;0.081799325284341;0.0300933908100498;0.0078542761636705;10.486971522197312;27.407778830438883
SC4001E;SC4001E0-PSG.edf;SC4001EC-Hypnogram.edf;Fpz-Cz;100.0;106;32010.0;4;N3;3.745843681635952e-07;2.675310561229408e-05;7.157286599025608e-10;-6.060574483774354e-05;8.950681093282589e-05;0.0001501125557705;2.6751269075157275e-05;0.4705753124899885;0.3267755053245116;5.9286230724549e-10;3.7003279313447725e-11;7.781155115668286e-12;2.8456182728317887e-12;6.404923599474376e-10;0.9241923119615448;0.0576831177170678;0.0121297705187102;0.0044359347834866;15.600293394567704;67.51529832193044
SC4001E;SC4001E0-PSG.edf;SC4001EC-Hypnogram.edf;Fpz-Cz;100.0;107;32040.0;4;N3;-2.308637809297098e-07;2.6970733312419483e-05;7.27420455409654e-10;-7.936363282920399e-05;9.399749022748608e-05;0.0001733611230566;2.6967226034760463e-05;0.206429223778688;0.5826951047003179;5.742513688773428e-10;3.5266407026829795e-11;1.0502884183593542e-11;4.216572602126047e-12;6.242372326898923e-10;0.918453570665972;0.0564048415272821;0.0167982385476438;0.0067439563443551;15.834250369839864;49.922381179529935
SC4001E;SC4001E0-PSG.edf;SC4001EC-Hypnogram.edf;Fpz-Cz;100.0;108;32070.0;4;N3;-5.393869649539644e-07;2.664970769030024e-05;7.102069199784476e-10;-7.072542412833607e-05;9.114003357561992e-05;0.0001618654577039;2.665072461747367e-05;-0.0167187075792241;0.322088656161374;5.357863063255363e-10;4.325231562675151e-11;8.447968580736315e-12;3.241333566774136e-12;5.907279240997981e-10;0.9054605748759172;0.0730949374960657;0.0142767786286041;0.0054777431227454;12.10753152094128;56.70915411572851
SC4001E;SC4001E0-PSG.edf;SC4001EC-Hypnogram.edf;Fpz-Cz;100.0;109;32100.0;4;N3;5.083131898465546e-07;2.8774803449853587e-05;8.279893135777061e-10;-7.34197990687909e-05;0.0001059099428706;0.0001793297419394;2.8774497379429912e-05;0.1805285688984159;0.387656111136323;5.750905678721148e-10;4.895902797857271e-11;1.103240398152786e-11;4.165243485539496e-12;6.39247243317755e-10;0.8982320093906239;0.0764689399127554;0.0172314743978561;0.0065056796870459;11.511244136270417;47.795151222897225
SC4001E;SC4001E0-PSG.edf;SC4001EC-Hypnogram.edf;Fpz-Cz;100.0;110;32130.0;4;N3;2.800395657439797e-08;3.0949833850328065e-05;9.57892215362913e-10;-7.810446040441096e-05;7.678688693664771e-05;0.000154891347341;3.094468778610273e-05;-0.1418112942363134;-0.3615960852581459;7.805810011363107e-10;6.106121313157196e-11;1.5433173968046606e-11;3.893042675011985e-12;8.609684309109417e-10;0.9055795701373666;0.0708392685182698;0.0179045698364342;0.0045164562127846;12.577598176842784;47.50031872443554
SC4001E;SC4001E0-PSG.edf;SC4001EC-Hypnogram.edf;Fpz-Cz;100.0;111;32160.0;4;N3;-9.262365411130141e-08;2.837039761701271e-05;8.048794609474003e-10;-7.194054428581376e-05;9.012185686187468e-05;0.0001620624011476;2.8365820046934167e-05;0.3250576883277295;-0.0907758367763733;6.703859887751267e-10;4.875793348280868e-11;8.266814573267415e-12;2.9144092263466305e-12;7.303251460575497e-10;0.9166729633037566;0.0666706645404639;0.0113038839397666;0.0039851073657971;13.472946761479642;72.34265706675872
SC4001E;SC4001E0-PSG.edf;SC4001EC-Hypnogram.edf;Fpz-Cz;100.0;112;32190.0;4;N3;1.2541116969813246e-07;2.8851665391548628e-05;8.324185958658848e-10;-8.206366853617572e-05;9.181570545435396e-05;0.0001738793739905;2.8847128989937302e-05;0.0329644231338932;0.00569242825601;6.83352948922688e-10;5.045475905112449e-11;9.127738037390563e-12;4.7317925216269055e-12;7.476672385328297e-10;0.9127592523774128;0.0673927700509523;0.012191982722896;0.0063202879438131;13.280655891201844;67.47340288619428
SC4001E;SC4001E0-PSG.edf;SC4001EC-Hypnogram.edf;Fpz-Cz;100.0;113;32220.0;4;N3;-6.009726080101314e-10;3.498998548941696e-05;1.224299084549609e-09;-9.615310301401644e-05;0.000108101123104;0.000204254226118;3.4984153344277566e-05;0.1453720881938893;-0.1077911199262198;1.077221226412998e-09;4.601845582847254e-11;1.0533510510064396e-11;4.360914764027383e-12;1.1381341075155624e-09;0.9456491727408676;0.0403977508221909;0.0092469450616642;0.0038282716102132;22.91060409007892;93.39924955831886
SC4001E;SC4001E0-PSG.edf;SC4001EC-Hypnogram.edf;Fpz-Cz;100.0;114;32250.0;3;N2;-1.9485016407972358e-07;2.252859843285881e-05;5.075377473490087e-10;-7.926756819169833e-05;8.59929342391763e-05;0.0001652605024308;2.252568610911406e-05;0.1029119435473968;0.9347918789908936;3.3990807394839477e-10;5.0700822820653685e-11;1.0519081163538023e-11;8.137913434802444e-12;4.0926589136738877e-10;0.8285067832851127;0.1235803996566013;0.0256396677980678;0.0198357055900487;6.574519618914202;29.508262779181067
SC4001E;SC4001E0-PSG.edf;SC4001EC-Hypnogram.edf;Fpz-Cz;100.0;115;32280.0;3;N2;1.0010279610013133e-07;2.490198260316225e-05;6.201087375681954e-10;-8.459450181702047e-05;9.248128418796693e-05;0.0001770757860049;2.4898033159779103e-05;0.0727630176778335;2.2227268276039567;4.838990581774021e-10;3.264570232104651e-11;5.872619550726209e-12;3.039605108504198e-12;5.25456985157679e-10;0.9191616253937056;0.0620101988223573;0.0111549845785924;0.005773700785058;14.38219519271878;70.40969671109906
SC4001E;SC4001E0-PSG.edf;SC4001EC-Hypnogram.edf;Fpz-Cz;100.0;116;32310.0;3;N2;-1.1716088622569957e-07;2.231808091025058e-05;4.980967355164914e-10;-7.362533107316952e-05;9.051908893193444e-05;0.0001641444200051;2.231466849282284e-05;0.1482033187591351;0.8635453510977724;3.616744362619951e-10;4.4670242773955285e-11;1.3493876528092692e-11;5.811518423579934e-12;4.2565007398762295e-10;0.8477074265607352;0.1046999531875181;0.0316275030775786;0.0136212760243152;7.919258017788551;24.953602686002
SC4001E;SC4001E0-PSG.edf;SC4001EC-Hypnogram.edf;Fpz-Cz;100.0;117;32340.0;3;N2;-5.935614788813088e-08;2.173884184012877e-05;4.725772445501331e-10;-7.673863657148699e-05;9.227982325307418e-05;0.0001690184598245;2.1735299444779727e-05;0.0543004647714027;1.1901157569690284;3.717120943064381e-10;3.9721252163295126e-11;7.592836165550043e-12;6.618617306305023e-12;4.256447999415884e-10;0.8712448724497027;0.0931014562201;0.0177966218423137;0.0155131793642186;9.12820884819175;43.25837094354098
SC4001E;SC4001E0-PSG.edf;SC4001EC-Hypnogram.edf;Fpz-Cz;100.0;118;32370.0;3;N2;2.430082443004618e-07;2.028485476249548e-05;4.114753327355355e-10;-7.647852364846722e-05;7.232320225956831e-05;0.000148801725908;2.0282929455532016e-05;-0.1557580881838105;1.2027314499917905;2.588303972487078e-10;7.358333213040553e-11;9.646486749933934e-12;4.901297962839862e-12;3.4696151409188714e-10;0.7438477727176396;0.21146974349288;0.0277228554287373;0.0140857473149905;3.470351750926798;24.311343575411293
SC4001E;SC4001E0-PSG.edf;SC4001EC-Hypnogram.edf;Fpz-Cz;100.0;119;32400.0;3;N2;-3.690328209758634e-08;1.9315500530284816e-05;3.73088560735433e-10;-7.464090527479125e-05;7.735049214631961e-05;0.0001519913974211;1.931231627055864e-05;0.089218988303344;1.3958365890401383;3.032939957312925e-10;2.885521240159509e-11;4.765322084407939e-12;3.430293171750338e-12;3.40344823389046e-10;0.8885267182904214;0.0845339094792936;0.0139604346042086;0.0100493487426955;10.158828939200186;52.60660051439933
SC4001E;SC4001E0-PSG.edf;SC4001EC-Hypnogram.edf;Fpz-Cz;100.0;120;32430.0;3;N2;7.69242959210144e-08;1.6313751036329022e-05;2.6613847287532616e-10;-8.751854019947731e-05;7.544645112278245e-05;0.0001629649913222;1.6311213241152157e-05;0.0272116083023347;2.556980860260614;1.85384716529077e-10;3.6199744244695776e-11;7.076806649522596e-12;4.915828711518249e-12;2.335770961348136e-10;0.7902933388796607;0.1543191762587573;0.030168361558434;0.0209561325147152;4.98349438398385;22.952724334441594
SC4001E;SC4001E0-PSG.edf;SC4001EC-Hypnogram.edf;Fpz-Cz;100.0;121;32460.0;4;N3;3.570021726771707e-08;2.428103172781298e-05;5.895685017670606e-10;-7.730635569216712e-05;9.275775592702035e-05;0.0001700641116191;2.427701080113965e-05;0.2780756701408154;1.0506840055664988;4.3043114355201503e-10;4.602768307687343e-11;1.0204823281276176e-11;6.605709156280491e-12;4.932693590664451e-10;0.8708432672520806;0.0931226713381718;0.0206462793901499;0.0133645936878569;9.152718471127187;38.414808761088366
SC4001E;SC4001E0-PSG.edf;SC4001EC-Hypnogram.edf;Fpz-Cz;100.0;122;32490.0;3;N2;-2.2731664967550625e-07;2.1518612655283493e-05;4.6305069060812684e-10;-8.406072327316641e-05;7.889783204280804e-05;0.0001629585553159;2.151622674255744e-05;0.0828126197297498;0.7403910556652873;3.5043352315008577e-10;4.8782370637397485e-11;1.415712556191409e-11;8.343730427169082e-12;4.2171674977656654e-10;0.8290031642590763;0.1154020290494336;0.0334908081342815;0.0197383482712224;7.039309672545673;23.12005147141052
SC4001E;SC4001E0-PSG.edf;SC4001EC-Hypnogram.edf;Fpz-Cz;100.0;123;32520.0;3;N2;2.978582880672855e-07;1.8795919594454908e-05;3.53286593401214e-10;-5.524217019714026e-05;7.032317307096068e-05;0.0001255653432681;1.8795147000307925e-05;0.307992784427861;0.6965530083096727;2.6421782619536943e-10;2.673644916314994e-11;1.0657470844367322e-11;6.267643460903786e-12;3.0787938966379037e-10;0.8554077579697554;0.0865595117636436;0.0345036645402847;0.0202915560916058;9.52601483489111;22.66510718515197
SC4001E;SC4001E0-PSG.edf;SC4001EC-Hypnogram.edf;Fpz-Cz;100.0;124;32550.0;4;N3;-4.8528093923724206e-08;2.3148298663554502e-05;5.358437310171192e-10;-7.026684781029255e-05;8.279458771572889e-05;0.000153061435526;2.314449116779225e-05;0.2194682373550644;0.7871054886459157;4.142457298295563e-10;3.9353883801392505e-11;1.0974344899413323e-11;6.635461399665779e-12;4.712094199300277e-10;0.8772500342982132;0.0833398956912464;0.0232404192636383;0.0140519462755508;10.26532494042771;34.59443780092321
SC4001E;SC4001E0-PSG.edf;SC4001EC-Hypnogram.edf;Fpz-Cz;100.0;125;32580.0;4;N3;-3.411098327909702e-07;2.2190123078951584e-05;4.924015622590198e-10;-6.803898364504302e-05;6.948625286762286e-05;0.0001375252365126;2.2189046494226835e-05;0.0766464381784654;0.1584688329254411;4.158485335181308e-10;3.4756063510719663e-11;9.585307206995096e-12;4.941305633223476e-12;4.6513120986906903e-10;0.8921276342661926;0.0745628328995225;0.0205635387720283;0.0106006753648;11.630154236454452;39.285447780233085
SC4001E;SC4001E0-PSG.edf;SC4001EC-Hypnogram.edf;Fpz-Cz;100.0;126;32610.0;4;N3;2.2700627361518595e-07;2.471685039759749e-05;6.109226935772151e-10;-7.529159132591232e-05;7.218480410990045e-05;0.0001474763954358;2.471377317464124e-05;0.0256395686031556;0.1068240342192088;4.928304330915106e-10;4.4540945070612006e-11;1.3525571642387247e-11;4.8915357327098976e-12;5.557884855372198e-10;0.8851304326381698;0.0799961677146331;0.0242921180910144;0.0087852674036358;10.821699732567444;33.92847078412915
SC4001E;SC4001E0-PSG.edf;SC4001EC-Hypnogram.edf;Fpz-Cz;100.0;127;32640.0;4;N3;-2.671631163482782e-07;2.08165861231542e-05;4.33330257822696e-10;-5.8606741195596734e-05;6.919693601312533e-05;0.0001278036772087;2.081483102343516e-05;-0.0600456445858265;-0.1490405640889962;3.3009110702801743e-10;4.4337759499508003e-11;8.773691401548299e-12;3.033307832212902e-12;3.862358657612866e-10;0.852429065110161;0.1144980706070243;0.0226572282613844;0.0078332305977122;7.280710618962094;33.77343252066727
SC4001E;SC4001E0-PSG.edf;SC4001EC-Hypnogram.edf;Fpz-Cz;100.0;128;32670.0;2;N1;2.5322264330997334e-07;1.6185744710054056e-05;2.6197833181904287e-10;-7.021982467649392e-05;6.795246390525631e-05;0.0001381722885817;1.6185027878119994e-05;0.1794102777426338;0.3871431216918815;1.3836936439036163e-10;3.833949896917665e-11;1.1738810060821346e-11;1.6464486511218643e-11;2.0491215993157823e-10;0.6719824824155108;0.1861934670682699;0.0570088238825817;0.0799587868763533;3.517313845272331;10.862032146622662
SC4001E;SC4001E0-PSG.edf;SC4001EC-Hypnogram.edf;Fpz-Cz;100.0;129;32700.0;3;N2;2.7117064018876585e-07;1.425757010561872e-05;2.0327830531663256e-10;-5.8800864437239305e-05;5.988850853807608e-05;0.0001186893729753;1.425777259594315e-05;-0.0379139406733934;1.2560998728312978;1.5177123149489611e-10;1.6375346139147225e-11;3.236373973587987e-12;4.154982972831831e-12;1.7553793458046314e-10;0.8597088883790085;0.0927582288648766;0.0183324563147242;0.0235359215157128;8.734860893099018;35.82573975789815
SC4001E;SC4001E0-PSG.edf;SC4001EC-Hypnogram.edf;Fpz-Cz;100.0;130;32730.0;3;N2;-6.413081910608566e-08;1.5726250413968402e-05;2.473149520828414e-10;-4.548090587786648e-05;4.297016160170315e-05;8.845106747956963e-05;1.5723759936078893e-05;-0.0385467263553895;-0.2307210068229208;2.0793195891597662e-10;1.6021902293062888e-11;3.4858271043597373e-12;3.135154411515404e-12;2.305748427249147e-10;0.8979039193949785;0.0691867134812011;0.0150527020264481;0.0135384067398012;12.215553546016844;46.35309254649813
SC4001E;SC4001E0-PSG.edf;SC4001EC-Hypnogram.edf;Fpz-Cz;100.0;131;32760.0;3;N2;-2.728925600521264e-07;2.116149747079117e-05;4.478089752063011e-10;-6.423632920647508e-05;7.737427555577398e-05;0.0001416106047622;2.1159730052560477e-05;0.4180991026024008;0.8856797106805954;3.72177898410629e-10;4.2059226154591255e-11;1.1730899535573894e-11;5.818761101455938e-12;4.3178678520225007e-10;0.8599567064800804;0.0971823253220084;0.0271054938290035;0.0134448677741782;8.64339496196322;29.2342184753445
SC4001E;SC4001E0-PSG.edf;SC4001EC-Hypnogram.edf;Fpz-Cz;100.0;132;32790.0;3;N2;1.2310361580754437e-07;1.944597199922152e-05;3.7814582699450725e-10;-8.201493723442423e-05;9.414710976310382e-05;0.0001761620469975;1.9443120451350757e-05;0.1294197714687461;2.6593797780627177;2.8808961505674865e-10;2.863456861145768e-11;8.334413594813243e-12;3.669859737795664e-12;3.2872845700081523e-10;0.8737177787964973;0.0868428793556841;0.0252765978120979;0.0111299454441282;9.721404041136063;30.863172295775325
SC4001E;SC4001E0-PSG.edf;SC4001EC-Hypnogram.edf;Fpz-Cz;100.0;133;32820.0;3;N2;1.849816893251549e-08;2.1296990879242868e-05;4.5356182051055384e-10;-8.330002958284303e-05;9.471388889793574e-05;0.0001780139184807;2.1293449119842097e-05;0.3976548899522122;2.9208817421219653;3.855873212169499e-10;3.589933405600101e-11;9.696430521882264e-12;3.431627481097416e-12;4.3461471327593053e-10;0.885156789855048;0.0824107473001293;0.0222591896608879;0.0078776666088496;10.449709488842144;36.04822379093036
SC4001E;SC4001E0-PSG.edf;SC4001EC-Hypnogram.edf;Fpz-Cz;100.0;134;32850.0;4;N3;-2.3004262541076877e-07;1.978901239945104e-05;3.916050117456271e-10;-5.51220259204893e-05;7.69409852988527e-05;0.0001320630112193;1.9787051229306952e-05;0.1985548200921962;0.4178383768527305;3.28905962555332e-10;2.454074822594616e-11;8.088225968322637e-12;4.60779750519135e-12;3.661427342547922e-10;0.8958531161536636;0.0668425272687412;0.0220301948361846;0.0125504254211758;12.877694875877022;36.1903372233202
SC4001E;SC4001E0-PSG.edf;SC4001EC-Hypnogram.edf;Fpz-Cz;100.0;135;32880.0;4;N3;9.711054237690245e-08;2.4657856732133195e-05;6.080098986224063e-10;-8.472181899189937e-05;8.900343789856345e-05;0.0001737252568904;2.465393800417369e-05;0.147243909014259;0.7181544639992605;4.924111041969011e-10;4.4323061172577656e-11;1.937214089470182e-11;5.169559476035855e-12;5.612758657402167e-10;0.8757464693041006;0.0788279630572937;0.0344530897999669;0.009193991403544;10.864471451342093;24.17080790585748
SC4001E;SC4001E0-PSG.edf;SC4001EC-Hypnogram.edf;Fpz-Cz;100.0;136;32910.0;3;N2;6.605765058698848e-08;2.080195541368125e-05;4.3272134903278267e-10;-6.841666046221285e-05;8.260863462136095e-05;0.0001510252950835;2.079859303405656e-05;-0.0481768010696521;0.7664001947487407;3.3632608045884735e-10;3.1718475632042586e-11;7.941728829687598e-12;4.275029365469186e-12;3.8026131428604656e-10;0.8821405892928179;0.0831935327386648;0.0208301459710365;0.0112128590163275;10.279393338529164;37.61309326919029
SC4001E;SC4001E0-PSG.edf;SC4001EC-Hypnogram.edf;Fpz-Cz;100.0;137;32940.0;4;N3;-1.4149531014351597e-07;2.4199932397627355e-05;5.85636728049734e-10;-6.55049079937075e-05;9.39720921120869e-05;0.0001594770001057;2.419631246140295e-05;0.0647395910613111;0.3211716792576222;4.6349267867295364e-10;2.9606631249303456e-11;1.3413098556684349e-11;5.634573405226366e-12;5.121469818841677e-10;0.9032357103048838;0.0576962006881422;0.0261389017770976;0.0109804278387011;15.143537846345035;32.157740186824725
SC4001E;SC4001E0-PSG.edf;SC4001EC-Hypnogram.edf;Fpz-Cz;100.0;138;32970.0;3;N2;2.948675448496218e-07;2.3977724214028276e-05;5.749312584839978e-10;-8.918959330834693e-05;9.11638409497272e-05;0.000180353434258;2.3975540903182464e-05;0.1724596462422867;0.4806487211655303;4.163411080682007e-10;5.1636997457223806e-11;1.2260512932143439e-11;3.408496543755387e-12;4.83647115001323e-10;0.8590603248862092;0.1065455583225391;0.0252978147452914;0.0070329450815901;7.909666739759349;31.39705908803808
SC4001E;SC4001E0-PSG.edf;SC4001EC-Hypnogram.edf;Fpz-Cz;100.0;139;33000.0;4;N3;-5.4838085322757817e-08;2.9587631834887317e-05;8.754279575968371e-10;-8.647201664005005e-05;8.481595727909431e-05;0.0001712879739191;2.9582750979130392e-05;0.0618855107478334;-0.1219034361272157;6.775329941823662e-10;3.8550410769134935e-11;1.1590798933231355e-11;3.6313209361007473e-12;7.313055248208335e-10;0.92520535653221;0.0526425234584522;0.0158278184997541;0.0049587512493357;17.13087123512537;53.81175553476028
SC4001E;SC4001E0-PSG.edf;SC4001EC-Hypnogram.edf;Fpz-Cz;100.0;140;33030.0;4;N3;-7.750242102975993e-09;2.4854146389657703e-05;6.177285927585352e-10;-6.957541657173014e-05;8.879956769662921e-05;0.0001583749842683;2.485000489524838e-05;0.2612060249766174;0.1948491701781511;5.219541102187256e-10;3.7160654613547145e-11;8.769860244688925e-12;3.035276883715788e-12;5.709199019606778e-10;0.9126349833767676;0.064975277982374;0.0153340707582018;0.0053071712897385;13.677808085436522;53.42493107846344
SC4001E;SC4001E0-PSG.edf;SC4001EC-Hypnogram.edf;Fpz-Cz;100.0;141;33060.0;4;N3;-1.4679134122540322e-07;2.6431601421486e-05;6.986295537043009e-10;-7.090844043892728e-05;8.185720387889837e-05;0.0001527656443178;2.6427603464640115e-05;0.150683324077194;0.0635411189828318;5.569475254605253e-10;4.922316529133981e-11;1.1801001695040983e-11;3.9790750942831436e-12;6.21950767541189e-10;0.8940474183197799;0.079016140369528;0.0189437148325862;0.0063874631858769;11.089454880625818;43.508120593116
SC4001E;SC4001E0-PSG.edf;SC4001EC-Hypnogram.edf;Fpz-Cz;100.0;142;33090.0;4;N3;-2.1460463544773326e-07;2.4868126199579558e-05;6.18423700678215e-10;-5.460004023692668e-05;8.191405549729494e-05;0.0001365140957342;2.486490729108418e-05;0.3972966975037247;0.0172134203306217;4.82347087753066e-10;4.588248446128498e-11;1.1624252773630644e-11;3.6127652541607082e-12;5.434665902421423e-10;0.8859075954294094;0.0842705232673312;0.0213497999362292;0.0066354213810511;10.28842846738173;38.20797130746507
SC4001E;SC4001E0-PSG.edf;SC4001EC-Hypnogram.edf;Fpz-Cz;100.0;143;33120.0;4;N3;3.5219956361351e-07;2.90669450023902e-05;8.448872917719765e-10;-8.713146130676968e-05;9.488318013551906e-05;0.0001820146414422;2.906423415827998e-05;0.0652717709986498;-0.0252318973189717;7.007834494780837e-10;4.020434069357887e-11;1.2367225370932063e-11;3.150326148552752e-12;7.565053416911472e-10;0.92512014227328;0.0530746629506556;0.0163262549981785;0.0041588170738434;17.00751517150937;52.4254981891743
SC4001E;SC4001E0-PSG.edf;SC4001EC-Hypnogram.edf;Fpz-Cz;100.0;144;33150.0;4;N3;-1.5813009431942348e-07;2.9639100704459496e-05;8.784762905690913e-10;-8.511450552688659e-05;9.853179262479164e-05;0.0001836462981516;2.9634582336615294e-05;0.1838325925896043;0.2374553643373467;6.99001132621297e-10;3.636818609052021e-11;1.0907191261538346e-11;3.195361604540425e-12;7.49471871577896e-10;0.9314154988269184;0.0484604253242092;0.0145337775799718;0.0042578032909108;18.70578172909024;58.70411562793608
SC4001E;SC4001E0-PSG.edf;SC4001EC-Hypnogram.edf;Fpz-Cz;100.0;145;33180.0;4;N3;-1.8515463466600476e-07;3.1213198238720904e-05;9.742637442896898e-10;-8.125450156889366e-05;8.763113138184993e-05;0.0001688856329507;3.12085448546868e-05;0.0461768438669876;-0.0691955717051406;8.652648710412157e-10;4.6223019841152185e-11;1.0207434009827427e-11;2.7328135627327948e-12;9.244281384549279e-10;0.9349887204487218;0.0499477138422924;0.0110299585518001;0.0029530262255645;18.322946604257325;77.2045474711244
SC4001E;SC4001E0-PSG.edf;SC4001EC-Hypnogram.edf;Fpz-Cz;100.0;146;33210.0;4;N3;3.086501885522572e-07;3.592305622646167e-05;1.2904659686495266e-09;-8.475015955428778e-05;0.0001154763557454;0.0002002265152997;3.591839470613263e-05;0.4820384502274436;0.0359817464158918;1.0377388731395255e-09;4.492874626383101e-11;1.0171431221170839e-11;2.670036500286143e-12;1.0955090871248132e-09;0.9464024378134512;0.0409743492246287;0.0092761941880861;0.0024350336277534;22.594539532570412;92.89220446283728
SC4001E;SC4001E0-PSG.edf;SC4001EC-Hypnogram.edf;Fpz-Cz;100.0;147;33240.0;4;N3;1.1540233376659861e-07;3.208194196792634e-05;1.0292510004333935e-09;-9.340272174115786e-05;9.773485979324376e-05;0.0001911375815344;3.20768021234228e-05;0.0874251778054884;0.0899636321456589;8.223417907975471e-10;5.6912459552570697e-11;1.1767793770894323e-11;3.338226447750936e-12;8.94360270568763e-10;0.9184479341206055;0.0635637535228338;0.0131430823521117;0.0037283611496748;14.19973865988297;64.4075088894505
SC4001E;SC4001E0-PSG.edf;SC4001EC-Hypnogram.edf;Fpz-Cz;100.0;148;33270.0;4;N3;-7.317911506768557e-07;3.045439710944683e-05;9.274703032998833e-10;-7.796848816909714e-05;8.957076498848388e-05;0.0001675392531575;3.0458113283989305e-05;0.1178381591904741;-0.0576964333600016;7.043487206781776e-10;5.7921563826731695e-11;1.5151436640877323e-11;3.2890572125952426e-12;7.807107783583819e-10;0.9010349353981444;0.0740959002105214;0.0193824072282792;0.0042075116573195;11.954005883982104;43.60904459084195
SC4001E;SC4001E0-PSG.edf;SC4001EC-Hypnogram.edf;Fpz-Cz;100.0;149;33300.0;3;N2;3.11200615200987e-07;2.598715263196352e-05;6.753321019169683e-10;-8.973380491545784e-05;8.68927794077675e-05;0.0001766265843232;2.598468466307088e-05;0.0876152690473628;0.7232351298968016;4.743379711632908e-10;2.6390979160460885e-11;5.452550533652158e-12;2.787198561207235e-12;5.08968699418611e-10;0.930131538865148;0.0517501940620039;0.0106919317594752;0.0054654306516944;17.317306124200254;73.51170187501258
SC4001E;SC4001E0-PSG.edf;SC4001EC-Hypnogram.edf;Fpz-Cz;100.0;150;33330.0;4;N3;2.5087085483711736e-07;2.4173361203056848e-05;5.84351391853454e-10;-6.818088153776393e-05;8.55955442571377e-05;0.0001537764257949;2.4170633923047536e-05;0.1939462729513212;0.7667479549662342;3.6776487319507896e-10;2.5856775750591748e-11;5.606806574820616e-12;3.036520361035451e-12;4.0226497588152674e-10;0.9119682967536532;0.0641185753711179;0.01390352971409;0.007529839045401;13.693560113483684;55.66454368388472
SC4001E;SC4001E0-PSG.edf;SC4001EC-Hypnogram.edf;Fpz-Cz;100.0;151;33360.0;4;N3;-5.396647754617009e-08;2.4172983550418625e-05;5.843331337288094e-10;-7.753468797913107e-05;8.21694686689884e-05;0.0001597041566481;2.416901463440877e-05;0.0541420211918448;0.1833905143472605;4.624990148214711e-10;3.4770303385574365e-11;1.196348179676602e-11;5.338490612762128e-12;5.145712906165737e-10;0.8970612274945852;0.0674403404890765;0.0232043211375459;0.0103545149039967;12.929692259976472;35.67706747864991
SC4001E;SC4001E0-PSG.edf;SC4001EC-Hypnogram.edf;Fpz-Cz;100.0;152;33390.0;4;N3;-7.7451585553301e-08;2.529196751637651e-05;6.396836208494445e-10;-7.637125014292838e-05;9.041385242152314e-05;0.0001667851025644;2.528787044659816e-05;0.3385199836992992;0.3243471208506969;5.405012927991543e-10;3.4408501338164897e-11;9.577316596285034e-12;4.196530339837731e-12;5.88683641073442e-10;0.9165953659749528;0.0583507815742161;0.0162414486839939;0.0071165792088084;15.2647322640729;51.10003920928198
SC4001E;SC4001E0-PSG.edf;SC4001EC-Hypnogram.edf;Fpz-Cz;100.0;153;33420.0;4;N3;3.223049552973273e-07;2.360678239991752e-05;5.572801752770555e-10;-6.050661947211509e-05;7.631132217929927e-05;0.0001368179416514;2.360504809787176e-05;0.4361898880248127;0.166016557529121;3.9144454949373036e-10;3.729987794748466e-11;1.284795605095703e-11;3.940312879704447e-12;4.4553269637187654e-10;0.8766313254869286;0.0835322435524877;0.0287727106107749;0.0088242426852946;10.220516891214752;28.267315988967034
SC4001E;SC4001E0-PSG.edf;SC4001EC-Hypnogram.edf;Fpz-Cz;100.0;154;33450.0;4;N3;-2.133711281548795e-07;2.8120264797906335e-05;7.907492923043703e-10;-8.845989497448627e-05;9.683990537378996e-05;0.0001852998003482;2.8116387329194085e-05;0.1947048751011521;0.1021437548304562;6.020046114445636e-10;4.41203640938228e-11;1.2254120273349344e-11;3.777075343279663e-12;6.621561711550153e-10;0.9077870909292084;0.0665308806777423;0.0184784833593667;0.0056956046065305;13.342193121331238;45.42018625370719
SC4001E;SC4001E0-PSG.edf;SC4001EC-Hypnogram.edf;Fpz-Cz;100.0;155;33480.0;4;N3;1.1739529097441836e-08;2.901792417814754e-05;8.420399236087195e-10;-7.266626282858021e-05;0.0001189994959261;0.0001916657587547;2.901308982943262e-05;0.5367520792898045;0.7810498272236162;6.775523019296939e-10;4.555649100531812e-11;1.4141109163348103e-11;2.7329300321118256e-12;7.399828321304721e-10;0.9143967613684072;0.0614811693738358;0.0190842601881741;0.0036882501369891;14.553336974049389;44.74918545398486
SC4001E;SC4001E0-PSG.edf;SC4001EC-Hypnogram.edf;Fpz-Cz;100.0;156;33510.0;4;N3;6.98395386408767e-08;3.565783100969869e-05;1.2714809123162295e-09;-9.345114801128294e-05;0.0001018741926675;0.0001953253406788;3.5651955947838474e-05;0.366513048410893;0.0618406129523654;9.364634778255716e-10;4.268503232663172e-11;1.2020947390957572e-11;2.998231945688886e-12;9.941676894888499e-10;0.941010733886034;0.0428923012447843;0.0120793184082693;0.0030127906857877;21.436712483664;71.91976510679252
SC4001E;SC4001E0-PSG.edf;SC4001EC-Hypnogram.edf;Fpz-Cz;100.0;157;33540.0;4;N3;1.614001449534476e-07;3.235620245740914e-05;1.046923837464849e-09;-8.073399288876345e-05;0.0001039062484957;0.0001846402413845;3.2351211922571806e-05;0.4124643475632246;0.133674480453894;8.891512197053138e-10;5.5223894196676715e-11;1.2262464584402195e-11;2.347733303485119e-12;9.589853117898776e-10;0.9262133584601469;0.0575257699450761;0.0127735960475676;0.0024455929425709;15.814472341509738;67.04268381240637
SC4001E;SC4001E0-PSG.edf;SC4001EC-Hypnogram.edf;Fpz-Cz;100.0;158;33570.0;4;N3;-2.369609780107778e-07;3.454527552065547e-05;1.193376060797998e-09;-8.329554180583945e-05;8.884379655250092e-05;0.0001721393383583;3.45403303296716e-05;0.0869071906069098;-0.6501096038941143;9.023001982328527e-10;5.1843449012413996e-11;1.0944039230655939e-11;3.33407761209354e-12;9.684217640880162e-10;0.93076123484982;0.0534787343681991;0.0112892444094769;0.0034392436147027;17.07496794959171;75.54397476500087
SC4001E;SC4001E0-PSG.edf;SC4001EC-Hypnogram.edf;Fpz-Cz;100.0;159;33600.0;4;N3;-5.427334191136928e-08;3.69451604449292e-05;1.364944880301561e-09;-9.18896652193354e-05;0.0001057996254836;0.0001976892907029;3.693904227603142e-05;0.1499121784104276;-0.495699753681444;1.1949474108569731e-09;4.446642199624997e-11;1.1687026487242209e-11;2.443143484520279e-12;1.2535440028249852e-09;0.952495415199616;0.0354442904323167;0.0093157565306002;0.0019474354658097;26.28197598120941;94.18656231691368
SC4001E;SC4001E0-PSG.edf;SC4001EC-Hypnogram.edf;Fpz-Cz;100.0;160;33630.0;4;N3;-2.764954036255897e-07;3.0940266388326727e-05;9.573000841806204e-10;-8.128487152318473e-05;9.496496284222717e-05;0.0001762498343654;3.0936344869114484e-05;0.0693667626631134;-0.3320521589503094;8.370345680182636e-10;4.0377317769636814e-11;1.1968229891053984e-11;2.6429009020948285e-12;8.920230165810493e-10;0.9373045850742592;0.0452141960732679;0.0134019276870091;0.0029594991988148;20.22930951393108;64.54501308584022
SC4001E;SC4001E0-PSG.edf;SC4001EC-Hypnogram.edf;Fpz-Cz;100.0;161;33660.0;4;N3;6.686798181751153e-08;3.341873690123632e-05;1.116811976074054e-09;-9.302439262112044e-05;9.474976190113995e-05;0.0001877741545222;3.341323355711558e-05;0.2569388983621326;-0.4427108835091866;9.807162496253994e-10;5.074825903037821e-11;1.2929334178104871e-11;1.9862699431785648e-12;1.046380112777061e-09;0.9363517959349958;0.0484525707632756;0.012344452620762;0.0018964174695966;18.95167621097517;70.40654184081245
SC4001E;SC4001E0-PSG.edf;SC4001EC-Hypnogram.edf;Fpz-Cz;100.0;162;33690.0;4;N3;4.772322667081388e-07;3.393217501063981e-05;1.1513925009526888e-09;-7.627939861699006e-05;0.00010023568001;0.000176515078627;3.3929875538951784e-05;0.1493102019213726;-0.3141894809632681;8.97816776240272e-10;4.4779119692127934e-11;1.803758760744652e-11;2.4870849140338586e-12;9.631205684538803e-10;0.931228733850231;0.0464455599821278;0.0187088505293198;0.0025796409654679;19.61192749616499;47.16021770999455
SC4001E;SC4001E0-PSG.edf;SC4001EC-Hypnogram.edf;Fpz-Cz;100.0;163;33720.0;4;N3;-2.81666979917675e-07;3.807293090524343e-05;1.4495480677154402e-09;-9.402849658985453e-05;0.0001092824628533;0.0002033109594431;3.806762694618326e-05;0.263924479364157;-0.0741469193973438;1.2103700389302782e-09;5.0811471852211285e-11;1.3787848906933632e-11;2.3389085273863576e-12;1.2773082682168095e-09;0.9468530158368588;0.0397489972611155;0.0107860124586123;0.0018296905257829;23.36104332999412;81.84895900327788
SC4001E;SC4001E0-PSG.edf;SC4001EC-Hypnogram.edf;Fpz-Cz;100.0;164;33750.0;4;N3;2.437478621408184e-07;4.190178282261977e-05;1.7557594037139931e-09;-0.0001141633429786;0.0001183787003119;0.0002325420432905;4.18955076780282e-05;0.1356613791733974;-0.393669071151618;1.641323560540159e-09;4.909099522600704e-11;1.3088894576249247e-11;3.171469161356291e-12;1.706674919503772e-09;0.96114520497678;0.0287472718989585;0.0076647460396342;0.0018571855363887;32.76683869295515;116.49768203298694
SC4001E;SC4001E0-PSG.edf;SC4001EC-Hypnogram.edf;Fpz-Cz;100.0;165;33780.0;4;N3;1.942990476183177e-07;3.502394507788549e-05;1.226676728818739e-09;-0.0001014854402502;9.806314272113286e-05;0.0001995485829713;3.501864630015994e-05;0.0867484670033223;-0.2771114975443525;1.0212263558832047e-09;3.5305841841855593e-11;9.717383957070372e-12;2.4621915026006527e-12;1.068711773184732e-09;0.9546743164682788;0.0330050044571758;0.0090841142452231;0.002301733573774;28.12843068979253;95.28690583204224
SC4001E;SC4001E0-PSG.edf;SC4001EC-Hypnogram.edf;Fpz-Cz;100.0;166;33810.0;4;N3;-3.07931722531995e-08;3.682674389089231e-05;1.356209065605374e-09;-0.000100205879969;9.224345117203452e-05;0.000192449331141;3.682061846488046e-05;-0.0324442308573574;-0.4189125978591637;1.071075992052529e-09;4.5650117911058376e-11;1.5482811880470488e-11;2.4194441590232448e-12;1.1346283660030807e-09;0.9431571314322236;0.0401981134653469;0.0136336959730613;0.0021304893673435;22.959770307432198;64.9813878736057
SC4001E;SC4001E0-PSG.edf;SC4001EC-Hypnogram.edf;Fpz-Cz;100.0;167;33840.0;4;N3;-5.605014855588701e-07;3.7866616432361806e-05;1.4338806400356132e-09;-8.736974443362573e-05;0.0001120445046563;0.0001994142490899;3.786445353808215e-05;0.3021077008524675;-0.1760035949575731;1.215803153099689e-09;3.6509077696616126e-11;1.175039150812582e-11;5.068300777774991e-12;1.2691309230822062e-09;0.9572266378251142;0.0287443420462672;0.0092513230680277;0.0039903766498935;32.413571000957255;95.35418205196744
SC4001E;SC4001E0-PSG.edf;SC4001EC-Hypnogram.edf;Fpz-Cz;100.0;168;33870.0;4;N3;1.701821825774642e-07;4.124066397310772e-05;1.7007923649427843e-09;-0.0001028971817221;0.0001187897998999;0.000221686981622;4.1234141146988105e-05;0.0703376759952898;-0.2232940036355617;1.4219452652561701e-09;4.2785502085588627e-11;1.4464252253991566e-11;2.51614623897156e-12;1.4817111658347214e-09;0.959017034484702;0.0288562621442873;0.0097552730344811;0.0016969901467997;32.47525316659969;91.95047014892968
SC4001E;SC4001E0-PSG.edf;SC4001EC-Hypnogram.edf;Fpz-Cz;100.0;169;33900.0;4;N3;-1.2091018117537638e-07;3.475204668704633e-05;1.2077047489386474e-09;-8.015581686642354e-05;9.281896196687296e-05;0.0001729747788332;3.474646456779327e-05;0.1401300178583333;-0.595557777493088;1.042915852842891e-09;4.3574572040657446e-11;1.1962343936380386e-11;2.219663112472186e-12;1.1006724319324012e-09;0.9466660166974974;0.0395531110497382;0.0108583491695418;0.0020148122510234;23.397102991625463;80.45735076630869
SC4001E;SC4001E0-PSG.edf;SC4001EC-Hypnogram.edf;Fpz-Cz;100.0;170;33930.0;4;N3;5.626531205021763e-07;3.882594950624346e-05;1.507454355061367e-09;-0.000111442784267;0.0001108284846703;0.0002222712689374;3.882355533449194e-05;-0.041078987008241;-0.3358709624964104;1.2828721990637002e-09;4.8869588630786056e-11;1.2380129699454147e-11;2.8686888796266867e-12;1.3469906062735674e-09;0.9516922396144266;0.0362536566674473;0.0091841364782787;0.0021281223075856;25.72453942946189;95.8789061002926
SC4001E;SC4001E0-PSG.edf;SC4001EC-Hypnogram.edf;Fpz-Cz;100.0;171;33960.0;4;N3;-2.0294970410627297e-07;3.667569788382775e-05;1.3451068152658076e-09;-8.490013127532709e-05;0.0001015634204877;0.000186463551763;3.667014637153474e-05;0.1966058679913625;-0.4246847478368361;1.1199402584841312e-09;3.176066935617855e-11;8.943242114376864e-12;2.071384426568711e-12;1.1627155543812555e-09;0.9623831650850456;0.0272924678514464;0.0076850756877027;0.001779974856201;34.18551209402913;112.633308693632
SC4001E;SC4001E0-PSG.edf;SC4001EC-Hypnogram.edf;Fpz-Cz;100.0;172;33990.0;4;N3;-3.720766662451034e-07;4.310992719186494e-05;1.8584658224878963e-09;-9.87471555350992e-05;0.000119000655684;0.0002177478112191;4.310434751769205e-05;0.1704053219260316;-0.2362888690790274;1.3426782177486231e-09;4.4747964866795696e-11;1.4079791487674883e-11;2.2850660507311277e-12;1.4037910401538244e-09;0.955785009563842;0.0318538228019277;0.0100226945397752;0.0016266234517561;29.34946334024033;89.03824823082134
SC4001E;SC4001E0-PSG.edf;SC4001EC-Hypnogram.edf;Fpz-Cz;100.0;173;34020.0;4;N3;4.6471189382174724e-07;3.908178207866336e-05;1.5273856904441324e-09;-8.88450258906779e-05;0.0001083153530569;0.0001971603789476;3.907803115594375e-05;0.3244360939736164;-0.4704540628169753;1.3772752079759447e-09;3.796681394208189e-11;1.0647984586714156e-11;2.373050599311168e-12;1.4282630571040516e-09;0.9636261156617004;0.0265639091092227;0.0074499823764345;0.0016603315866285;35.34482470193868;118.2415033023724
SC4001E;SC4001E0-PSG.edf;SC4001EC-Hypnogram.edf;Fpz-Cz;100.0;174;34050.0;4;N3;-3.447748874050574e-07;3.5982484563718884e-05;1.2947391953782679e-09;-9.634807848251788e-05;9.910329310984066e-05;0.0001954513715923;3.5978138992580764e-05;-0.0208411571908203;-0.3428913298243339;1.0596079132855711e-09;3.99962664695656e-11;1.1921187280796058e-11;2.175043084374551e-12;1.1137004101203074e-09;0.9505764092893888;0.0358807318149715;0.0106945213014763;0.0019512355648454;25.846449068043604;82.00546050906632
SC4001E;SC4001E0-PSG.edf;SC4001EC-Hypnogram.edf;Fpz-Cz;100.0;175;34080.0;4;N3;2.933599934656153e-07;3.5858365324888065e-05;1.2858223637731347e-09;-8.412887731802796e-05;0.0001206273083635;0.0002047561856815;3.585358861263834e-05;0.4040376808929879;0.0935173832200382;1.0039339073604755e-09;4.437188216978496e-11;1.5242287521917355e-11;1.9658604369883845e-12;1.0655139374891662e-09;0.9413228201442736;0.041604596630258;0.0142916908876047;0.001843258084012;22.126785562998688;61.809883983753295
SC4001E;SC4001E0-PSG.edf;SC4001EC-Hypnogram.edf;Fpz-Cz;100.0;176;34110.0;4;N3;-3.768997517061703e-07;4.403620860514943e-05;1.939187668316236e-09;-0.0001161517866801;0.0001057982679983;0.0002219500546784;4.40304817808031e-05;0.0477152893199749;-0.5221869938255299;1.5730167728523172e-09;3.745947345019646e-11;1.748885930816184e-11;2.292266140678072e-12;1.6302573717513535e-09;0.9642971122107432;0.0229635581109921;0.0107210913562863;0.0014052142723603;40.90063206115688;85.07916830531101
SC4001E;SC4001E0-PSG.edf;SC4001EC-Hypnogram.edf;Fpz-Cz;100.0;177;34140.0;4;N3;-8.473222390714813e-08;3.990501562238592e-05;1.5924102718228646e-09;-0.0001076043606744;0.0001143388335084;0.0002219431941829;3.989845420500263e-05;0.2509547628653522;-0.1854642468144112;1.3388938680424988e-09;4.312634820530126e-11;1.2447562214786889e-11;2.546904450922866e-12;1.39701468291351e-09;0.9577108770075278;0.0308482798731587;0.0089037421186777;0.0018218009310281;30.342276723493885;99.5640582774368
SC4001E;SC4001E0-PSG.edf;SC4001EC-Hypnogram.edf;Fpz-Cz;100.0;178;34170.0;4;N3;-9.250225274869736e-08;3.939457975380556e-05;1.5519329139789468e-09;-9.996416669213796e-05;0.0001216527566355;0.0002216169233276;3.938812206331223e-05;0.1831294888413382;-0.208216664003054;1.2476842315549064e-09;4.279846511336514e-11;1.6937676179236983e-11;2.2557154687712817e-12;1.3096760883162794e-09;0.9519394171276188;0.032653731532056;0.0129228543422925;0.0017210319840877;28.486939629630413;69.55662590225104
SC4001E;SC4001E0-PSG.edf;SC4001EC-Hypnogram.edf;Fpz-Cz;100.0;179;34200.0;4;N3;1.784641635194903e-07;3.746067096779224e-05;1.4033018693571923e-09;-0.000108994723705;0.000101894186508;0.000210888910213;3.745485217598739e-05;0.1705111480099488;-0.4585789894880605;1.1447101289188375e-09;5.696672564180732e-11;1.7481317373504938e-11;2.3274070107883524e-12;1.2214855789449384e-09;0.9363792494851148;0.0465990982821836;0.0142998147991178;0.0019038318740716;19.74771071238909;61.938773399341606
SC4001E;SC4001E0-PSG.edf;SC4001EC-Hypnogram.edf;Fpz-Cz;100.0;180;34230.0;4;N3;1.770418843381329e-07;3.595850003087547e-05;1.2930137244704706e-09;-8.8436201182491e-05;0.0001063380606295;0.000194774261812;3.595294235141899e-05;0.244490296302323;-0.3099070141538451;9.870894062413376e-10;3.7628193270591207e-11;1.4097496302302052e-11;2.3139919544672853e-12;1.0411290877686983e-09;0.947185351437406;0.0361070367502714;0.0135275912243138;0.0022204465661943;25.553600172981383;65.381000033153
SC4001E;SC4001E0-PSG.edf;SC4001EC-Hypnogram.edf;Fpz-Cz;100.0;181;34260.0;4;N3;1.6661251684207617e-07;3.807409155000779e-05;1.4496364473583746e-09;-8.841786901332769e-05;9.498439425041096e-05;0.0001834022632637;3.806810994704129e-05;0.0429176720455647;-0.5109669142399427;1.26232961835228e-09;3.989611230718181e-11;1.1832430918438414e-11;1.9697728796584458e-12;1.316027934457559e-09;0.9584683705833412;0.0302925331068347;0.0089841913059435;0.0014956196661612;30.866738844772808;98.37026408912816
SC4001E;SC4001E0-PSG.edf;SC4001EC-Hypnogram.edf;Fpz-Cz;100.0;182;34290.0;4;N3;-6.680497401206301e-07;3.955367556069721e-05;1.564493250360896e-09;-0.0001149042726577;0.0001050167889493;0.0002199210616071;3.955272485007892e-05;0.0983319315425706;0.0010221091515423;1.203389054443038e-09;3.8038463928018223e-11;1.260630958663834e-11;1.917755077105489e-12;1.2559515830347991e-09;0.957386959597569;0.0302624734647118;0.0100292722144487;0.0015257191311022;30.825727586565097;88.44345682276621
SC4001E;SC4001E0-PSG.edf;SC4001EC-Hypnogram.edf;Fpz-Cz;100.0;183;34320.0;4;N3;2.87755316651851e-07;4.310044250670347e-05;1.8576481442736515e-09;-9.20861939069958e-05;0.0001215824776159;0.0002136686715229;4.309421923353319e-05;0.3307359719287223;-0.3482894687964375;1.4802979060127268e-09;4.632737818949795e-11;1.3384632847677655e-11;1.7400694959315622e-12;1.5417499865458335e-09;0.9595189881200809;0.0300290899974165;0.0086758275575457;0.001127901157742;31.27783457781332;102.90828564677028
SC4001E;SC4001E0-PSG.edf;SC4001EC-Hypnogram.edf;Fpz-Cz;100.0;184;34350.0;4;N3;1.291459039284605e-07;4.410729449492736e-05;1.945453427662249e-09;-9.17803555633502e-05;0.0001219282833535;0.0002137086389168;4.410013176681973e-05;0.2117559263149331;-0.5661593546270227;1.66354290009061e-09;4.808846188911497e-11;1.161227087221558e-11;2.032165859624253e-12;1.725275798711565e-09;0.9636599790903764;0.0278567665288516;0.006726776150649;0.0011771965181583;33.8886743660528;131.89876089288094
SC4001E;SC4001E0-PSG.edf;SC4001EC-Hypnogram.edf;Fpz-Cz;100.0;185;34380.0;4;N3;-1.5612114343292202e-07;4.292228468828412e-05;1.8423225228621094e-09;-0.0001021766396375;0.0001180187350144;0.000220195374652;4.291541435388823e-05;0.1901491389482641;-0.3907138099656118;1.4912646280243166e-09;4.264119798235176e-11;1.2833714568601319e-11;1.9914597338054304e-12;1.548731000309075e-09;0.9622732124006697;0.0275152255287191;0.0082812530471686;0.0012850357471124;34.17102868320377;107.7992914071736
SC4001E;SC4001E0-PSG.edf;SC4001EC-Hypnogram.edf;Fpz-Cz;100.0;186;34410.0;4;N3;3.858319701108698e-07;4.3702556852036856e-05;1.9099134754055132e-09;-0.0001022947465922;0.000116807388087;0.0002191021346793;4.369697591240769e-05;0.0649528802099851;-0.5513338662548426;1.6909733087679571e-09;5.067419932563789e-11;1.534032769608178e-11;2.0788126723102284e-12;1.759066648461987e-09;0.9607439071955562;0.0287910684347771;0.0087157652293944;0.001181098837437;32.72374474758411;103.48466323435076
SC4001E;SC4001E0-PSG.edf;SC4001EC-Hypnogram.edf;Fpz-Cz;100.0;187;34440.0;4;N3;-4.412589136922359e-07;4.4291596425681616e-05;1.961745513935452e-09;-0.000110493053459;0.000127571284597;0.0002380643380561;4.428641222985955e-05;-0.0167423997245003;-0.2458443628617432;1.5487878179089492e-09;3.5941152135831626e-11;7.847863884786021e-12;1.705257523487987e-12;1.594282091453055e-09;0.9708551397942689;0.0225296531117545;0.0049194207888573;0.0010689379217783;41.92581249805361;175.04652400587938
SC4001E;SC4001E0-PSG.edf;SC4001EC-Hypnogram.edf;Fpz-Cz;100.0;188;34470.0;4;N3;2.3263967152990378e-07;3.907180805988894e-05;1.526606185068802e-09;-9.675897440302888e-05;0.000107804582537;0.00020456355694;3.906598824498384e-05;0.1838945618059124;-0.2445611953951814;1.3628674711071301e-09;3.256925331188196e-11;9.678985996945544e-12;2.4110885761100178e-12;1.407526798992067e-09;0.967583628570212;0.0231229205828304;0.006871708798066;0.0017117804061913;40.59868292109845;127.62143067674629
SC4001E;SC4001E0-PSG.edf;SC4001EC-Hypnogram.edf;Fpz-Cz;100.0;189;34500.0;4;N3;-2.969710276810966e-07;3.502645208763482e-05;1.2268523458473774e-09;-8.572633021830303e-05;0.0001068537788538;0.0001925801090721;3.5021872977565184e-05;0.2991375889159728;-0.0273142715380445;1.101368799947998e-09;3.461648980097853e-11;8.990332861661845e-12;2.43421525818608e-12;1.1474098378688243e-09;0.9590381095932412;0.0301429756690507;0.0078285056128966;0.0021196398514866;30.92300240990449;110.24345386674038
SC4001E;SC4001E0-PSG.edf;SC4001EC-Hypnogram.edf;Fpz-Cz;100.0;190;34530.0;4;N3;1.4644688524133405e-07;4.586070987442771e-05;2.1032047101864316e-09;-0.0001344030432957;0.0001237707253365;0.0002581737686323;4.5853299648333926e-05;0.1853803669631411;-0.2945901957736985;1.7531090166993903e-09;4.1544596330930487e-11;8.928948612953179e-12;2.0109483025435746e-12;1.805593509945818e-09;0.9703948381570175;0.0229960951936423;0.0049424226112829;0.0011131160891881;41.20638501451374;176.56542349431712
SC4001E;SC4001E0-PSG.edf;SC4001EC-Hypnogram.edf;Fpz-Cz;100.0;191;34560.0;4;N3;3.154396043507719e-07;3.798323193113859e-05;1.4427259079346663e-09;-9.583480697737828e-05;0.0001118676593532;0.0002077024663306;3.797821087732651e-05;0.3384988067104315;0.0039636520464161;1.2581503131759291e-09;4.736668740267335e-11;1.025354697222374e-11;1.8100264082791729e-12;1.3175805739591052e-09;0.9541702175986628;0.0359224823557444;0.0077762005407352;0.0013727082318864;26.012745150423264;111.80033426628282
SC4001E;SC4001E0-PSG.edf;SC4001EC-Hypnogram.edf;Fpz-Cz;100.0;192;34590.0;4;N3;-6.328575963265051e-07;4.275299907621538e-05;1.827818930010873e-09;-9.609828417512912e-05;0.0001283956314338;0.0002244939156089;4.2750557490767663e-05;0.1766009844839635;-0.3847257598560532;1.5332555704975802e-09;5.1598333684380845e-11;1.2066434983817674e-11;2.1917078601890857e-12;1.5991120470259671e-09;0.9582176281638216;0.0322467003359443;0.0075409937736828;0.0013697214918559;29.15026889821193;117.34306812810564
SC4001E;SC4001E0-PSG.edf;SC4001EC-Hypnogram.edf;Fpz-Cz;100.0;193;34620.0;4;N3;9.074429902331316e-07;3.6469279470388406e-05;1.3300083450892931e-09;-7.777998339411582e-05;0.0001090259098629;0.000186805893257;3.647449056196381e-05;0.3832891071676346;-0.4001246523180977;1.0707181900289296e-09;4.267788888085538e-11;1.1184296268994732e-11;1.886743535573438e-12;1.1264671187143526e-09;0.949666888068422;0.0378528900510383;0.0099198425243196;0.0016734355301863;24.513963871963607;87.87690042908564
SC4001E;SC4001E0-PSG.edf;SC4001EC-Hypnogram.edf;Fpz-Cz;100.0;194;34650.0;4;N3;-4.238305789348051e-07;3.857491579025626e-05;1.4880241282253615e-09;-8.18126667546192e-05;0.0001019363410092;0.0001837490077638;3.8570814776748754e-05;0.1942059136863557;-0.6549834474102969;1.3388459968151507e-09;4.233018868164345e-11;1.2314208491526944e-11;2.4515283382294368e-12;1.3959419223265502e-09;0.958412068116158;0.030302039050517;0.0088151184345718;0.0017549250251911;30.89868836371682;100.55768599892224
SC4001E;SC4001E0-PSG.edf;SC4001EC-Hypnogram.edf;Fpz-Cz;100.0;195;34680.0;4;N3;2.985373735602918e-07;3.9842499046860926e-05;1.5874247302991135e-09;-8.913037760618995e-05;8.619374507675354e-05;0.0001753241226829;3.983697670865297e-05;-0.1081394105452682;-0.7827302913517404;1.3470027289161514e-09;5.251232732548115e-11;1.1714751102395719e-11;2.107876424233295e-12;1.4133376837682612e-09;0.9523911753007192;0.0371285640820733;0.0082828529825944;0.0014903629086776;25.171821078219946;105.9401570717612
SC4001E;SC4001E0-PSG.edf;SC4001EC-Hypnogram.edf;Fpz-Cz;100.0;196;34710.0;4;N3;-3.014145813739411e-07;3.617518561679462e-05;1.3086440544095443e-09;-8.05699847603702e-05;9.007506655563724e-05;0.000170645051316;3.617041180958002e-05;0.0868128507995525;-0.6780746658853012;1.1506411548941252e-09;4.018245411184479e-11;9.24675287520742e-12;1.851489688863115e-12;1.2019218515700402e-09;0.9565385759617896;0.0334040437118995;0.0076869107192114;0.0015391604088383;27.94008224398605;112.29324732502964
SC4001E;SC4001E0-PSG.edf;SC4001EC-Hypnogram.edf;Fpz-Cz;100.0;197;34740.0;4;N3;-2.805330844043617e-07;3.928825496731895e-05;1.5435669783770616e-09;-0.0001092494649267;9.951710513599228e-05;0.0002087665700627;3.928270808972291e-05;0.0482948557803906;-0.4939465182002958;1.295167362039576e-09;4.581056726960168e-11;1.829373365516169e-11;2.84817832814076e-12;1.36211984129248e-09;0.9501492992806316;0.0336071458149747;0.013420488133909;0.0020894555576567;27.668268888521776;67.12891269197537
SC4001E;SC4001E0-PSG.edf;SC4001EC-Hypnogram.edf;Fpz-Cz;100.0;198;34770.0;4;N3;2.0026901820706278e-07;3.779928762160009e-05;1.4287861447004499e-09;-9.631596786252754e-05;0.0001073949921547;0.0002037109600172;3.779351783483339e-05;0.1752219772814118;-0.4075627853549659;1.094610577963621e-09;4.048304326439321e-11;1.2190720213113759e-11;2.3357072953021974e-12;1.14962004873643e-09;0.9513223580326826;0.0351836762351309;0.0105949137827914;0.0020299553252763;26.38694010434801;82.98338227774681
SC4001E;SC4001E0-PSG.edf;SC4001EC-Hypnogram.edf;Fpz-Cz;100.0;199;34800.0;4;N3;-1.986471226905274e-07;3.978659240142676e-05;1.5829729349172694e-09;-8.487463877791651e-05;0.00011879561195;0.0002036702507279;3.978045673382409e-05;0.2583558978980507;-0.4509871006333568;1.307506568778845e-09;4.4489884801189244e-11;1.5417434699778683e-11;1.9624459932700986e-12;1.369376334273083e-09;0.9541222626793338;0.0324654503208338;0.0112505114939516;0.0014320489519479;28.74279797570872;79.64134425925087
SC4001E;SC4001E0-PSG.edf;SC4001EC-Hypnogram.edf;Fpz-Cz;100.0;200;34830.0;4;N3;8.195546133915354e-07;4.167394598845172e-05;1.7367177742483907e-09;-9.456846030437416e-05;0.0001000768714471;0.0001946453317515;4.167505894522493e-05;0.0184783410582745;-0.6262469945826576;1.446955984105408e-09;4.086316266576237e-11;9.655278789590162e-12;2.0293521947207997e-12;1.4995037777554811e-09;0.9643134562912116;0.0272329622034589;0.0064346914234584;0.0013524472412567;34.56394338043637;135.7971023263168
SC4001E;SC4001E0-PSG.edf;SC4001EC-Hypnogram.edf;Fpz-Cz;100.0;201;34860.0;4;N3;-1.0503519296016368e-07;4.083051644259975e-05;1.667131072969408e-09;-9.410177381802902e-05;0.0001092345647708;0.0002033363385888;4.0823845911470806e-05;0.1066862594374377;-0.5937590722887682;1.495384326849537e-09;4.7951264791206365e-11;1.1874288139007012e-11;2.485788949724544e-12;1.557695668729475e-09;0.95938184525043;0.0307637120915928;0.0076180927279319;0.001594787872703;30.548430836830363;116.15277759076749
SC4001E;SC4001E0-PSG.edf;SC4001EC-Hypnogram.edf;Fpz-Cz;100.0;202;34890.0;4;N3;-5.910323600458968e-07;3.52052756757423e-05;1.2394114354050123e-09;-9.956434691018856e-05;0.00010573187859;0.0002052962255002;3.5204369295735136e-05;0.2616626152565912;-0.2829819084653651;1.190505606374852e-09;2.8309284367108734e-11;1.2232516054296934e-11;1.5311166214952308e-12;1.2325785234177524e-09;0.9650829548138022;0.0229489115039673;0.009916284875328;0.0012411991554887;40.61871970203588;89.96819663697022
SC4001E;SC4001E0-PSG.edf;SC4001EC-Hypnogram.edf;Fpz-Cz;100.0;203;34920.0;4;N3;-3.3819336351954862e-09;4.399130726882339e-05;1.9352351152200332e-09;-9.47881957369194e-05;0.0001191443099431;0.0002139325056801;4.398397490320501e-05;0.2243132932469313;-0.46582462894622;1.606708769897835e-09;5.221349161968206e-11;8.874906407930238e-12;1.795903469950124e-12;1.669593071395397e-09;0.9617595076913604;0.0312544643658013;0.0053124285978974;0.0010750095284724;30.19363550471404;162.70622763650053
SC4001E;SC4001E0-PSG.edf;SC4001EC-Hypnogram.edf;Fpz-Cz;100.0;204;34950.0;4;N3;2.004523902772065e-07;3.735597491621483e-05;1.3954688619408714e-09;-0.0001049823783038;0.0001030524748866;0.0002080348531904;3.735028630163798e-05;0.0842617981831805;-0.4088633083694413;1.1861994164905115e-09;3.5688799241093635e-11;9.548626171785342e-12;2.2372840009948457e-12;1.2336741259043851e-09;0.9607388634807856;0.0289054403038955;0.0077337217743921;0.0018120441289364;32.33137745107498;112.45060704333868
SC4001E;SC4001E0-PSG.edf;SC4001EC-Hypnogram.edf;Fpz-Cz;100.0;205;34980.0;4;N3;3.003688740758073e-07;4.0769006965459184e-05;1.6621119289496594e-09;-8.754543574449942e-05;0.0001309486755468;0.0002184941112913;4.076331822975803e-05;0.4000441756237444;-0.2496079558036541;1.3211052528393327e-09;4.382583636864848e-11;9.194572563351875e-12;1.859387329202244e-12;1.3759850491005354e-09;0.959418734213778;0.0318273872307299;0.0066773220009599;0.0013503322569964;29.47195992004565;129.58907738697445
SC4001E;SC4001E0-PSG.edf;SC4001EC-Hypnogram.edf;Fpz-Cz;100.0;206;35010.0;4;N3;-7.40118934508674e-07;4.222281604380185e-05;1.7827661946687307e-09;-9.87857888660212e-05;0.0001168907530872;0.0002156765419532;4.2222265634469766e-05;0.2267631407197581;-0.5209967776990245;1.49352954552803e-09;3.868742460986429e-11;7.782808812568265e-12;2.264518703532307e-12;1.5422642976539954e-09;0.9677730171030522;0.0250685671071865;0.0050430822668543;0.0014673563737428;37.63231200335469;170.05146956982352
SC4001E;SC4001E0-PSG.edf;SC4001EC-Hypnogram.edf;Fpz-Cz;100.0;207;35040.0;4;N3;-8.230744239890043e-09;4.104863119611357e-05;1.684990123074548e-09;-9.285843585050476e-05;0.0001064788760372;0.0001993373118877;4.104179001268513e-05;0.2173474757411363;-0.5453796902396402;1.512010496090349e-09;4.083986074458135e-11;7.649181182424504e-12;1.7756367576210442e-12;1.562275174774976e-09;0.9672068747000948;0.0261245501774567;0.0048930484574;0.0011358440191929;36.13803844426438;174.81544948587936
SC4001E;SC4001E0-PSG.edf;SC4001EC-Hypnogram.edf;Fpz-Cz;100.0;208;35070.0;4;N3;4.663866515634738e-07;4.099581373083911e-05;1.6806567434536563e-09;-9.794844161599e-05;0.0001044328785442;0.0002023813201602;4.099163379334774e-05;0.2178146605505108;-0.5518166161532734;1.4394794611693244e-09;3.671250206602578e-11;8.844922863924804e-12;1.624837611991972e-12;1.4866617237112671e-09;0.9676120842702448;0.0246779906217114;0.0059455202234143;0.0010922090594214;38.16982120807398;146.2154128646426
SC4001E;SC4001E0-PSG.edf;SC4001EC-Hypnogram.edf;Fpz-Cz;100.0;209;35100.0;4;N3;-3.0753082242389337e-07;4.033971969239286e-05;1.627292984860828e-09;-9.608430909614296e-05;0.0001151464196243;0.0002112307287205;4.033416825809868e-05;0.1626019487754749;-0.4317331941619549;1.3928123786681742e-09;3.5344452669686945e-11;1.043176701216356e-11;2.801223394206107e-12;1.441389821744231e-09;0.9656282633663452;0.0245040918459519;0.0072322799668322;0.0019420709658216;38.3225575392926;121.83701585119805
SC4001E;SC4001E0-PSG.edf;SC4001EC-Hypnogram.edf;Fpz-Cz;100.0;210;35130.0;4;N3;6.416375601695596e-08;4.06427378321868e-05;1.6518321384958683e-09;-0.0001016253597155;0.0001083759497222;0.0002100013094377;4.0636014134885606e-05;0.1903350558445787;-0.1952385840630408;1.3746885406326102e-09;3.7868913338791776e-11;1.18988829033752e-11;1.9535585367565746e-12;1.426409895411534e-09;0.963065020812593;0.0265298100149949;0.0083359958072482;0.0013686037507771;35.367300563575306;106.57423211996918
SC4001E;SC4001E0-PSG.edf;SC4001EC-Hypnogram.edf;Fpz-Cz;100.0;211;35160.0;4;N3;-2.7857700956537665e-08;3.44259575975046e-05;1.1851465565051844e-09;-0.0001027193222365;9.36541967343682e-05;0.0001963735189708;3.442023073287741e-05;0.1877192041460811;-0.1840861776078464;9.901876800453031e-10;3.807182170464168e-11;1.2272226149673886e-11;1.5779636086581422e-12;1.0421096915082767e-09;0.9492651521754614;0.0364983874798363;0.0117650389499583;0.0015127494466823;25.34275692417152;74.60599818589085
SC4001E;SC4001E0-PSG.edf;SC4001EC-Hypnogram.edf;Fpz-Cz;100.0;212;35190.0;4;N3;3.5941215304522255e-07;3.738297565492955e-05;1.3974868688170554e-09;-9.53199441602068e-05;0.0001048599635768;0.000200179907737;3.737847264076663e-05;-0.005240599422189;-0.2846168813708827;1.256150795884032e-09;3.71439652657894e-11;9.786647884116056e-12;1.91924563346962e-12;1.305000654667407e-09;0.9618301425767124;0.0284410004949413;0.0074936010553596;0.0014695594727388;32.93183566865949;116.45423206349255
SC4001E;SC4001E0-PSG.edf;SC4001EC-Hypnogram.edf;Fpz-Cz;100.0;213;35220.0;4;N3;-1.1148541313598137e-07;4.084006246537584e-05;1.6679107021758e-09;-9.64667494234416e-05;0.0001083569910578;0.0002048237404812;4.0833407412792325e-05;0.2267439704662348;-0.4354561577257723;1.2389808716196684e-09;3.5799854101365e-11;1.2334981108874796e-11;1.984469384212251e-12;1.2891001762141207e-09;0.9603757091604582;0.0277496699569655;0.0095612583707046;0.0015382289071813;33.6680919496828;92.91208300213434
SC4001E;SC4001E0-PSG.edf;SC4001EC-Hypnogram.edf;Fpz-Cz;100.0;214;35250.0;4;N3;3.9112392384197533e-07;4.478406297552108e-05;2.005612296595437e-09;-0.0001058555408982;0.0001143734858153;0.0002202290267136;4.4778306545547705e-05;0.2021824193409948;-0.4170724685636964;1.7821755886993531e-09;4.427020461884737e-11;1.255879712365651e-11;2.1648259818949865e-12;1.8411694164237523e-09;0.96743305627076;0.0240315598685761;0.0068173953012623;0.0011751503214604;39.36751785648831;131.44053800981573
SC4001E;SC4001E0-PSG.edf;SC4001EC-Hypnogram.edf;Fpz-Cz;100.0;215;35280.0;4;N3;-6.884811447827727e-07;3.83857755332256e-05;1.473467763287181e-09;-9.165401411530827e-05;0.0001143105183266;0.000205964532442;3.838555214729634e-05;0.3428045839480499;-0.3922276760087797;1.321439418030935e-09;3.7112061368308206e-11;1.0620848064872282e-11;2.029954088061132e-12;1.3712022815521767e-09;0.9630062825257651;0.0270456199258965;0.0077400017531368;0.0014793402659008;34.67247298068658;113.7128211860378
SC4001E;SC4001E0-PSG.edf;SC4001EC-Hypnogram.edf;Fpz-Cz;100.0;216;35310.0;4;N3;2.4442952838753256e-07;3.931940157459094e-05;1.546015340183944e-09;-8.855573179468637e-05;0.0001088032149802;0.0001973589467749;3.931360766365208e-05;0.1817052148960384;-0.5435356482242018;1.2300294983087891e-09;3.3341110554760135e-11;6.786160737605989e-12;1.9047391998536373e-12;1.2720615088010083e-09;0.9661980114906248;0.026189709078677;0.005330583550513;0.0014961878799144;35.81798836550119;157.97638139782174
SC4001E;SC4001E0-PSG.edf;SC4001EC-Hypnogram.edf;Fpz-Cz;100.0;217;35340.0;4;N3;-3.351608056293848e-07;3.986162710160011e-05;1.5889493151870203e-09;-0.0001043508656637;0.0001030032479317;0.0002073541135955;3.985639218721285e-05;0.1368003692172913;-0.295717467087035;1.319505277775195e-09;3.79696163667826e-11;8.184291450932952e-12;1.9913414617467546e-12;1.3676505270546572e-09;0.9640921854717556;0.0277423751470679;0.0059798255940072;0.0014549670806265;33.85984776847665;143.66979584921145
SC4001E;SC4001E0-PSG.edf;SC4001EC-Hypnogram.edf;Fpz-Cz;100.0;218;35370.0;4;N3;4.632706927675779e-07;3.726947773657587e-05;1.3890139707571243e-09;-0.0001080835133027;0.0001051140436343;0.0002131975569371;3.726614530421657e-05;0.0792021544167119;-0.174223938258109;9.61332160814955e-10;4.6921860591938594e-11;1.3041806801000039e-11;1.1639497565919784e-11;1.0329353257738135e-09;0.9297797810472126;0.0453818139512947;0.012613754918606;0.0112574715997914;20.060409778343832;68.46214126422038
SC4001E;SC4001E0-PSG.edf;SC4001EC-Hypnogram.edf;Fpz-Cz;100.0;219;35400.0;2;N1;-1.883018950655456e-07;2.123474769551367e-05;4.509145096921232e-10;-7.668343921708096e-05;6.35544232804429e-05;0.0001402378624975;2.123204329449345e-05;-0.1021721132598913;-0.0001492661268525;2.9074660926419896e-10;5.771021737945532e-11;1.059601587267626e-11;1.2064019795918216e-11;3.7111686231224865e-10;0.7813314544725717;0.1550862732230334;0.0284749683388037;0.0324199761358707;4.952231864260496;25.072974412641702
SC4001E;SC4001E0-PSG.edf;SC4001EC-Hypnogram.edf;Fpz-Cz;100.0;220;35430.0;4;N3;2.909314766883581e-07;2.566222051700009e-05;6.5854956186314e-10;-8.542543710299174e-05;7.77247977114342e-05;0.0001631502348144;2.5659592484422803e-05;-0.3738899214157046;0.2616746928309919;4.935245949573069e-10;3.841136258607456e-11;4.322442442319795e-12;2.912743071560776e-12;5.391711430572622e-10;0.91364487218635;0.0711096160536711;0.0080019869589027;0.0053922596736197;12.522393608681949;92.7252103344876
SC4001E;SC4001E0-PSG.edf;SC4001EC-Hypnogram.edf;Fpz-Cz;100.0;221;35460.0;4;N3;-1.553150483741543e-07;2.4378148197583013e-05;5.942941095433197e-10;-9.847519201258555e-05;6.523364610661422e-05;0.0001637088381191;2.437457967373093e-05;-0.2989772470907404;0.3910838001755001;4.305660860073354e-10;3.4883173493957555e-11;5.095926601707902e-12;2.7782224146879146e-12;4.733234085176889e-10;0.9077479168757456;0.0735430148871867;0.0107435697041249;0.0058572323541234;11.999108330812474;70.63177005554878
SC4001E;SC4001E0-PSG.edf;SC4001EC-Hypnogram.edf;Fpz-Cz;100.0;222;35490.0;4;N3;-2.117433252242649e-08;2.6031497326040344e-05;6.776388530356454e-10;-9.474319536833148e-05;8.25062992179827e-05;0.0001772494945863;2.602716699470622e-05;-0.1673722590920204;0.4882673844986462;4.841985267771017e-10;5.900969607963016e-11;4.673091593692004e-12;2.4840901745832983e-12;5.503654046250071e-10;0.8781808265725579;0.1070246620202144;0.0084754893116122;0.0045053428338921;8.068671538255952;85.35002807208143
SC4001E;SC4001E0-PSG.edf;SC4001EC-Hypnogram.edf;Fpz-Cz;100.0;223;35520.0;4;N3;8.33774004090122e-08;2.208913035498196e-05;4.879296798393852e-10;-7.830811676962439e-05;8.982276527434529e-05;0.0001681308820439;2.208560590981536e-05;-0.0643536018710458;0.9027288162987356;4.113087481248931e-10;5.667586079881091e-11;5.882056523126022e-12;2.878398378274885e-12;4.767450638251051e-10;0.8609377244669277;0.1186320175556205;0.0123121241191501;0.0060249672811452;7.131384645643173;59.76538360921006
SC4001E;SC4001E0-PSG.edf;SC4001EC-Hypnogram.edf;Fpz-Cz;100.0;224;35550.0;4;N3;-2.468687654886297e-07;2.2349619707371853e-05;4.995055010641443e-10;-7.945049068448093e-05;7.924961657853806e-05;0.000158700107263;2.234725807381814e-05;0.2156464146965744;0.4298412980415014;3.748052379639072e-10;5.353685881723168e-11;5.0904192153527e-12;2.8130925691520523e-12;4.3624560856564354e-10;0.8571961172884777;0.1224411583980361;0.0116420133573244;0.0064336668317383;6.872512390564787;61.540137831415606
SC4001E;SC4001E0-PSG.edf;SC4001EC-Hypnogram.edf;Fpz-Cz;100.0;225;35580.0;4;N3;1.737988654699807e-07;2.115266362183382e-05;4.4743517829845183e-10;-8.606585860263198e-05;6.889454437720362e-05;0.0001549604029798;2.1149851992027225e-05;-0.3709600233331983;0.866460781837127;3.5445412677441804e-10;5.406490929520365e-11;4.008972316323338e-12;2.7892265856943894e-12;4.153172349716394e-10;0.8514039222963333;0.1298646915227679;0.0096296092968537;0.0066997624681197;6.43702371094784;70.76384223951806
SC4001E;SC4001E0-PSG.edf;SC4001EC-Hypnogram.edf;Fpz-Cz;100.0;226;35610.0;4;N3;-1.236356825872252e-07;2.3097392672458e-05;5.334895482657164e-10;-9.4767879708254e-05;7.834285831237982e-05;0.0001731107380206;2.3093873737385497e-05;-0.3370042104681808;1.81030791709138;3.9440312595003753e-10;3.347471264389328e-11;4.8625088416521666e-12;2.650482963522717e-12;4.3539083039910556e-10;0.903784173442261;0.0767081027190206;0.0111425550284938;0.0060736449505565;11.440360069829344;67.27548505306598
SC4001E;SC4001E0-PSG.edf;SC4001EC-Hypnogram.edf;Fpz-Cz;100.0;227;35640.0;3;N2;2.9135682882009735e-08;1.725455464623216e-05;2.9771965603981183e-10;-7.401122894455084e-05;5.817839650042107e-05;0.0001321896254449;1.725170325047594e-05;-0.2727025621453847;1.716920983929854;2.2577372868497528e-10;2.5060915580947388e-11;5.747960674699192e-12;2.4420283251469906e-12;2.5902463326576887e-10;0.8682782313713101;0.0963790055818782;0.0221054467129052;0.0093915268506542;8.663307625693472;33.45806823259825
SC4001E;SC4001E0-PSG.edf;SC4001EC-Hypnogram.edf;Fpz-Cz;100.0;228;35670.0;3;N2;8.095995378082315e-08;2.0277270719090163e-05;4.111677078152713e-10;-8.59838485447678e-05;8.836197436759166e-05;0.0001743458229123;2.02740525407917e-05;0.1194667378368751;2.1101409164407023;2.96183292873582e-10;3.106397510262107e-11;6.552766739517063e-12;3.8848138312552404e-12;3.376848485469754e-10;0.8745100176292698;0.0917194118245668;0.0193476819752336;0.0114702911804937;9.237260568149908;39.21520458508434
SC4001E;SC4001E0-PSG.edf;SC4001EC-Hypnogram.edf;Fpz-Cz;100.0;229;35700.0;4;N3;-1.8613851809741785e-08;2.4422727613951828e-05;5.964696241052852e-10;-7.167236287881635e-05;0.0001136369294849;0.0001853092923637;2.441866391457013e-05;0.5493934576101179;2.331914094519006;4.74565710445744e-10;4.098836181885522e-11;6.691306081910836e-12;4.624675455208484e-12;5.268700538017189e-10;0.8990199520278201;0.07764858325199;0.0126760478904231;0.0087610112032337;11.302315448578335;61.70157648021239
SC4001E;SC4001E0-PSG.edf;SC4001EC-Hypnogram.edf;Fpz-Cz;100.0;230;35730.0;4;N3;-1.79492953096933e-07;2.5059802408870385e-05;6.27993696771626e-10;-7.548916498185464e-05;0.0001030713243839;0.0001785604893657;2.505626834266388e-05;0.3566493415296873;1.2851050467463558;4.274149515429791e-10;8.156211528916201e-11;8.417589589578282e-12;5.756929654141019e-12;5.231515860758602e-10;0.8154414923035634;0.1556078765301257;0.0160594564877649;0.0109833296456109;5.1768895460832045;45.3847502566863
SC4001E;SC4001E0-PSG.edf;SC4001EC-Hypnogram.edf;Fpz-Cz;100.0;231;35760.0;4;N3;6.218702483464473e-07;3.1428190823290415e-05;9.877311784251558e-10;-8.444858496897169e-05;0.0001252931059004;0.0002097416908694;3.142910525778283e-05;0.6630624700522949;1.0100382604466605;6.33059546334017e-10;9.345666612225989e-11;8.739323611108339e-12;4.144092927129026e-12;7.393996289945145e-10;0.8550241268944603;0.1262246258134636;0.0118035224071851;0.0055971029223189;6.7021161377283525;65.00036056014928
SC4001E;SC4001E0-PSG.edf;SC4001EC-Hypnogram.edf;Fpz-Cz;100.0;232;35790.0;3;N2;-3.442256435495158e-07;2.0820385389123453e-05;4.334884477516254e-10;-6.385636383754243e-05;0.0001020366937061;0.0001658930575436;2.0819760875092968e-05;0.2394725447701426;1.4324825976268;2.815619218560127e-10;7.543573516317548e-11;6.09594111058344e-12;2.902618483807457e-12;3.6599621661357907e-10;0.7672066062535935;0.2055490812936743;0.0166103649973101;0.0079091237250102;3.6836424907137033;39.67929235433892
SC4001E;SC4001E0-PSG.edf;SC4001EC-Hypnogram.edf;Fpz-Cz;100.0;233;35820.0;3;N2;-5.265645499010194e-09;1.7844194673293592e-05;3.1841528353839937e-10;-6.656608294333219e-05;6.145207873828365e-05;0.0001280181616816;1.7841221170020165e-05;-0.1666281922364971;0.6145138818838558;2.100131992989569e-10;5.784505913330813e-11;6.252734212809701e-12;3.202768142393057e-12;2.7731376078746787e-10;0.7545915038650636;0.2078411752607556;0.0224664931950114;0.0115077606415545;3.5689181452463354;28.956417419520758
SC4001E;SC4001E0-PSG.edf;SC4001EC-Hypnogram.edf;Fpz-Cz;100.0;234;35850.0;3;N2;-2.767414554827887e-08;1.911227722564076e-05;3.652791407497465e-10;-5.544005333012437e-05;8.796997543120071e-05;0.0001434100287613;1.910911161970893e-05;0.1479349727484275;0.2431004666890217;2.457238917564644e-10;6.866222405396321e-11;6.055921089038539e-12;4.930857792724965e-12;3.2537289469219106e-10;0.7528930733914395;0.2103796766539695;0.018555220692423;0.0151080493292047;3.527362140578753;34.82520405992061
SC4001E;SC4001E0-PSG.edf;SC4001EC-Hypnogram.edf;Fpz-Cz;100.0;235;35880.0;3;N2;-6.397638841225715e-09;1.7958232028660855e-05;3.2249809759522056e-10;-5.995363648780112e-05;5.803782278523061e-05;0.000117991459273;1.795523988030063e-05;-0.1006918952579342;0.268238946949789;1.6492136058514942e-10;8.550803813302886e-11;8.747038900373943e-12;9.537946263151815e-12;2.68714383881704e-10;0.6114666863947585;0.3170318056545788;0.032430746831101;0.0353631353503754;1.9064281671899608;16.920150034368106
SC4001E;SC4001E0-PSG.edf;SC4001EC-Hypnogram.edf;Fpz-Cz;100.0;236;35910.0;3;N2;-2.486110303236657e-07;1.5614140298527583e-05;2.43801377262103e-10;-7.052330880902268e-05;6.080711486181304e-05;0.0001313304236708;1.5613517143191908e-05;-0.2135267116269696;1.9263708455353756;1.7174960514104768e-10;2.5543978879201767e-11;4.314606729260387e-12;2.4182176797725773e-12;2.0402640842928243e-10;0.8376950386871136;0.1245887253007818;0.0210441511525993;0.0117946643961559;6.470379061204729;32.31652197244506
SC4001E;SC4001E0-PSG.edf;SC4001EC-Hypnogram.edf;Fpz-Cz;100.0;237;35940.0;4;N3;1.598640250748653e-07;2.1671942149697305e-05;4.696730765398265e-10;-6.831801207196186e-05;8.301577748208208e-05;0.000151333789554;2.1668919570531422e-05;0.3154001480098914;0.8164968626438966;2.928115397392937e-10;9.970914398278311e-11;8.465743972208965e-12;4.886699414870578e-12;4.058731271091565e-10;0.7196630109727986;0.2450620041958018;0.0208068397939138;0.0120103764276365;2.907497056963882;30.933811499547883
SC4001E;SC4001E0-PSG.edf;SC4001EC-Hypnogram.edf;Fpz-Cz;100.0;238;35970.0;5;REM;-1.3602474752888098e-07;1.4550072067242966e-05;2.11704597161964e-10;-6.491180684405888e-05;6.282357611949096e-05;0.0001277353829635;1.4548282774776212e-05;-0.2517969175575203;1.1051765415907209;1.0654896574443469e-10;5.192926093415735e-11;4.297815325783419e-12;2.103779376158368e-12;1.6487982138053384e-10;0.6423262628189587;0.3130535136942901;0.0259092111988961;0.0126825514920963;2.0130446536364617;20.11186860853416
SC4001E;SC4001E0-PSG.edf;SC4001EC-Hypnogram.edf;Fpz-Cz;100.0;239;36000.0;5;REM;1.6941410375781697e-07;1.4070272475140137e-05;1.9797256752468607e-10;-6.781492911473152e-05;6.120132289879379e-05;0.0001290162520135;1.4068947288528613e-05;0.1568299033353514;1.4824682710932695;1.046335325350376e-10;5.87136812709832e-11;4.676493321324209e-12;2.599216745937121e-12;1.7062292387328214e-10;0.6096710752480468;0.3421086178110709;0.0272486519620018;0.0151449275380965;1.7522539275414328;18.43277647169481
SC4001E;SC4001E0-PSG.edf;SC4001EC-Hypnogram.edf;Fpz-Cz;100.0;240;36030.0;5;REM;1.8193438315770207e-08;1.464964949471357e-05;2.146122303179616e-10;-5.371474171604365e-05;7.752431382273991e-05;0.0001312390555387;1.464721898208166e-05;0.3823933282724023;2.1035534189387715;1.1880210173089869e-10;5.5364962894586014e-11;5.87275511385944e-12;2.5335017976740896e-12;1.8257332153701816e-10;0.6471643087143348;0.3015959096399609;0.0319913322082325;0.0138010347934092;2.107729618363856;17.285950068455822
SC4001E;SC4001E0-PSG.edf;SC4001EC-Hypnogram.edf;Fpz-Cz;100.0;241;36060.0;5;REM;-5.017170592039157e-09;1.1189864121026942e-05;1.2521305904704604e-10;-3.3833280676964715e-05;3.866244588966072e-05;7.249572656662544e-05;1.1188000113188136e-05;0.0373948731661379;0.2898751077004853;6.359106577255247e-11;3.105646055322296e-11;5.902041961654463e-12;2.445097202607861e-12;1.0299466549003771e-10;0.6114839205732552;0.2986351310125426;0.0567533145459259;0.0235117560221595;1.983720743809909;9.213369916590494
SC4001E;SC4001E0-PSG.edf;SC4001EC-Hypnogram.edf;Fpz-Cz;100.0;242;36090.0;5;REM;5.270552422127779e-08;1.057530939961404e-05;1.1183716889756508e-10;-4.265575858676258e-05;3.881719460098446e-05;8.147295318774704e-05;1.0573678059859273e-05;0.1198377947004193;0.4784045879653238;6.150809492697892e-11;3.0849369577101805e-11;4.349494275736561e-12;2.406980067817856e-12;9.911393884763514e-11;0.61438093071724;0.3081426016416347;0.0434454415219455;0.0240424070366572;1.9312186000441376;11.49792704816195
SC4001E;SC4001E0-PSG.edf;SC4001EC-Hypnogram.edf;Fpz-Cz;100.0;243;36120.0;5;REM;-9.817666486093599e-08;9.94168260042396e-06;9.883705292757252e-11;-3.527972606358516e-05;4.449337103971198e-05;7.977309710329713e-05;9.94051034408126e-06;0.3029763665857187;0.8048949755429753;6.138216452807767e-11;2.2578437027753548e-11;6.53308442974394e-12;2.273630811790035e-12;9.276731679736519e-11;0.6546221713982379;0.2407921843017692;0.0696733643755871;0.0242475831605957;2.6033177880207394;8.148344161086767
SC4001E;SC4001E0-PSG.edf;SC4001EC-Hypnogram.edf;Fpz-Cz;100.0;244;36150.0;5;REM;-2.064075752843001e-08;1.4918852369608364e-05;2.225721560261691e-10;-5.963988474093969e-05;9.486682992701936e-05;0.0001545067146679;1.4916379967953518e-05;0.4707143136977167;4.038160203233689;1.018263366619884e-10;8.031770899934246e-11;5.958858224564679e-12;2.975707581250544e-12;1.9107861146714607e-10;0.5301284504516797;0.4181501958279219;0.0310230180187652;0.0154921339680733;1.2522037071016323;14.632621239867015
SC4001E;SC4001E0-PSG.edf;SC4001EC-Hypnogram.edf;Fpz-Cz;100.0;245;36180.0;5;REM;1.3614738635326166e-07;1.0343504172407764e-05;1.0698807856461684e-10;-3.736703537791277e-05;3.445395854388618e-05;7.182099392179895e-05;1.0342676248562206e-05;-0.0606596319851461;0.3315389806100306;4.9183340704804567e-11;2.947177747353442e-11;6.140378967727249e-12;2.592274255519828e-12;8.738777140158606e-11;0.5564496075067009;0.333437273122666;0.0694709106289002;0.0293284264826854;1.6140620857290535;6.888057472453652
SC4001E;SC4001E0-PSG.edf;SC4001EC-Hypnogram.edf;Fpz-Cz;100.0;246;36210.0;5;REM;-2.0272851948201653e-07;1.1165517930739664e-05;1.2466879066166896e-10;-4.1334596059580106e-05;6.477503658501867e-05;0.0001061096326445;1.1165497447526753e-05;0.5288547570618213;2.6738772217332203;7.171422147207232e-11;2.7456852393306904e-11;6.53791945542254e-12;2.9404807208946934e-12;1.0864947404169647e-10;0.6540316047918434;0.2504056917123549;0.0596256344370275;0.0268170982724141;2.5201037866345195;9.513795138854048
SC4001E;SC4001E0-PSG.edf;SC4001EC-Hypnogram.edf;Fpz-Cz;100.0;247;36240.0;5;REM;2.0485637344508807e-07;9.431534694880716e-06;8.895384670073869e-11;-3.2501337635082e-05;3.153886209713226e-05;6.404019973221426e-05;9.432187527410925e-06;0.1877459146727145;0.3450261456623242;5.2302319984767215e-11;1.863339685665483e-11;5.307320055096659e-12;2.9005225332013408e-12;7.914355942972005e-11;0.6526078995858984;0.2325002406836563;0.0662226645891712;0.036191586121713;2.663946558337872;8.292320593831937
SC4001E;SC4001E0-PSG.edf;SC4001EC-Hypnogram.edf;Fpz-Cz;100.0;248;36270.0;5;REM;3.5448676438716803e-09;1.1705500109080974e-05;1.3701873280369468e-10;-6.048211460473547e-05;3.110725406789789e-05;9.158936867263336e-05;1.1703549566642026e-05;-0.5445111788079994;1.9688945085511491;7.954474954766669e-11;1.4900255185339642e-11;6.0006096205200035e-12;2.1792360840181158e-12;1.0262485043754446e-10;0.7676223339459386;0.1437903661373209;0.057907052171203;0.0210300528764725;5.002734146116634;11.36254610091487
SC4001E;SC4001E0-PSG.edf;SC4001EC-Hypnogram.edf;Fpz-Cz;100.0;249;36300.0;5;REM;-2.097368592273478e-09;9.291821146619222e-06;8.633794022076014e-11;-4.466794457866326e-05;3.4453772358990475e-05;7.912171693765372e-05;9.29027261743746e-06;0.0207895481805618;0.533813155353267;4.3090696355540094e-11;2.4717238709154904e-11;4.920644609356657e-12;2.6002548427562537e-12;7.532883451680789e-11;0.5645402111577029;0.3238257057850408;0.0644663925567095;0.034066481680441;1.6755568839589503;7.278041361820967
SC4001E;SC4001E0-PSG.edf;SC4001EC-Hypnogram.edf;Fpz-Cz;100.0;250;36330.0;5;REM;-9.793486032895737e-08;1.022335025934726e-05;1.0451689052529568e-10;-3.356783297190316e-05;4.038551893907689e-05;7.395335191098005e-05;1.0222115377878246e-05;0.1293046161016989;0.2399562339492171;5.030540300697856e-11;3.380790422640881e-11;4.999790834434075e-12;2.5654425524458518e-12;9.167854062026729e-11;0.5427945096060088;0.3647867564610266;0.0539476647017972;0.0276810849121725;1.4452292984882371;8.38452612685515
SC4001E;SC4001E0-PSG.edf;SC4001EC-Hypnogram.edf;Fpz-Cz;100.0;251;36360.0;5;REM;4.180705055142222e-08;1.1080934017365225e-05;1.2278709869720178e-10;-3.619651722605278e-05;4.006311012772525e-05;7.625962735377803e-05;1.1079165920491424e-05;0.106816456874875;0.3453042309881149;6.150602919989256e-11;2.043162425759097e-11;5.651075126484996e-12;2.2651091143492945e-12;8.985383769831779e-11;0.676977778353455;0.2248845483603525;0.0621996304135166;0.0249313531682683;2.8698725052585523;9.247531869693024
SC4001E;SC4001E0-PSG.edf;SC4001EC-Hypnogram.edf;Fpz-Cz;100.0;252;36390.0;5;REM;-4.976930796676038e-08;8.554045527693975e-06;7.31716948898613e-11;-2.9511861483401477e-05;2.8574932850851308e-05;5.808679433425278e-05;8.552764541884309e-06;0.2180496529851064;0.2344399378179238;3.8714267666320675e-11;1.625697889040546e-11;5.4662268784105146e-12;2.277924350556124e-12;6.271539778569278e-11;0.6076124298326822;0.2551499238078357;0.0857913011356565;0.035751551896732;2.243397753000965;5.987149599649861
SC4001E;SC4001E0-PSG.edf;SC4001EC-Hypnogram.edf;Fpz-Cz;100.0;253;36420.0;5;REM;-1.5286206948450827e-08;9.243100963940871e-06;8.543491542960466e-11;-3.5538924363087603e-05;3.4936855082080485e-05;7.04757794451681e-05;9.2415729609512e-06;-0.1549303109228367;0.3527493383476967;4.757614577600705e-11;1.5250791770154203e-11;4.3817276012248864e-12;2.741740339477591e-12;6.995040548686369e-11;0.6705549524282234;0.2149500297496939;0.0617576118298034;0.0386430538439307;2.927620170691265;8.840311011872595
SC4001E;SC4001E0-PSG.edf;SC4001EC-Hypnogram.edf;Fpz-Cz;100.0;254;36450.0;5;REM;3.381313271203936e-08;8.545571135447276e-06;7.302678603098965e-11;-3.166286135674763e-05;3.5121213584131546e-05;6.678407494087918e-05;8.544213661708321e-06;0.055307572237012;0.2690354824468439;3.646403146006389e-11;1.5977590944294502e-11;5.4684598622312946e-12;2.2522195637579737e-12;6.016230183034767e-11;0.5961847472844959;0.2612326623777704;0.0894089937523891;0.0368236560161714;2.147774179487933;5.63720456440857
SC4001E;SC4001E0-PSG.edf;SC4001EC-Hypnogram.edf;Fpz-Cz;100.0;255;36480.0;5;REM;-1.8108648326292636e-08;8.674797380544202e-06;7.525210959349654e-11;-2.939001511364832e-05;2.846020429422137e-05;5.785021940786969e-05;8.673370364518605e-06;0.1916234781679211;-0.0042083733742952;4.325960238410671e-11;1.4159803900036449e-11;5.318213173363568e-12;2.1212393198171997e-12;6.485885877732394e-11;0.6568532037637063;0.2150022664059865;0.080751675205078;0.0322088684680878;2.853572689288065;6.846809564210542
SC4001E;SC4001E0-PSG.edf;SC4001EC-Hypnogram.edf;Fpz-Cz;100.0;256;36510.0;5;REM;5.0168884129086677e-08;9.117876342796455e-06;8.313566900252728e-11;-2.684726383904873e-05;3.99442225127033e-05;6.679148635175202e-05;9.116494613051365e-06;0.2810695548962445;0.4333694370090368;4.620091012459138e-11;1.4315063168198126e-11;5.673444155140717e-12;1.79775376205665e-12;6.798717120998687e-11;0.6697029217789284;0.2075032635361314;0.0822391186017989;0.0260592474010066;3.016697327147041;6.923098335812354
SC4001E;SC4001E0-PSG.edf;SC4001EC-Hypnogram.edf;Fpz-Cz;100.0;257;36540.0;5;REM;-4.562441865688052e-08;7.633648504555164e-06;5.82725894910973e-11;-2.82711118249198e-05;2.186896466983264e-05;5.014007649475244e-05;7.632512488177012e-06;-0.0186740765100636;0.0955620271716539;3.0411541293987026e-11;1.4704862747537528e-11;3.510497522542147e-12;1.961859196251569e-12;5.058876076031827e-11;0.589499356948682;0.2850400461421514;0.0680477195188297;0.0380288102939006;1.9364410745172196;6.742391752129126
SC4001E;SC4001E0-PSG.edf;SC4001EC-Hypnogram.edf;Fpz-Cz;100.0;258;36570.0;5;REM;-1.943090008043716e-09;8.016663262050582e-06;6.426688985711149e-11;-2.729519367920973e-05;2.8025479905113048e-05;5.532067358432278e-05;8.015327275669486e-06;0.0458903439106233;0.0933601788327145;3.7011156541462114e-11;1.1198264736862516e-11;3.471380576382789e-12;2.20185304019218e-12;5.388265489489961e-11;0.6743689169618079;0.2040401427064199;0.0632509593974724;0.0401192880411622;3.0341329147920804;8.277344303222566
SC4001E;SC4001E0-PSG.edf;SC4001EC-Hypnogram.edf;Fpz-Cz;100.0;259;36600.0;5;REM;-1.304441201751373e-07;1.2216442247230652e-05;1.4924146117992192e-10;-4.853987745847824e-05;6.771831666774376e-05;0.0001162581941262;1.2215102524935416e-05;0.3668356386220646;3.288300436473861;1.117028884420016e-10;2.6197053047278182e-11;3.673295393179945e-12;2.773750184701313e-12;1.44346987067161e-10;0.7685256550270743;0.180238019211043;0.0252725939993693;0.0190836441860307;4.107168826262983;23.90238130570928
SC4001E;SC4001E0-PSG.edf;SC4001EC-Hypnogram.edf;Fpz-Cz;100.0;260;36630.0;5;REM;1.0672252478256028e-07;1.0688781587164269e-05;1.1425005181810192e-10;-4.376128450954884e-05;4.494877184158454e-05;8.871005635113338e-05;1.0687532838068469e-05;0.1651911127830918;0.9931529651268632;5.752513620479633e-11;2.03415454107474e-11;5.522818348211699e-12;3.421986320575866e-12;8.681148628433129e-11;0.6550980815713727;0.2316501664131046;0.0628940310875613;0.0389696891075908;2.6954531688144394;8.819061505915993
SC4001E;SC4001E0-PSG.edf;SC4001EC-Hypnogram.edf;Fpz-Cz;100.0;261;36660.0;5;REM;4.79750844168076e-08;9.54698616223981e-06;9.11449447819984e-11;-3.107704822732781e-05;3.078921441104748e-05;6.186626263837529e-05;9.545515425709736e-06;0.1622557374584313;0.0935034673736967;4.868278234408337e-11;1.7350603863583868e-11;5.976551377174761e-12;2.4634036320955725e-12;7.447334121693754e-11;0.6450328229692593;0.2298904962178895;0.0791875817448707;0.0326393875290993;2.652925359077292;6.978058314507541
SC4001E;SC4001E0-PSG.edf;SC4001EC-Hypnogram.edf;Fpz-Cz;100.0;262;36690.0;5;REM;-1.885682105396388e-08;1.0364610406845804e-05;1.0742514888569635e-10;-4.662868067122258e-05;3.956316291720242e-05;8.6191843588425e-05;1.0362899984195289e-05;-0.0645134077570522;1.1542988233926;6.166495527023079e-11;2.2982293981179228e-11;6.756530228748904e-12;2.4560497592275245e-12;9.385982923938644e-11;0.6500639497738744;0.2422763583432303;0.0712264641727137;0.025891357584352;2.5712700927869574;7.950069612527908
SC4001E;SC4001E0-PSG.edf;SC4001EC-Hypnogram.edf;Fpz-Cz;100.0;263;36720.0;5;REM;1.0744577163666626e-08;8.127048770876062e-06;6.604892172419811e-11;-2.565044840277657e-05;2.595918394309444e-05;5.1609632345871005e-05;8.125701253608524e-06;-0.0014287312379974;-0.2711200715394164;3.39017402457661e-11;1.8145564556355743e-11;4.123818113738645e-12;3.2978069040422437e-12;5.946892981990274e-11;0.5606472670632197;0.3000807953836701;0.0681973060548746;0.0545372129763871;1.7707359919304002;6.616499550377161
SC4001E;SC4001E0-PSG.edf;SC4001EC-Hypnogram.edf;Fpz-Cz;100.0;264;36750.0;5;REM;4.0712868485663784e-08;1.080574123143546e-05;1.1676404356074435e-10;-5.271422694611421e-05;5.3494811116675e-05;0.0001062090380627;1.0804016834055336e-05;0.1697955231956859;2.674414211432107;7.731246917493306e-11;2.3027906405270104e-11;6.358523877688462e-12;2.9914524082607865e-12;1.0969035186615244e-10;0.6984571633525917;0.2080389665136814;0.0574442466799386;0.027025412403405;3.2176115501255627;10.50651876109958
SC4001E;SC4001E0-PSG.edf;SC4001EC-Hypnogram.edf;Fpz-Cz;100.0;265;36780.0;5;REM;-4.875756522916119e-08;1.1552475758001406e-05;1.3345969613921016e-10;-6.742180848290624e-05;5.659262198726464e-05;0.0001240144304701;1.1550653092963942e-05;-0.0303858844084037;3.7081235439544855;7.756787828616405e-11;3.2597465277951026e-11;5.0552719897577455e-12;2.4806922876034575e-12;1.1770130784147636e-10;0.6534711343682471;0.2746175747404941;0.042588174314886;0.0208986095664285;2.3087419733734924;12.809974253405477
SC4001E;SC4001E0-PSG.edf;SC4001EC-Hypnogram.edf;Fpz-Cz;100.0;266;36810.0;5;REM;-3.4555958579598264e-08;8.289497925396742e-06;6.871577585515689e-11;-2.822003761888512e-05;2.888906338534675e-05;5.7109101004231866e-05;8.288188264681967e-06;0.2154035101597819;0.1170004920889855;3.584214397552198e-11;1.507307497080957e-11;3.5722537909622598e-12;2.15327088278659e-12;5.6640743620080404e-11;0.6218195971197635;0.2615003558968405;0.0619744570699429;0.0373567505821776;2.22994940548807;7.839053913929562
SC4001E;SC4001E0-PSG.edf;SC4001EC-Hypnogram.edf;Fpz-Cz;100.0;267;36840.0;2;N1;-4.860072037899547e-10;1.2612851822627582e-05;1.5908403109955989e-10;-7.260412168875376e-05;5.971047377211031e-05;0.0001323145954608;1.2610749514814587e-05;0.0739278903753558;1.433586367670138;6.337746358167803e-11;5.4626284378308375e-11;8.295511884430157e-12;1.5533275849986858e-11;1.4183253569440343e-10;0.4437186756753863;0.3824498676910963;0.0580785872357456;0.108751663439071;1.1393438244167935;6.818071384302604
SC4001E;SC4001E0-PSG.edf;SC4001EC-Hypnogram.edf;Fpz-Cz;100.0;268;36870.0;2;N1;3.778533928969661e-08;1.837944553088367e-05;3.3780401802271965e-10;-7.331594315357058e-05;7.632688972394526e-05;0.0001496428328775;1.837642088153305e-05;0.2699813047665176;2.840085524590833;1.9838429864426451e-10;3.555710473054378e-11;5.949452859468826e-12;6.930248561233042e-12;2.468211047955102e-10;0.8005141402624346;0.1434789210542974;0.0240070467944125;0.027964723048715;5.4266961266906;28.546750752321508
SC4001E;SC4001E0-PSG.edf;SC4001EC-Hypnogram.edf;Fpz-Cz;100.0;269;36900.0;2;N1;-1.0955854264075427e-08;1.4754509027319347e-05;2.1769553663724815e-10;-8.105395804039335e-05;6.15825440386301e-05;0.000142636502079;1.4752053805796392e-05;-0.4440392703361657;5.385578684589792;9.549971305329998e-11;2.8196615804441515e-11;8.205301108218246e-12;5.473458857661755e-12;1.3737508882362152e-10;0.6901510515019634;0.2037694504419221;0.0592975309210247;0.0395552328399112;3.270917208109172;10.374425771693703
SC4001E;SC4001E0-PSG.edf;SC4001EC-Hypnogram.edf;Fpz-Cz;100.0;270;36930.0;2;N1;1.2876352127263265e-07;9.50894840309091e-06;9.042009973264516e-11;-3.8181154395346544e-05;3.090599927706798e-05;6.908715367241453e-05;9.508235364346608e-06;-0.2125697163291841;0.3152932921826865;6.321927079019062e-11;1.446312522362728e-11;2.9328019212982493e-12;2.566971798431007e-12;8.318216973354714e-11;0.7509817220236998;0.1718074655168175;0.0348387542229089;0.0304930581684455;4.08838898191118;16.07486775467233
SC4001E;SC4001E0-PSG.edf;SC4001EC-Hypnogram.edf;Fpz-Cz;100.0;271;36960.0;2;N1;-1.4950610103843545e-07;1.0645626314976713e-05;1.1332935963812463e-10;-4.332321281758246e-05;3.808956542992984e-05;8.141277824751229e-05;1.0644901843566227e-05;-0.1601167739333914;0.2823323338888128;8.267692156264061e-11;1.2367638491836443e-11;3.4149459529126186e-12;2.5242758871226347e-12;1.0098378189451231e-10;0.8106869545998803;0.1212706399202669;0.0334851864627347;0.0247517383669262;6.18485618182531;18.726598795189595
SC4001E;SC4001E0-PSG.edf;SC4001EC-Hypnogram.edf;Fpz-Cz;100.0;272;36990.0;2;N1;4.1625830973850845e-09;1.0243042474193887e-05;1.0491991912814007e-10;-3.5992158319588806e-05;5.179384245002469e-05;8.77860007696135e-05;1.024133600409937e-05;0.2006707149882932;1.1344644268791138;7.197186932705548e-11;1.0119573438500007e-11;4.088851972637656e-12;2.842279630105164e-12;8.902257436829831e-11;0.7994869046135673;0.1124115091076938;0.0454202959794222;0.0315729654483873;6.472538692704045;14.143046351916382
SC4001E;SC4001E0-PSG.edf;SC4001EC-Hypnogram.edf;Fpz-Cz;100.0;273;37020.0;3;N2;3.6577497678781823e-08;1.626568326619585e-05;2.6457245211620377e-10;-5.8244242835318944e-05;8.577097053613216e-05;0.0001440152133714;1.6263013226710732e-05;0.4906490901050856;2.896390627323459;1.7405298075369218e-10;3.267046403011561e-11;6.714177751382418e-12;3.692832374928365e-12;2.1713045491011854e-10;0.7979306733001191;0.1497748860587926;0.0307805608994352;0.0169294671688554;5.169307455876323;22.56273920088256
SC4001E;SC4001E0-PSG.edf;SC4001EC-Hypnogram.edf;Fpz-Cz;100.0;274;37050.0;3;N2;-7.534466491586746e-09;1.0181160726698933e-05;1.0365603374287675e-10;-3.757679128156255e-05;3.5797171769817604e-05;7.337396305138016e-05;1.0179466513517024e-05;-0.06419258915261;0.316902462825678;6.411270826064245e-11;9.364888210160739e-12;3.312278559031191e-12;2.944806022005736e-12;7.973468105184012e-11;0.7941160778163647;0.1159958531841786;0.0410267126330054;0.036475105662644;6.185566786701329;14.867478383642778
SC4001E;SC4001E0-PSG.edf;SC4001EC-Hypnogram.edf;Fpz-Cz;100.0;275;37080.0;3;N2;-1.9373110962161483e-08;1.1520741356725403e-05;1.3272748140856312e-10;-3.723023482032841e-05;3.663844485139656e-05;7.386867967172498e-05;1.1518837364603628e-05;-0.0408199464851552;-0.0372995494039782;9.6766525354588e-11;1.0434406993010638e-11;8.846045831472737e-12;3.68594443388799e-12;1.1973292261295932e-10;0.8014924451452085;0.0864255313893198;0.0732695410665327;0.030529737490943;8.462749787875945;9.827958046394142
SC4001E;SC4001E0-PSG.edf;SC4001EC-Hypnogram.edf;Fpz-Cz;100.0;276;37110.0;3;N2;4.848945155083418e-08;1.089680486348735e-05;1.1874035623292154e-10;-4.70467125110616e-05;3.625076198338563e-05;8.329747449444723e-05;1.0895096481495195e-05;-0.0078677329405655;0.3321846147766978;8.773056106168662e-11;1.297277814182362e-11;8.737366574636682e-12;3.374765964423057e-12;1.1281547174256996e-10;0.7708140177999464;0.1139807966632664;0.0767678281420212;0.0296512056994866;6.278677022652325;9.00968042942966
SC4001E;SC4001E0-PSG.edf;SC4001EC-Hypnogram.edf;Fpz-Cz;100.0;277;37140.0;3;N2;-4.271733308229213e-08;1.3146709270318312e-05;1.7283596463827344e-10;-3.870596496277655e-05;6.260619928828657e-05;0.000101312164251;1.3144587381146902e-05;0.4003399966983254;1.217662349543546;1.3458414432240975e-10;1.4976602255325736e-11;7.525332761007429e-12;2.59114088345939e-12;1.596772202222023e-10;0.8376056303207874;0.093209244189154;0.0468350943002409;0.0161263736071365;8.423827680728966;15.786380203006422
SC4001E;SC4001E0-PSG.edf;SC4001EC-Hypnogram.edf;Fpz-Cz;100.0;278;37170.0;3;N2;-5.22031745712304e-08;1.1367410568331851e-05;1.292180230290227e-10;-4.222747482937184e-05;5.952643538324816e-05;0.0001017539102126;1.1365635729078906e-05;0.0587038305443298;0.6672545614323226;9.615125547837624e-11;1.838287417656327e-11;6.509135957373708e-12;2.571149983195844e-12;1.2361441559550906e-10;0.7715901488514577;0.1475180386531922;0.0522342132430486;0.020632845493106;4.960629399051519;12.804569796603442
SC4001E;SC4001E0-PSG.edf;SC4001EC-Hypnogram.edf;Fpz-Cz;100.0;279;37200.0;3;N2;5.19968879937681e-08;1.1993829425423615e-05;1.4385194428615743e-10;-6.048330692160696e-05;4.666949854379752e-05;0.0001071528054654;1.1991943016643429e-05;-0.2197368592509364;1.0825864233569629;1.0044128661637379e-10;1.5087164250393644e-11;8.248260956271464e-12;3.040001601826849e-12;1.2681671342486578e-10;0.7858227920671422;0.1180374917030103;0.0645319437126665;0.0237840695506057;6.243566924103237;10.860559308532723
SC4001E;SC4001E0-PSG.edf;SC4001EC-Hypnogram.edf;Fpz-Cz;100.0;280;37230.0;3;N2;-2.4005157317170294e-09;1.687131390675504e-05;2.8464123294026597e-10;-7.315948394234366e-05;5.5490409278424606e-05;0.0001286498932207;1.6868501957546843e-05;-0.2397668636817209;1.3662769149210918;2.156272512942825e-10;2.955301061004674e-11;9.052395797810113e-12;3.191566565344958e-12;2.574242242674843e-10;0.834392564804976;0.1143585153203657;0.0350292075886831;0.0123501060103463;7.057479671851973;21.450334391056945
SC4001E;SC4001E0-PSG.edf;SC4001EC-Hypnogram.edf;Fpz-Cz;100.0;281;37260.0;4;N3;7.154276258239852e-08;2.340261118447324e-05;5.476822102516318e-10;-9.774797179132768e-05;9.130055663887948e-05;0.0001890485284302;2.339881979677093e-05;0.0977146007015643;2.224064510574851;4.40865620243729e-10;2.6824611347483557e-11;7.670168039310732e-12;3.179647135630002e-12;4.785400467661531e-10;0.9193509973082942;0.05593820897416;0.0159948435819606;0.0066306185626673;15.84444845385417;50.84856697642244
SC4001E;SC4001E0-PSG.edf;SC4001EC-Hypnogram.edf;Fpz-Cz;100.0;282;37290.0;2;N1;-1.883292442713145e-08;1.468847060803139e-05;2.1575116880300203e-10;-5.671779734409367e-05;4.899109145662296e-05;0.0001057088888007;1.4686034400946255e-05;-0.165794044315028;0.5777583195645706;1.3588848252317767e-10;4.359428793068868e-11;6.847795497753191e-12;5.621600147964144e-12;1.9195216609958367e-10;0.7042599483078354;0.2259331357191887;0.0354896015742005;0.0291346827641354;3.047217229578468;17.315497398228878
SC4001E;SC4001E0-PSG.edf;SC4001EC-Hypnogram.edf;Fpz-Cz;100.0;283;37320.0;2;N1;-8.64965665591792e-08;1.0522422331539171e-05;1.1072137172327423e-10;-4.683360727137554e-05;3.6887216261935945e-05;8.372082353331148e-05;1.0521024011729704e-05;-0.1656747600501517;0.5392299249809476;5.4803253200110537e-11;3.568245756511469e-11;4.841381842496771e-12;3.442684466755153e-12;9.876977707447715e-11;0.5492971399465036;0.357647963255226;0.0485255353320347;0.0345062860487823;1.4939907748228096;9.38189878316294
SC4001E;SC4001E0-PSG.edf;SC4001EC-Hypnogram.edf;Fpz-Cz;100.0;284;37350.0;2;N1;5.599158326152648e-08;1.1313210133010396e-05;1.2798872351364908e-10;-4.014504226079772e-05;4.046014547972335e-05;8.060518774052106e-05;1.131146302045882e-05;-0.0761632197462907;-0.0026293425551138;6.172173541132901e-11;3.6017357603718696e-11;7.532200339865599e-12;3.582075936777004e-12;1.0885336929169032e-10;0.5618556427472075;0.3278675732565189;0.0685659473936168;0.0326077930961373;1.667372805808499;7.233976342883349
SC4001E;SC4001E0-PSG.edf;SC4001EC-Hypnogram.edf;Fpz-Cz;100.0;285;37380.0;2;N1;-2.9012821733223932e-08;1.0025081485378598e-05;1.0050225878848076e-10;-3.7214231789632565e-05;5.349024394502948e-05;9.070447573466204e-05;1.002345248800912e-05;0.1725529482531607;1.3405184522186948;5.672558279236575e-11;2.426227839483931e-11;3.5937040639312998e-12;3.6285744087126472e-12;8.821013965984903e-11;0.6358647459656017;0.2719677212405383;0.0402835829832102;0.0406744616985031;2.245465824806756;12.348549667742397
SC4001E;SC4001E0-PSG.edf;SC4001EC-Hypnogram.edf;Fpz-Cz;100.0;286;37410.0;3;N2;-3.6354428794816384e-08;1.636214234323814e-05;2.677197020603865e-10;-7.7712453869951e-05;8.286088344116015e-05;0.0001605733373111;1.635945548617657e-05;0.0040637841187211;2.920769335188524;1.931111155154608e-10;1.588983760719306e-11;3.019838110007425e-12;2.732602071324616e-12;2.1475339330398587e-10;0.8950548242056;0.0736481469137547;0.0139967120042122;0.0126653955679599;11.43356851656279;48.03952553081898
SC4001E;SC4001E0-PSG.edf;SC4001EC-Hypnogram.edf;Fpz-Cz;100.0;287;37440.0;3;N2;9.418497076235092e-08;1.4934725834398271e-05;2.2304603574864319e-10;-7.666163441401164e-05;5.427996490621696e-05;0.0001309415993202;1.4932533538511737e-05;-0.6237196316046911;2.790491373926153;1.6051074604050866e-10;3.218079849077526e-11;6.190592964130346e-12;3.684082727051594e-12;2.0256622022246583e-10;0.7884940137174807;0.1580851599818806;0.0304107084041989;0.0180977115113964;4.837458811762259;22.32232401989693
SC4001E;SC4001E0-PSG.edf;SC4001EC-Hypnogram.edf;Fpz-Cz;100.0;288;37470.0;3;N2;-1.3199107510545564e-08;9.859971036336188e-06;9.721902883738852e-11;-3.4631160707930675e-05;4.245983874290695e-05;7.709099945083762e-05;9.858336406863066e-06;0.1757723888220781;0.765316440965286;5.4371181612281195e-11;2.7455219178791148e-11;4.746411949381888e-12;3.1964993513084987e-12;8.976931209176275e-11;0.5990040065227656;0.3024724826716263;0.0522909322545435;0.0352156392688865;1.9107630579351251;9.461761894416505
SC4001E;SC4001E0-PSG.edf;SC4001EC-Hypnogram.edf;Fpz-Cz;100.0;289;37500.0;2;N1;1.4841489811798728e-08;8.391487700310886e-06;7.041706582446889e-11;-2.6381807960212803e-05;2.7527985517138534e-05;5.3909793477351344e-05;8.390102129236206e-06;-0.0930601332785718;-0.0894854113077059;3.2920352759741925e-11;2.268831980875424e-11;4.708542764937296e-12;2.756138097386164e-12;6.307335343081965e-11;0.5137916309513317;0.3540991472102509;0.0734867540532451;0.0430153558352768;1.3897293275978109;5.7668575178141
SC4001E;SC4001E0-PSG.edf;SC4001EC-Hypnogram.edf;Fpz-Cz;100.0;290;37530.0;3;N2;9.426925444307652e-09;1.1074937398744969e-05;1.2265423838611996e-10;-5.758322736316308e-05;5.249337642634284e-05;0.0001100766037895;1.1073095434742473e-05;-0.2723415729416736;2.5756630545052834;8.444188697412511e-11;1.641156591163363e-11;4.168059057466206e-12;2.507584078347605e-12;1.0752909602157257e-10;0.7780575907251674;0.1512181204234067;0.0384049919354134;0.0231051779685805;4.849758338950135;16.33918769796823
SC4001E;SC4001E0-PSG.edf;SC4001EC-Hypnogram.edf;Fpz-Cz;100.0;291;37560.0;3;N2;-1.0288864773422865e-07;1.3483365654053478e-05;1.8180114936090895e-10;-7.609702693444255e-05;7.868013925482749e-05;0.0001547771661892;1.3481510859381495e-05;0.438683140566357;6.114610339825548;1.4486231850426084e-10;1.5418501897582078e-11;3.6189906113470896e-12;2.51481225775922e-12;1.664146232709493e-10;0.8652907116113203;0.0920977008838007;0.0216169325035005;0.0150214611401607;8.823114277289479;31.36233231312261
SC4001E;SC4001E0-PSG.edf;SC4001EC-Hypnogram.edf;Fpz-Cz;100.0;292;37590.0;3;N2;6.05069073213109e-08;1.633995956666652e-05;2.669942786402968e-10;-6.145459001634151e-05;8.062735217687555e-05;0.0001420819421932;1.633734805998973e-05;0.3977361074012672;2.3623029373808078;2.127633198375033e-10;2.1501320054499198e-11;8.408655773034861e-12;5.362214052752521e-12;2.4803550971778987e-10;0.8543493258395533;0.0863383702945205;0.0337648867125963;0.0215319255427832;9.455592797319492;22.613572541072383
SC4001E;SC4001E0-PSG.edf;SC4001EC-Hypnogram.edf;Fpz-Cz;100.0;293;37620.0;3;N2;-1.1116099306368477e-07;1.3688415247794027e-05;1.8737271199604006e-10;-5.477407130792522e-05;7.971075838002112e-05;0.0001344848296879;1.3686585081449412e-05;0.5751856207656224;4.235107435652948;1.4660942847099864e-10;2.1793907924407868e-11;6.872285609410677e-12;3.795231683437502e-12;1.7907085368825468e-10;0.8141763393026075;0.1210296251615394;0.038164341805744;0.021076324156312;6.431956685847988;18.62348951056082
SC4001E;SC4001E0-PSG.edf;SC4001EC-Hypnogram.edf;Fpz-Cz;100.0;294;37650.0;3;N2;-1.0672025790364004e-08;1.3710957728623523e-05;1.879903618361012e-10;-6.104918134978698e-05;5.796832876985299e-05;0.0001190175101196;1.370867653255741e-05;0.1387566790570285;1.2218080170220995;1.2458569968090588e-10;1.2163163545049312e-11;1.1454853969989558e-11;4.320053607339501e-12;1.525237708032843e-10;0.8115075537099866;0.0792265815346238;0.0746129013771234;0.0281393140927664;9.464723222083098;10.002983574203268
SC4001E;SC4001E0-PSG.edf;SC4001EC-Hypnogram.edf;Fpz-Cz;100.0;295;37680.0;3;N2;1.4647536876472597e-07;1.2257509924448264e-05;1.502465495479477e-10;-4.1190143976354646e-05;7.150427379296056e-05;0.0001126944177693;1.2256342129624963e-05;0.4070208216090133;2.33729893301042;9.042802311641238e-11;1.0867035579575329e-11;6.711356199888151e-12;3.5888964063934128e-12;1.1159531130226924e-10;0.803124233776064;0.096514103952358;0.0596060006608187;0.0318742971166782;7.62010213166045;11.726604344605946
SC4001E;SC4001E0-PSG.edf;SC4001EC-Hypnogram.edf;Fpz-Cz;100.0;296;37710.0;3;N2;-5.4681087073300686e-08;1.6431873611750248e-05;2.700064703925341e-10;-7.99157290461241e-05;6.977452227618939e-05;0.0001496902513223;1.6429225735165374e-05;-0.0025205216711759;2.615631794655128;1.8585340090687503e-10;1.6496222153107116e-11;9.451684918646816e-12;4.044784371872809e-12;2.1584609235050179e-10;0.8570751674255151;0.0760734121343687;0.0435870659055708;0.0186527888422124;10.622487487898624;17.782147314381305
SC4001E;SC4001E0-PSG.edf;SC4001EC-Hypnogram.edf;Fpz-Cz;100.0;297;37740.0;3;N2;3.5187551979332376e-08;1.3826673833914725e-05;1.911769093094621e-10;-4.9153633887481386e-05;5.22737861197476e-05;0.0001014274200072;1.382441397806214e-05;-0.0799457070483826;0.917817917253172;1.5662701529959672e-10;1.636567252469806e-11;7.170300239742911e-12;2.8226996858451e-12;1.8298568774988279e-10;0.8512999962938502;0.0889507913623487;0.0389720544431178;0.0153419525201459;9.019346361440157;19.17028881481168
SC4001E;SC4001E0-PSG.edf;SC4001EC-Hypnogram.edf;Fpz-Cz;100.0;298;37770.0;3;N2;1.7777347808801556e-07;1.5920993653362397e-05;2.534780389104057e-10;-7.216921237738822e-05;8.04106978441136e-05;0.0001525799102215;1.591933257521434e-05;0.2049691730439311;3.222238824478145;2.1486425420286435e-10;1.831027668427541e-11;7.867724005972587e-12;3.3466500511582808e-12;2.4438890494427057e-10;0.8756070460955087;0.0746173780287001;0.0320622646234123;0.0136381473804544;11.126938143658547;24.229921235499557
SC4001E;SC4001E0-PSG.edf;SC4001EC-Hypnogram.edf;Fpz-Cz;100.0;299;37800.0;3;N2;-2.1992815595609857e-07;1.3242560096208848e-05;1.7536539790170287e-10;-4.510207718459389e-05;4.871516750607093e-05;9.38172446906648e-05;1.3242179245231928e-05;0.1340852554846547;0.7413343423609069;1.192281662414835e-10;2.0835097319759512e-11;1.0439507575981244e-11;3.6737584410473776e-12;1.5417652957827159e-10;0.7683389141741591;0.1342670658789943;0.067275042200989;0.0236747042289943;5.4603908787522935;10.42249112993454
SC4001E;SC4001E0-PSG.edf;SC4001EC-Hypnogram.edf;Fpz-Cz;100.0;300;37830.0;3;N2;1.4586818337338107e-07;1.6132915581741337e-05;2.6027096516759235e-10;-5.14266162962337e-05;5.685991602307666e-05;0.0001082865323193;1.613088607938584e-05;-0.0093928002797558;0.2185478309405697;1.9747832037920315e-10;2.1630843389862303e-11;1.0188868347984168e-11;3.1343545525569672e-12;2.3243238666960654e-10;0.8459765296351452;0.0926642772173596;0.0436480494131484;0.0134272480236139;8.726069858610103;17.64953471945906
SC4001E;SC4001E0-PSG.edf;SC4001EC-Hypnogram.edf;Fpz-Cz;100.0;301;37860.0;3;N2;-2.401511921385508e-07;1.2115881713416729e-05;1.4679458969350584e-10;-4.263516536214602e-05;4.700701518230349e-05;8.964218054444951e-05;1.2116242435618956e-05;0.0241734630971673;0.2729278115640929;1.021719225390557e-10;1.887591954110912e-11;1.2197136503259678e-11;3.4881956235378867e-12;1.3673317420696239e-10;0.7418105560068544;0.1370470088255248;0.0885562724702173;0.0253257477265165;5.14048783140497;7.741976641206928
SC4001E;SC4001E0-PSG.edf;SC4001EC-Hypnogram.edf;Fpz-Cz;100.0;302;37890.0;3;N2;2.018482586471231e-07;1.6109315698352498e-05;2.595100522691862e-10;-7.401938258589365e-05;6.702624303348725e-05;0.0001410456256193;1.610789531993391e-05;-0.0960163689186201;1.1110008268855331;1.81409799166524e-10;2.8586229673162167e-11;7.765517972144057e-12;2.798617357817373e-12;2.2056016416964759e-10;0.8187834660910405;0.1290224250387981;0.0350492517517636;0.0126314103814911;6.131561918181209;20.695844757038465
SC4001E;SC4001E0-PSG.edf;SC4001EC-Hypnogram.edf;Fpz-Cz;100.0;303;37920.0;3;N2;-1.2075895189455429e-07;1.5393124746576604e-05;2.36948289463669e-10;-6.184954097031291e-05;5.383002584450101e-05;0.0001156795668148;1.53910327601814e-05;-0.1120162425622176;0.8360262209062448;1.7388226132952095e-10;1.954344870199361e-11;8.332738963148633e-12;3.926679271535502e-12;2.0568512826619863e-10;0.8412906278654482;0.0945566275906545;0.0403161032099829;0.0189983638613716;8.464122253857347;18.631428781637904
SC4001E;SC4001E0-PSG.edf;SC4001EC-Hypnogram.edf;Fpz-Cz;100.0;304;37950.0;3;N2;9.086372448124042e-08;1.6351701675998087e-05;2.673781477008386e-10;-5.489461606564275e-05;8.475181113514762e-05;0.0001396464272007;1.6349228662785032e-05;0.8449231170284507;3.198304873056518;1.61869621464559e-10;2.4322202245075218e-11;6.527747216910979e-12;2.9614385495141416e-12;1.9568100947605935e-10;0.8230058504161901;0.1236631961055487;0.0331895145052403;0.0150570640114322;6.392399045625668;21.503062842083903
SC4001E;SC4001E0-PSG.edf;SC4001EC-Hypnogram.edf;Fpz-Cz;100.0;305;37980.0;3;N2;-1.8544810470044722e-08;1.5165213018064328e-05;2.2998368588326774e-10;-4.454481855010108e-05;6.572399133379937e-05;0.0001102688098839;1.5162696612563194e-05;0.3795452562671324;1.1472027926682822;1.5672946899442373e-10;1.837738203769717e-11;7.558100898220671e-12;2.5084411785592015e-12;1.851733931089008e-10;0.8418467664858316;0.0987111086649608;0.0405971055906985;0.0134736824455463;8.088268512718534;18.31358041443629
SC4001E;SC4001E0-PSG.edf;SC4001EC-Hypnogram.edf;Fpz-Cz;100.0;306;38010.0;3;N2;6.29694905888946e-08;1.798525549194617e-05;3.2346941511057993e-10;-6.507787770984029e-05;5.642209632121603e-05;0.000121499974031;1.798236795110574e-05;-0.3673767118466851;0.7920689970708845;2.1851584885315583e-10;3.557585682767681e-11;7.911652423299675e-12;2.8149431786619968e-12;2.648183012827943e-10;0.8220496775377588;0.1338352425547591;0.0297633849329386;0.0105897267610151;5.974319340833753;24.520239173808243
SC4001E;SC4001E0-PSG.edf;SC4001EC-Hypnogram.edf;Fpz-Cz;100.0;307;38040.0;3;N2;-1.8887257583609293e-07;1.773437060658e-05;3.145079008115287e-10;-6.351580200735574e-05;7.149304409023659e-05;0.0001350088460975;1.7732420525537243e-05;0.3155691493616803;1.2935928496475038;2.26026472211377e-10;2.7557938611225383e-11;1.1101516941365872e-11;4.17366937869806e-12;2.688595971426664e-10;0.8375706278546168;0.1021195425436597;0.0411381216710882;0.0154660772597669;7.9146634247099295;18.677532189271627
SC4001E;SC4001E0-PSG.edf;SC4001EC-Hypnogram.edf;Fpz-Cz;100.0;308;38070.0;3;N2;9.981639459727494e-08;2.0492898319595847e-05;4.199588815372943e-10;-8.268709548168128e-05;8.037149145053345e-05;0.0001630585869322;2.0489725682792317e-05;0.0651425985007268;1.7951734664708514;3.0715487910624876e-10;3.8121642853683535e-11;8.599315239847869e-12;3.931669461408642e-12;3.5780750666118886e-10;0.8560436261894763;0.1062453882540441;0.023966374950923;0.0109576009097301;7.851277622849834;31.997582268286525
SC4001E;SC4001E0-PSG.edf;SC4001EC-Hypnogram.edf;Fpz-Cz;100.0;309;38100.0;3;N2;6.402288986827828e-08;1.871188122380852e-05;3.5013449893391794e-10;-7.086499096636207e-05;6.101685818200962e-05;0.0001318818491483;1.870887186242667e-05;0.0352884169368038;0.6252498964914928;2.588459078171225e-10;3.158434830403541e-11;1.0597699908026917e-11;5.046227092748637e-12;3.0607418312193335e-10;0.8429425918698598;0.1028557594224515;0.0345118557355854;0.0164332508889061;7.943872481410519;22.31872783998937
SC4001E;SC4001E0-PSG.edf;SC4001EC-Hypnogram.edf;Fpz-Cz;100.0;310;38130.0;3;N2;-9.365034759900474e-09;1.8928770202756613e-05;3.582983413887666e-10;-5.7338756525739446e-05;7.206492831085162e-05;0.0001294036848365;1.892561746184731e-05;0.1446180194912966;0.5921715484474475;2.5067581732935066e-10;2.789032427840101e-11;1.1953291447509291e-11;3.75023095244393e-12;2.942696640077049e-10;0.8489724746081923;0.0944571274266537;0.0404826262382219;0.0127010370843449;8.676808709854496;19.35228728120308
SC4001E;SC4001E0-PSG.edf;SC4001EC-Hypnogram.edf;Fpz-Cz;100.0;311;38160.0;3;N2;3.2479395080663145e-08;2.3330028293820237e-05;5.442902201904527e-10;-0.0001045474772151;8.19648084352342e-05;0.0001865122856503;2.3326162243887457e-05;-0.3613205369736627;1.7799292331708705;4.084326831406204e-10;3.975006665856767e-11;1.2171781778695203e-11;5.128549422666742e-12;4.6548308100054996e-10;0.8755573348224794;0.0852122365795316;0.0260926543200413;0.0109940738079216;10.02287153448736;31.00815743859672
SC4001E;SC4001E0-PSG.edf;SC4001EC-Hypnogram.edf;Fpz-Cz;100.0;312;38190.0;3;N2;-4.751412719706426e-08;1.823888421982069e-05;3.3265689758402434e-10;-6.262894992252764e-05;8.409778876771471e-05;0.0001467267386902;1.823590605217573e-05;0.309440940837267;1.4960907824471992;2.5184788666731e-10;2.5947423395381098e-11;6.966501147603673e-12;3.192476583136582e-12;2.8795428779343136e-10;0.8715838362895375;0.0897976755891938;0.0241093537694235;0.011048379338876;9.34589860307304;31.613362252896422
SC4001E;SC4001E0-PSG.edf;SC4001EC-Hypnogram.edf;Fpz-Cz;100.0;313;38220.0;3;N2;-2.401099509668601e-07;2.002050156575776e-05;4.0082048294450876e-10;-6.648302476727209e-05;6.706030052090724e-05;0.0001335433252881;2.00186045693853e-05;0.0211019072890042;0.2413819412174307;2.742375653996016e-10;3.751949207781048e-11;1.1208945281397683e-11;3.697852379562237e-12;3.2666385513837206e-10;0.8369478692844878;0.1145060448060896;0.0342086718007519;0.0112855059280207;7.119449156952376;22.462019370129145
SC4001E;SC4001E0-PSG.edf;SC4001EC-Hypnogram.edf;Fpz-Cz;100.0;314;38250.0;3;N2;3.5294498131661847e-08;1.6799576477157266e-05;2.822257698118557e-10;-6.475631196110383e-05;5.862827784321256e-05;0.0001233845898043;1.679681339590489e-05;-0.0891286910857393;1.2536639205175175;2.077786724683641e-10;2.063227334555344e-11;8.051441063669373e-12;2.4292537368281816e-12;2.3889164061441524e-10;0.866135526591078;0.0860066373830686;0.0335628246280189;0.0101264626420759;9.60503175737993;22.9553140772628
SC4001E;SC4001E0-PSG.edf;SC4001EC-Hypnogram.edf;Fpz-Cz;100.0;315;38280.0;3;N2;1.6153462339813921e-07;1.929187042292413e-05;3.721762644148947e-10;-6.374213673119165e-05;5.9911686546157696e-05;0.0001236538232773;1.928933122466008e-05;-0.2022175462462226;0.3239297801644549;2.615775008768579e-10;2.6020680426929343e-11;8.538915070697478e-12;2.637128120731243e-12;2.98774224495216e-10;0.8725816948315792;0.0868009264997518;0.0284844872339374;0.0087970475953089;9.680640781205664;27.422143811762812
SC4001E;SC4001E0-PSG.edf;SC4001EC-Hypnogram.edf;Fpz-Cz;100.0;316;38310.0;3;N2;-1.5403636970427053e-07;1.926843146382616e-05;3.7127245107616576e-10;-5.666275126387155e-05;5.83570270215138e-05;0.0001150197782853;1.926583558519239e-05;0.1201817325000868;0.122616045665004;2.959299121611382e-10;3.340168757395765e-11;1.2429797515499129e-11;2.9970699108226165e-12;3.4475846716141756e-10;0.8558862335046825;0.0966041058898032;0.0359493655138639;0.0086681027233482;8.602191724604797;22.035321963686336
SC4001E;SC4001E0-PSG.edf;SC4001EC-Hypnogram.edf;Fpz-Cz;100.0;317;38340.0;3;N2;3.2648783145379306e-07;2.1235106836800765e-05;4.509297623703426e-10;-7.904507056826469e-05;8.377081906434401e-05;0.0001628158896326;2.123407748769981e-05;-0.0066551782583784;0.8482561019700379;3.2687067356801397e-10;2.523349159313348e-11;1.2080446765157028e-11;3.1318335752691177e-12;3.673164455015736e-10;0.8874723829474442;0.0685103581480607;0.0327990968437639;0.0085031054505431;12.460052159186128;24.98925911603524
SC4001E;SC4001E0-PSG.edf;SC4001EC-Hypnogram.edf;Fpz-Cz;100.0;318;38370.0;3;N2;-3.312862209373188e-07;2.44918234419832e-05;5.998494155132777e-10;-9.002495556925506e-05;9.66220183930132e-05;0.0001866469739622;2.4489981957287952e-05;-0.237823920132023;0.9783768102143342;4.3745011837001505e-10;3.1244233071161296e-11;1.3317256406269829e-11;3.0907653508846708e-12;4.851023731983309e-10;0.8999135624288229;0.0642750062411515;0.0273959913395369;0.0063582601552608;13.566770758807818;30.554046526571
SC4001E;SC4001E0-PSG.edf;SC4001EC-Hypnogram.edf;Fpz-Cz;100.0;319;38400.0;3;N2;1.6040371093087049e-07;2.1378972409905457e-05;4.5706046130349866e-10;-5.63122094368095e-05;6.65936235405923e-05;0.0001229058329774;2.137601078702193e-05;0.1780759748619463;-0.1658814412034934;3.226428659346095e-10;4.1157868061529035e-11;8.804963342355015e-12;2.099992773942583e-12;3.7470569011243605e-10;0.8587649173959898;0.1095481626834341;0.0234357998137318;0.0055894622551873;7.653206406541123;32.90607569544622
SC4001E;SC4001E0-PSG.edf;SC4001EC-Hypnogram.edf;Fpz-Cz;100.0;320;38430.0;3;N2;3.136963728014543e-08;2.083047514644885e-05;4.339086948268234e-10;-8.31107574838096e-05;6.280501362641988e-05;0.0001459157711102;2.082702673569508e-05;-0.2967967034142308;0.7175745357599759;3.09944320796438e-10;2.8941042790527502e-11;1.1010094488129476e-11;2.280315737790358e-12;3.5217577381288515e-10;0.8775922466319801;0.0819451529137461;0.0311745462302368;0.0064566029350543;10.351821176198165;25.80698437491732
SC4001E;SC4001E0-PSG.edf;SC4001EC-Hypnogram.edf;Fpz-Cz;100.0;321;38460.0;4;N3;-1.6296233244323825e-07;2.4036696961089253e-05;5.777628007992373e-10;-6.351773407744347e-05;8.330149442172559e-05;0.0001468192284991;2.403324301713704e-05;0.2554432071225005;0.2810988270339045;4.4510867855726527e-10;3.5732630518126886e-11;8.540017032441265e-12;2.277275119636853e-12;4.916586012274704e-10;0.9034830153137824;0.0725302073872215;0.0173345538089939;0.0046224203007173;12.11752799292749;46.65701088830899
SC4001E;SC4001E0-PSG.edf;SC4001EC-Hypnogram.edf;Fpz-Cz;100.0;322;38490.0;3;N2;-8.604467877902427e-08;2.08238353918807e-05;4.3363212042814317e-10;-6.947088385441755e-05;6.304390051304988e-05;0.0001325147843674;2.0820542261784318e-05;-0.0404637013773488;0.0743362782525718;3.3743969727517543e-10;2.8357987986977367e-11;9.2397458229964e-12;2.0966205155659343e-12;3.7713405160071517e-10;0.8923811432658006;0.0749945366383494;0.0244351065022648;0.0055446488003144;11.493965370680616;32.953913418178225
SC4001E;SC4001E0-PSG.edf;SC4001EC-Hypnogram.edf;Fpz-Cz;100.0;323;38520.0;4;N3;1.729470589679912e-07;2.61823960103148e-05;6.855178608409482e-10;-7.549819663289008e-05;7.452927697924345e-05;0.0001500274736121;2.617860320132723e-05;-0.0946420017556105;0.0456964263642216;4.546361333654623e-10;4.068090453634864e-11;9.416123426800908e-12;2.291412973718125e-12;5.0702457430233e-10;0.8949097275261023;0.080076647064201;0.0185347794242671;0.0045104372694272;10.90753999757822;43.64734505695985
SC4001E;SC4001E0-PSG.edf;SC4001EC-Hypnogram.edf;Fpz-Cz;100.0;324;38550.0;4;N3;2.3075200007858915e-07;3.03944795824125e-05;9.238243890856903e-10;-8.981111665147143e-05;0.0001044651418369;0.0001942762584883;3.0390289470622066e-05;0.1966534294703756;0.2224312509443984;6.66413246601046e-10;3.6006436894339295e-11;8.213160222157763e-12;2.179855196769546e-12;7.128126989143126e-10;0.933596793128842;0.0504424157052739;0.0115060438608751;0.0030538195805216;18.00803596692618;72.33275342355536
SC4001E;SC4001E0-PSG.edf;SC4001EC-Hypnogram.edf;Fpz-Cz;100.0;325;38580.0;4;N3;-1.9944678423596422e-09;2.899579258491265e-05;8.407559876272755e-10;-7.49852218846044e-05;8.456670890661901e-05;0.0001595519307912;2.8990959618634598e-05;0.0266367926641846;-0.386703437126616;5.706402041509705e-10;3.0127095146152035e-11;8.198988590321382e-12;2.2909059474857365e-12;6.112571938349297e-10;0.9320269486369164;0.0492066005095802;0.0133914124209243;0.003741737901251;18.33258778153328;62.03292878864571
SC4001E;SC4001E0-PSG.edf;SC4001EC-Hypnogram.edf;Fpz-Cz;100.0;326;38610.0;4;N3;-1.5528249291809505e-07;2.8815726226329487e-05;8.30346077950773e-10;-0.0001024348566188;0.0001190297296074;0.0002214645862263;2.8811341665694715e-05;0.2677277810707283;1.5480329110204156;6.092741429960008e-10;4.4244371145677553e-11;1.347817264051814e-11;2.7244976905959826e-12;6.697211844727926e-10;0.9083866099665676;0.0659653700672284;0.020095045381804;0.0040620421028411;13.466297078906534;42.08225430956018
SC4001E;SC4001E0-PSG.edf;SC4001EC-Hypnogram.edf;Fpz-Cz;100.0;327;38640.0;4;N3;-6.245220010095716e-08;2.9760985943837423e-05;8.857162843492887e-10;-7.693337625602452e-05;9.919044244317478e-05;0.0001761238186991;2.9756090903630744e-05;0.347040155965513;0.4619944550903812;7.232062571645388e-10;3.194101170650364e-11;7.754713848748768e-12;2.072568081497413e-12;7.649745508012888e-10;0.9441648634513904;0.0416998341173215;0.0101239836762677;0.002705792352147;21.954585475641423;82.60764082744981
SC4001E;SC4001E0-PSG.edf;SC4001EC-Hypnogram.edf;Fpz-Cz;100.0;328;38670.0;4;N3;8.478460864490192e-08;2.7992394198002137e-05;7.835741329363435e-10;-8.810081752329872e-05;0.0001196661915864;0.0002077670091097;2.798785683092868e-05;0.4405396644914875;1.5198319550437116;5.681240061467047e-10;2.9199251888985325e-11;9.766122111287108e-12;2.1348442983238e-12;6.09224224445301e-10;0.9310086086194534;0.0478500372801943;0.0160041534243656;0.0034984587841696;18.812519205282648;52.76960453115135
SC4001E;SC4001E0-PSG.edf;SC4001EC-Hypnogram.edf;Fpz-Cz;100.0;329;38700.0;4;N3;-5.257334836969658e-07;3.511964653347085e-05;1.2333895726359311e-09;-0.0001058966293143;9.373989937618684e-05;0.0001996365286905;3.511772826471362e-05;-0.0234498763339141;-0.2023548142051976;9.662109210585626e-10;5.252161741279235e-11;1.2622713219349944e-11;2.619735653939572e-12;1.0339749873446444e-09;0.9335596829615134;0.0507467504577506;0.0121961529251398;0.0025312067305711;18.052722764458643;70.92646710687114
SC4001E;SC4001E0-PSG.edf;SC4001EC-Hypnogram.edf;Fpz-Cz;100.0;330;38730.0;4;N3;4.49296541256627e-07;3.09506006692369e-05;9.579396817865676e-10;-0.0001230717812958;0.0001196476560449;0.0002427194373408;3.094870329983618e-05;-0.0839562313476819;2.033898895398483;6.464158215653519e-10;4.7135375183625615e-11;9.268616656903152e-12;1.1962371371322931e-11;7.147821847772036e-10;0.9030901233823766;0.0658515623692102;0.012948934541851;0.0167123066565932;13.429121910848746;62.950623551692736
SC4001E;SC4001E0-PSG.edf;SC4001EC-Hypnogram.edf;Fpz-Cz;100.0;331;38760.0;3;N2;-1.578747679284512e-07;1.780651089960208e-05;3.1707183041764763e-10;-6.604174787452548e-05;6.748188131113696e-05;0.0001335236291856;1.7804242872131824e-05;-0.1967890464909159;0.7297652878565861;2.2626095592277208e-10;2.2832007600018485e-11;7.130092311392758e-12;4.143889955460353e-12;2.6036694578964366e-10;0.8656831308151492;0.0873561403529366;0.0272800077678195;0.0158546825534529;9.493994787186818;27.83005988821442
SC4001E;SC4001E0-PSG.edf;SC4001EC-Hypnogram.edf;Fpz-Cz;100.0;332;38790.0;3;N2;1.2991498064890817e-07;1.785861004654703e-05;3.1892995279463046e-10;-5.958427499935627e-05;5.543153969059062e-05;0.0001150158146899;1.7856105978419894e-05;-0.0735721634957595;0.4732159498682149;1.9103163253690414e-10;3.4299167230459276e-11;9.519435462999808e-12;3.0748885839690386e-12;2.3792512381433226e-10;0.799546022984816;0.1435561345868047;0.0398427562201341;0.012869674544392;5.411788648998636;18.15987494850109
SC4001E;SC4001E0-PSG.edf;SC4001EC-Hypnogram.edf;Fpz-Cz;100.0;333;38820.0;3;N2;4.1741581331113444e-08;2.078487925828576e-05;4.3201120578151764e-10;-8.071314823202014e-05;6.783180402197039e-05;0.0001485449522539;2.078145674407521e-05;-0.2531171951978508;1.0510931383323818;3.3851101609973355e-10;2.8631700212900177e-11;9.850063612901495e-12;2.4904835135071244e-12;3.794832634390424e-10;0.8896870076230482;0.0752508795107285;0.0258882966989679;0.0065455796688574;11.423948462881745;31.19898907295069
SC4001E;SC4001E0-PSG.edf;SC4001EC-Hypnogram.edf;Fpz-Cz;100.0;334;38850.0;3;N2;-1.2534850675783757e-07;2.440189028837608e-05;5.954522496459429e-10;-9.126126673825356e-05;7.654689804869893e-05;0.0001678081647869;2.439814496659273e-05;0.232255895551443;0.5746862980921845;4.2552802198842406e-10;3.0810570824329574e-11;1.0946659367106903e-11;3.837262750979772e-12;4.711225149308402e-10;0.9013084708547704;0.0652596939352551;0.0231860566292002;0.0081276842972461;13.376937633038915;35.61899681847824
SC4001E;SC4001E0-PSG.edf;SC4001EC-Hypnogram.edf;Fpz-Cz;100.0;335;38880.0;3;N2;-2.2174070913639695e-07;1.965018379406104e-05;3.861297231403791e-10;-7.705593940183648e-05;8.351934164769169e-05;0.0001605752810495;1.9648159765605377e-05;-0.0490227745690336;1.102716335951934;2.6575550371254606e-10;3.312278493684207e-11;7.303089594223179e-12;2.315956502328051e-12;3.084973347459395e-10;0.8586681495357619;0.1070212283541373;0.0235966154610609;0.0074829610543469;7.788212603526749;32.006821159372265
SC4001E;SC4001E0-PSG.edf;SC4001EC-Hypnogram.edf;Fpz-Cz;100.0;336;38910.0;4;N3;2.814386712063403e-07;2.4773101916083616e-05;6.137065785446658e-10;-6.568722934379802e-05;9.942922825507356e-05;0.0001651164575988;2.477057160040521e-05;0.651257433345189;1.397784895057212;4.963922360978874e-10;4.1934984678294577e-11;1.0036352408424109e-11;2.1381733097962162e-12;5.505017464944021e-10;0.900073733679329;0.0760378093901833;0.0181982241619718;0.0038770018832894;11.561486275522867;44.97792547100874
SC4001E;SC4001E0-PSG.edf;SC4001EC-Hypnogram.edf;Fpz-Cz;100.0;337;38940.0;4;N3;1.9277502531779002e-07;2.4895327178295945e-05;6.197773153144005e-10;-7.808691582920078e-05;7.871594468582113e-05;0.000156802860515;2.489192409369651e-05;0.153975882752576;-0.0521121707342375;4.46197608022348e-10;2.9630990352541574e-11;8.197440514687717e-12;2.6680290112007122e-12;4.866940679007781e-10;0.9149129288017656;0.0607573319070389;0.0168085713036712;0.0054707022020688;14.566868484724823;48.5132366237976
SC4001E;SC4001E0-PSG.edf;SC4001EC-Hypnogram.edf;Fpz-Cz;100.0;338;38970.0;4;N3;6.02750470567929e-08;2.849460495584877e-05;8.119425115898814e-10;-9.822613422295128e-05;9.47311995704286e-05;0.0001929573337933;2.848991922009109e-05;-0.041870392953856;0.2825689592916074;6.194067824342429e-10;4.126368342929142e-11;1.0373009146691131e-11;2.25594510986222e-12;6.732994201200876e-10;0.9185930818744158;0.0611948968040676;0.0153833873160439;0.0033456133025599;14.65576902378922;54.46287560706424
SC4001E;SC4001E0-PSG.edf;SC4001EC-Hypnogram.edf;Fpz-Cz;100.0;339;39000.0;4;N3;1.0238700382008005e-07;3.305394502993701e-05;1.0925632820420975e-09;-0.0001075472462532;9.20508405223953e-05;0.0001995980867756;3.3048594181598224e-05;-0.0173142519077429;0.1037420431469526;8.396480149265826e-10;3.8971403352484895e-11;9.946712169520276e-12;2.258387744348023e-12;8.908245181929359e-10;0.9414946525891932;0.0436985108140454;0.0111532167669878;0.0025323230055662;21.00621805850067;76.70321480311462
SC4001E;SC4001E0-PSG.edf;SC4001EC-Hypnogram.edf;Fpz-Cz;100.0;340;39030.0;4;N3;2.617696470783061e-07;3.42243403723207e-05;1.1713054739204604e-09;-8.38715375038575e-05;0.0001044024728096;0.0001882740103134;3.42196370832687e-05;0.2908320190447022;0.0361997719354167;8.623017990623662e-10;4.3107343909904217e-11;8.807521190082644e-12;2.2961619728729835e-12;9.165128261352263e-10;0.9398253348616156;0.0469828243071894;0.0095993439428873;0.0025025938684093;19.550073131217;87.92250175654222
SC4001E;SC4001E0-PSG.edf;SC4001EC-Hypnogram.edf;Fpz-Cz;100.0;341;39060.0;4;N3;-6.177830409573349e-07;2.932999324697844e-05;8.602485038678008e-10;-7.418926545058537e-05;0.0001070543479238;0.0001812436133744;2.933161110904422e-05;0.4782677133584198;0.5069155839881709;6.992804398137064e-10;3.6898277240239756e-11;9.661640276116996e-12;4.117028032297781e-12;7.499573853623606e-10;0.9311852489156646;0.0491349815042236;0.0128657637096876;0.005482372385633;18.4515099560046;65.5884480908773
SC4001E;SC4001E0-PSG.edf;SC4001EC-Hypnogram.edf;Fpz-Cz;100.0;342;39090.0;4;N3;-1.4105933238506166e-07;2.6893357383162613e-05;7.23252671338507e-10;-8.404932116650987e-05;9.902883474499944e-05;0.0001830781559115;2.688924478020869e-05;0.1311228141034981;0.6226511398813126;5.903787858310588e-10;2.9255651027743225e-11;9.446712936603136e-12;2.4021391133982168e-12;6.314832889088033e-10;0.9334298568577428;0.046255215814819;0.0149359091414117;0.0037979487450846;19.513008835595866;56.51335395294464
SC4001E;SC4001E0-PSG.edf;SC4001EC-Hypnogram.edf;Fpz-Cz;100.0;343;39120.0;4;N3;2.538924312659697e-07;3.2486779374379386e-05;1.055390834119602e-09;-9.363204385739924e-05;0.0001086576841112;0.0002022897279686;3.248235672702259e-05;0.236709081394323;0.3142531853174399;8.090406098940132e-10;3.944380765325757e-11;9.872679421189132e-12;3.3663899427177864e-12;8.617234869111778e-10;0.9377751065878986;0.0457201041256901;0.0114436196196958;0.0039020497225252;20.00406630429736;74.4104170235463
SC4001E;SC4001E0-PSG.edf;SC4001EC-Hypnogram.edf;Fpz-Cz;100.0;344;39150.0;4;N3;-5.6818985296964615e-08;2.9338444942018748e-05;8.607443516158653e-10;-7.865735569127333e-05;9.916022871687743e-05;0.0001778175844081;2.933360982267753e-05;0.2577056713387948;0.6052365183063615;7.747193325078113e-10;3.677337725828501e-11;8.255357694863155e-12;2.121077293336549e-12;8.21869144754296e-10;0.9414854566446748;0.0446892163750596;0.0100324064251165;0.0025776605027156;20.50966550357603;83.70495858175107
SC4001E;SC4001E0-PSG.edf;SC4001EC-Hypnogram.edf;Fpz-Cz;100.0;345;39180.0;4;N3;1.6983792307831013e-07;3.1017578975743174e-05;9.620902055164648e-10;-0.0001076139211607;9.605108107297374e-05;0.0002036650022336;3.101287399937981e-05;-0.0129041374303125;0.3525804328208979;8.072044628650442e-10;3.0344235277495034e-11;7.190394619529335e-12;2.151511359490766e-12;8.468906041215595e-10;0.9520148695377189;0.0357879131222742;0.0084803329398593;0.0025374869694655;25.7528842454999;98.55501479017022
SC4001E;SC4001E0-PSG.edf;SC4001EC-Hypnogram.edf;Fpz-Cz;100.0;346;39210.0;4;N3;-3.0181315029944046e-08;3.001219421061594e-05;9.007318013357287e-10;-7.836236833747854e-05;7.391105761826085e-05;0.0001522734259557;3.000720693956249e-05;0.0291646563343016;-0.5094118630536184;7.190682435077098e-10;4.6139422098902416e-11;7.547540291096335e-12;2.341877538976674e-12;7.750970834366854e-10;0.9265184199940006;0.0594505804539162;0.0097249950453035;0.0030175059138303;15.254074222612342;84.12575068604677
SC4001E;SC4001E0-PSG.edf;SC4001EC-Hypnogram.edf;Fpz-Cz;100.0;347;39240.0;4;N3;-3.202744780471157e-07;3.196319496155963e-05;1.0216458321506712e-09;-0.000100047475157;0.0001030081415594;0.0002030556167164;3.195947213708704e-05;0.2174099434189738;0.2260063848434108;8.217517944900625e-10;3.3469776158756137e-11;7.421677405393416e-12;2.5176829129509858e-12;8.651609309671633e-10;0.9487287698054988;0.0386415214103266;0.0085684739868217;0.002906714933609;23.8397775113291;97.57578626364813
SC4001E;SC4001E0-PSG.edf;SC4001EC-Hypnogram.edf;Fpz-Cz;100.0;348;39270.0;4;N3;3.959211075477759e-07;3.174527916393797e-05;1.007762749196354e-09;-9.31046721137686e-05;0.0001167716941444;0.0002098763662582;3.1742457085162094e-05;0.1128191708995001;0.6007666813062826;7.96716683112916e-10;3.071818483679529e-11;7.301502177117088e-12;2.115399171106536e-12;8.368517692979348e-10;0.9509041005911018;0.0366630303383319;0.0087145512424414;0.0025247892868676;25.11860900024359;95.97259220253515
SC4001E;SC4001E0-PSG.edf;SC4001EC-Hypnogram.edf;Fpz-Cz;100.0;349;39300.0;4;N3;-1.671861172879669e-07;3.04127877111242e-05;9.249376563619067e-10;-8.131581100332408e-05;8.187645224861813e-05;0.0001631922632519;3.0408178094183807e-05;-0.0690343470955551;-0.3635998614289435;7.524163306526429e-10;2.991306530053317e-11;8.601443008177266e-12;2.1535985134675315e-12;7.930844374748207e-10;0.9475268562689856;0.0376698797871626;0.0108318997354107;0.0027120522854168;24.339751601393782;78.36492181558877
SC4001E;SC4001E0-PSG.edf;SC4001EC-Hypnogram.edf;Fpz-Cz;100.0;350;39330.0;4;N3;-2.888634667948673e-08;3.494356224897366e-05;1.2210525426478971e-09;-0.00010719845541;0.0001073710818597;0.0002145695372698;3.493774977806535e-05;0.1472560772841776;0.3282723098081095;8.931580620685117e-10;4.0196691868480077e-11;8.27257366864928e-12;2.3021198956732414e-12;9.439294475013147e-10;0.9452113747013572;0.0425393578057838;0.0087546998249705;0.0024362875998422;21.680334550160183;96.32256307526502
SC4001E;SC4001E0-PSG.edf;SC4001EC-Hypnogram.edf;Fpz-Cz;100.0;351;39360.0;4;N3;-2.2702271774337146e-08;3.984218693199512e-05;1.5873998595240427e-09;-0.0001091757362259;0.0001043051022056;0.0002134808384316;3.983555248306064e-05;0.1777408017336943;-0.1142892423585837;1.1579933531537192e-09;3.3800869691081445e-11;5.746406377945412e-12;2.1432132700253915e-12;1.199683842492772e-09;0.9644448539838584;0.0281513488354324;0.004785944621371;0.0017849938461533;33.27483949202806;171.64595316097476
SC4001E;SC4001E0-PSG.edf;SC4001EC-Hypnogram.edf;Fpz-Cz;100.0;352;39390.0;4;N3;-4.9282938704628245e-08;3.78223681260829e-05;1.4305315306649316e-09;-0.000103354817739;0.0001310641941815;0.0002344190119206;3.7816095986093326e-05;0.3095216344812525;0.2924128942083843;1.0600976374869624e-09;2.6291559481605496e-11;5.938401012688174e-12;2.578771075666339e-12;1.094906369056922e-09;0.9673250082479448;0.023990698680062;0.0054187120180699;0.00235309434134;38.84342476660111;152.78702334275204
SC4001E;SC4001E0-PSG.edf;SC4001EC-Hypnogram.edf;Fpz-Cz;100.0;353;39420.0;4;N3;-6.958990241705908e-08;3.530206548091683e-05;1.24623582721894e-09;-9.719683513226644e-05;0.0001024104868041;0.0001996073219363;3.529624991455965e-05;0.2053747928799228;0.1398356495733401;1.0522301463641858e-09;4.034502632791277e-11;8.36015327570032e-12;2.0947373056502842e-12;1.1030300632734491e-09;0.9530810630684488;0.0365434127837875;0.0075723963991636;0.0018973553124444;25.449981287200348;112.41590980094917
SC4001E;SC4001E0-PSG.edf;SC4001EC-Hypnogram.edf;Fpz-Cz;100.0;354;39450.0;4;N3;4.5849677378630897e-07;2.922813918899974e-05;8.542841204515423e-10;-9.035700437773158e-05;9.125522537899796e-05;0.0001816122297567;2.9226863984519976e-05;-0.0607234873755556;0.0865073991898284;7.375463015231278e-10;2.6193144852394807e-11;7.415442056376245e-12;4.724912831437503e-12;7.758798012633365e-10;0.949369902942198;0.0337158268367904;0.0095451600676417;0.0060819097417052;27.122508467724163;87.64201530736
SC4001E;SC4001E0-PSG.edf;SC4001EC-Hypnogram.edf;Fpz-Cz;100.0;355;39480.0;4;N3;-2.841282732899068e-07;3.34052931182624e-05;1.1159136083170294e-09;-0.0001179639833651;0.0001011364269022;0.0002191004102674;3.340093360955558e-05;-0.0201420987274023;0.6292790399449686;9.672699287292802e-10;4.155802617556329e-11;9.113935342658908e-12;2.7969211981478853e-12;1.0207388114456501e-09;0.9466900130383592;0.0406738255511339;0.0089200246095806;0.0027374130911113;22.728261050900997;95.63734549987636
SC4001E;SC4001E0-PSG.edf;SC4001EC-Hypnogram.edf;Fpz-Cz;100.0;356;39510.0;4;N3;-1.404947134784791e-07;3.017466636524528e-05;9.105104902538647e-10;-8.69874160571214e-05;0.0001114859464798;0.000198473362537;3.0169963962882504e-05;0.4227974433865963;0.812445659446309;7.449109587805174e-10;3.08577065460256e-11;7.605432393929942e-12;2.1917190207981185e-12;7.85565816741271e-10;0.9470421202216376;0.0392309275196684;0.0096691621121282;0.0027864407200892;23.3824414731276;86.56287385465478
SC4001E;SC4001E0-PSG.edf;SC4001EC-Hypnogram.edf;Fpz-Cz;100.0;357;39540.0;4;N3;1.933146082923545e-07;3.5621664145746255e-05;1.2689029565123443e-09;-8.94630310419408e-05;0.000117687845575;0.0002071508766169;3.5616251338370146e-05;0.2234405719532932;0.0068181927123496;9.367897304192295e-10;3.754437580707859e-11;7.196721952089216e-12;3.0460939647036026e-12;9.845769221431012e-10;0.9504988493259504;0.0380938057330316;0.0073020398412335;0.0030906709524812;24.30418733742188;114.28833817895416
SC4001E;SC4001E0-PSG.edf;SC4001EC-Hypnogram.edf;Fpz-Cz;100.0;358;39570.0;4;N3;2.2272883457014882e-07;2.8713115280453072e-05;8.244429891085877e-10;-0.0001017846485036;8.919419269241453e-05;0.000190978841196;2.8709193351827807e-05;-0.0423316677408811;0.7340197588418329;6.208248402752068e-10;3.0098897673129754e-11;6.770114167183613e-12;2.017922863510737e-12;6.597117749790311e-10;0.9396303559065672;0.0455552614815817;0.0102466982178401;0.0030541651290758;19.96292109130336;79.89906286026086
SC4001E;SC4001E0-PSG.edf;SC4001EC-Hypnogram.edf;Fpz-Cz;100.0;359;39600.0;4;N3;-1.90639264068102e-07;3.4958346390711165e-05;1.2220859823729483e-09;-8.934391279909919e-05;0.0001084070778632;0.0001977509906623;3.4953039405863245e-05;0.2705592286615438;-0.1235667497832682;1.0066490133567355e-09;2.7271088405006968e-11;9.833729814101964e-12;2.24534329635023e-12;1.045999174872195e-09;0.9614611334145656;0.026046905345781;0.0093922994880128;0.002144551161298;35.607013035212766;92.91804675121293
SC4001E;SC4001E0-PSG.edf;SC4001EC-Hypnogram.edf;Fpz-Cz;100.0;360;39630.0;4;N3;2.0607033077441726e-07;4.0722878692372553e-05;1.6583528489936904e-09;-8.745785929067213e-05;0.0001092583199829;0.0001967161792735;4.071661245354184e-05;0.3057262699789221;-0.510228373622712;1.0899027716447023e-09;3.7464492722034965e-11;6.0169857664123456e-12;2.27711012882365e-12;1.1356613602619731e-09;0.958863219731078;0.0329601181423113;0.0052935605772906;0.0020033320463174;28.335295606806085;155.32349757094482
SC4001E;SC4001E0-PSG.edf;SC4001EC-Hypnogram.edf;Fpz-Cz;100.0;361;39660.0;4;N3;-3.2241124147553736e-07;3.585529789910084e-05;1.285602387433265e-09;-9.096093813801804e-05;9.931298770270084e-05;0.0001902739258407;3.585077129313609e-05;0.1057356413469653;-0.0810749987370522;9.838628303773856e-10;2.6561523591137458e-11;6.810410988340062e-12;3.2437941929609958e-12;1.020478559149824e-09;0.963175214559818;0.0260030162681482;0.0066672089466159;0.0031755871563871;35.696968171010376;125.9681253452816
SC4001E;SC4001E0-PSG.edf;SC4001EC-Hypnogram.edf;Fpz-Cz;100.0;362;39690.0;4;N3;-5.5560578552952586e-08;3.108107436483641e-05;9.66033183672491e-10;-7.956337143231708e-05;8.615578054784414e-05;0.0001657191519801;3.1075943422350925e-05;-0.0945730698580698;-0.2995829750574139;7.710577431334835e-10;2.6553397532523063e-11;7.855949339708489e-12;2.4946551412318457e-12;8.079617451469472e-10;0.9531448770713152;0.0328240459970077;0.0097111506036437;0.0030837739314591;27.98412581328143;87.0666388837839
SC4001E;SC4001E0-PSG.edf;SC4001EC-Hypnogram.edf;Fpz-Cz;100.0;363;39720.0;4;N3;3.195331855018347e-07;3.8199299000093474e-05;1.4591864440985423e-09;-0.0001047427658676;0.0001086653208821;0.0002134080867498;3.819426855005621e-05;0.0958945918980958;0.1336189002864714;1.1215228351572586e-09;3.158884421491767e-11;6.5874276276252e-12;1.7237770818339333e-12;1.1614228840816358e-09;0.9648148281623944;0.027175002013036;0.00566698033722;0.0014829173663384;34.41431760393261;147.81331568473698
SC4001E;SC4001E0-PSG.edf;SC4001EC-Hypnogram.edf;Fpz-Cz;100.0;364;39750.0;4;N3;1.0227067985195274e-07;3.699570733609922e-05;1.3686823612983055e-09;-0.0001034689964536;0.0001121678052444;0.0002156368016981;3.69896822524403e-05;0.2027294874984934;-0.1262458130649735;1.1720115688155267e-09;3.399477580610541e-11;9.01794659466838e-12;4.720704248446162e-12;1.2197449954647467e-09;0.9600789461924708;0.0278475651609477;0.0073872484656266;0.003867068278784;33.49104378634282;116.9911975213842
SC4001E;SC4001E0-PSG.edf;SC4001EC-Hypnogram.edf;Fpz-Cz;100.0;365;39780.0;4;N3;1.2241754102901914e-07;3.999163290989624e-05;1.5993307027998963e-09;-0.0001045366682133;0.0001086240406878;0.0002131607089011;3.998515447788068e-05;0.1702177140586743;-0.3660643836617003;1.308252105671036e-09;3.3594888737514836e-11;7.174632782729452e-12;3.0904841152578047e-12;1.3521121113065379e-09;0.9668467932105153;0.0248278678882537;0.0053023195364069;0.0022839823023043;37.81634089351361;160.03802744937735
SC4001E;SC4001E0-PSG.edf;SC4001EC-Hypnogram.edf;Fpz-Cz;100.0;366;39810.0;4;N3;-8.039581618228923e-07;4.259416865448558e-05;1.8142632033667615e-09;-0.0001143819120261;0.0001224962854614;0.0002368781974875;4.259465691482444e-05;0.204983996773108;-0.1790610923585105;1.4247924681914443e-09;3.3005565623260936e-11;7.865804556818334e-12;2.201546047768833e-12;1.4678653844192924e-09;0.9699952652602865;0.0224701092240045;0.005355020712077;0.0014988072229908;41.898802213036525;160.70650543448917
SC4001E;SC4001E0-PSG.edf;SC4001EC-Hypnogram.edf;Fpz-Cz;100.0;367;39840.0;4;N3;2.1641070660798287e-07;3.769513637347008e-05;1.4209233062145071e-09;-0.0001006962663381;9.865833314907952e-05;0.0001993545994872;3.768947464089106e-05;-0.1058911591247186;-0.3299133255265452;1.178285918710154e-09;4.423820981851704e-11;1.0900850167835523e-11;9.980761276019964e-12;1.2434057399725264e-09;0.9468663482186828;0.0355496671202221;0.008759884190245;0.008020504048977;26.046254337585538;99.00854998533735
SC4001E;SC4001E0-PSG.edf;SC4001EC-Hypnogram.edf;Fpz-Cz;100.0;368;39870.0;2;N1;3.20923097980545e-07;1.864527137506384e-05;3.47646144649775e-10;-5.628943375530821e-05;6.229351495870694e-05;0.000118582948714;1.864492569672445e-05;-0.016662625243992;-0.0765921257274429;2.516956120086054e-10;3.6511116723211696e-11;6.4570173133367444e-12;4.0964922181223496e-12;2.987602382632763e-10;0.8396564316430247;0.1218010665281909;0.0215406064218083;0.0136658959235428;6.709893866019121;33.752853377241365
SC4001E;SC4001E0-PSG.edf;SC4001EC-Hypnogram.edf;Fpz-Cz;100.0;369;39900.0;3;N2;-1.537825501472113e-07;2.2603985114718058e-05;5.109401430663954e-10;-8.121792090562448e-05;8.305668949327656e-05;0.0001642746103989;2.260074066835207e-05;-0.0308700536444325;1.430037174646298;3.7536140455312274e-10;2.2523502910769348e-11;3.710822924563982e-12;2.443183036953749e-12;4.0403891342540986e-10;0.9267292403554396;0.0556082444530781;0.0091616454655716;0.0060319711414682;15.956866882324643;79.68064403266972
SC4001E;SC4001E0-PSG.edf;SC4001EC-Hypnogram.edf;Fpz-Cz;100.0;370;39930.0;3;N2;-3.782681563693199e-08;1.9033660970469183e-05;3.6228024993876205e-10;-7.579976250553199e-05;6.995446664533842e-05;0.0001457542291508;1.903052602329821e-05;0.0017091214941154;1.561379740810632;2.680084824945689e-10;1.4349696661604942e-11;4.9100614940393775e-12;2.6593269233172598e-12;2.899275675735305e-10;0.9212206485960844;0.0493239495359205;0.0168772644510506;0.0091408557308517;17.460181031782447;45.347833142661926
SC4001E;SC4001E0-PSG.edf;SC4001EC-Hypnogram.edf;Fpz-Cz;100.0;371;39960.0;2;N1;2.3482058758986347e-07;2.293317439202079e-05;5.259304876948383e-10;-8.6937783089586e-05;7.224180483598872e-05;0.0001591795879255;2.293055425062005e-05;-0.1883823410990085;0.8785643194870429;2.8962292724009343e-10;2.3955126572561878e-11;6.967360021687286e-12;1.2943486331729487e-11;3.334889001660721e-10;0.8658670798830607;0.0716171046652617;0.020829869147311;0.0386963104763808;11.605748678451238;36.35117861521696
SC4001E;SC4001E0-PSG.edf;SC4001EC-Hypnogram.edf;Fpz-Cz;100.0;372;39990.0;3;N2;-2.869435101748163e-07;1.9210962165535184e-05;3.6906106732562414e-10;-7.428198935535658e-05;7.445122725578015e-05;0.0001487332166111;1.920990326753054e-05;-0.0661788064147576;1.077225998162067;2.6540673017914714e-10;1.522810029282881e-11;3.270042509232113e-12;2.304442631310144e-12;2.862093156125181e-10;0.9240881675899908;0.0530209135464584;0.0113855725823455;0.0080235650657624;16.354762750414494;62.15552412073657
SC4001E;SC4001E0-PSG.edf;SC4001EC-Hypnogram.edf;Fpz-Cz;100.0;373;40020.0;3;N2;1.6790778366876184e-07;1.9241376829786505e-05;3.7023058230584487e-10;-7.719985453408178e-05;7.209959917109748e-05;0.0001492994537051;1.9238902389054303e-05;0.0042948644199976;0.80437145028408;3.1667926395241155e-10;3.3216055380246546e-11;5.713477859946624e-12;3.612386064098873e-12;3.5922118325670366e-10;0.8791244898186263;0.0922101667646121;0.0158610268510362;0.0100282444009534;9.255282657019409;47.17067227431496
SC4001E;SC4001E0-PSG.edf;SC4001EC-Hypnogram.edf;Fpz-Cz;100.0;374;40050.0;3;N2;-2.6958948066487125e-07;2.2201396803940945e-05;4.92902020046039e-10;-8.68604355539241e-05;8.073116408876553e-05;0.0001675915996426;2.2199333275140845e-05;-0.3164345567272265;1.5384454970928152;2.7824381412301427e-10;4.0105595583410086e-11;5.159356766482926e-12;2.4993095169643248e-12;3.260080759898717e-10;0.850877499831632;0.1226440523280907;0.015777459779442;0.0076429596100915;6.769000915177383;45.17416747753926
SC4001E;SC4001E0-PSG.edf;SC4001EC-Hypnogram.edf;Fpz-Cz;100.0;375;40080.0;3;N2;-3.25764446771464e-08;1.32193009691197e-05;1.7474991811216906e-10;-4.368482247160405e-05;4.391893504425743e-05;8.760375751586147e-05;1.3217137714505848e-05;-0.1121250903288514;0.2620761044610606;1.1181107436104039e-10;1.4292578867193904e-11;4.165400973157064e-12;3.213883469794474e-12;1.3348293767118587e-10;0.8314145741998978;0.1062780090522681;0.0309734531776928;0.0238980760343925;7.311459717294696;21.64615582451136
SC4001E;SC4001E0-PSG.edf;SC4001EC-Hypnogram.edf;Fpz-Cz;100.0;376;40110.0;3;N2;1.7519705331194268e-07;1.847286064964863e-05;3.4124658058133675e-10;-8.838777430718783e-05;7.705428558816276e-05;0.0001654420598953;1.847061248926608e-05;-0.1726852993195254;2.1573682127806464;2.4642582270862126e-10;3.752021724704182e-11;9.225936200686847e-12;4.5908710832567044e-12;2.9776284723960673e-10;0.8248208402934004;0.1255852847625017;0.0308804668516486;0.0153662716956731;6.397311342462526;24.09811853628321
SC4001E;SC4001E0-PSG.edf;SC4001EC-Hypnogram.edf;Fpz-Cz;100.0;377;40140.0;3;N2;-1.3705467100513244e-07;1.5539740865618608e-05;2.41483546170577e-10;-4.593882159300554e-05;7.190082667662094e-05;0.0001178396482696;1.553775516727018e-05;0.1598213368546045;0.8666085612240506;1.63280628675828e-10;1.8345468504968197e-11;5.4359768639850895e-12;3.3201168127996146e-12;1.9038219085758087e-10;0.8531652184781134;0.0958577620141268;0.0284037759188906;0.0173480970090384;8.440251970837263;25.369983784361576
SC4001E;SC4001E0-PSG.edf;SC4001EC-Hypnogram.edf;Fpz-Cz;100.0;378;40170.0;3;N2;-8.799789885342004e-08;2.4085497968161396e-05;5.801112123743065e-10;-7.687135752330702e-05;9.623443640131432e-05;0.0001731057939246;2.4081644163146013e-05;0.4379673129900525;1.455991602109103;4.1898620666603204e-10;4.068088960487271e-11;9.035870534086122e-12;3.294488904248996e-12;4.719974557092398e-10;0.885810698575069;0.0860065717348805;0.0191034231263193;0.006965130286608;10.052237623475545;41.74886525717676
SC4001E;SC4001E0-PSG.edf;SC4001EC-Hypnogram.edf;Fpz-Cz;100.0;379;40200.0;2;N1;1.0657587169637974e-07;1.6983445935879667e-05;2.8843743585694747e-10;-7.660716679558745e-05;6.904168442394112e-05;0.0001456488512195;1.698094957478595e-05;0.1031777830756642;2.4493890710158475;2.268825339952438e-10;3.2981643144725566e-11;5.3760709335265296e-12;2.820234499389015e-12;2.680604825728849e-10;0.8432398984261257;0.1225807774866801;0.0199809012535693;0.0104817863716759;6.6766204632591215;35.583439450501494
SC4001E;SC4001E0-PSG.edf;SC4001EC-Hypnogram.edf;Fpz-Cz;100.0;380;40230.0;3;N2;2.091219390681468e-07;2.1715936906642137e-05;4.71581915733262e-10;-0.0001153132629253;7.685084103854531e-05;0.0001921641039639;2.17133243366084e-05;-0.7904188091901707;4.644324135023822;3.1253584000150383e-10;2.611135418671654e-11;6.517865559434545e-12;4.675540994299798e-12;3.4984060074195453e-10;0.8908200457431548;0.0744251210706414;0.0185778542895281;0.0133266816452029;11.527857953869146;41.57241673592939
SC4001E;SC4001E0-PSG.edf;SC4001EC-Hypnogram.edf;Fpz-Cz;100.0;381;40260.0;3;N2;-1.401367703502109e-07;1.7301716976777783e-05;2.993494103445205e-10;-5.5127523378137625e-05;6.989850089890464e-05;0.000125026024277;1.729940072725478e-05;0.0544480944518015;0.9311813347224892;2.0666871648042782e-10;1.4244404556148116e-11;4.101630204566582e-12;2.2843819218665933e-12;2.2729913316300914e-10;0.9052540568906284;0.0623935989541291;0.0179660349460808;0.0100060910885522;13.55702124797506;40.510328697566926
SC4001E;SC4001E0-PSG.edf;SC4001EC-Hypnogram.edf;Fpz-Cz;100.0;382;40290.0;2;N1;3.8346655832866975e-08;1.775788461450637e-05;3.1534246598212213e-10;-7.732752043708491e-05;9.471785814823068e-05;0.0001720453785853;1.775496613043259e-05;-0.1196712058559356;3.5231584340189084;1.8082985764325207e-10;3.19245196378761e-11;5.455054234298865e-12;3.2447569100930177e-12;2.2145418842552012e-10;0.8128858302157603;0.1435105351975188;0.0245221466626836;0.0145861803414836;5.492255001200592;28.013685258043925
SC4001E;SC4001E0-PSG.edf;SC4001EC-Hypnogram.edf;Fpz-Cz;100.0;383;40320.0;3;N2;2.976548121993024e-07;1.6617017776148114e-05;2.7612527977282236e-10;-7.288327450521921e-05;6.16458461496701e-05;0.0001345291206548;1.6616914165997355e-05;-0.2147238582573619;2.028679002756638;2.2121578142045234e-10;1.7806770500223363e-11;8.156989742298696e-12;5.860810781765551e-12;2.530403524447399e-10;0.8707899327472878;0.0700942599428048;0.0321090317494857;0.0230703930512;11.76256079786931;24.15813358385614
SC4001E;SC4001E0-PSG.edf;SC4001EC-Hypnogram.edf;Fpz-Cz;100.0;384;40350.0;3;N2;-4.42530467812465e-07;2.3244450777537334e-05;5.403044919493559e-10;-6.259108071655282e-05;7.410261452604443e-05;0.0001366936952425;2.324478917234961e-05;0.1981062811379958;0.4515229092873452;4.2318978860062734e-10;3.6827084832881077e-11;1.1031050404510028e-11;7.69544742826076e-12;4.787433712662791e-10;0.8821170107752005;0.0767641348241587;0.0229936484070507;0.0160407582244412;11.187480887577436;35.174799736687
SC4001E;SC4001E0-PSG.edf;SC4001EC-Hypnogram.edf;Fpz-Cz;100.0;385;40380.0;3;N2;1.1575528389752201e-07;1.4887964893160488e-05;2.2165149865997919e-10;-7.121335516533815e-05;7.236362701606362e-05;0.0001435769821814;1.4885933431022816e-05;0.1463074638417104;1.935171568103705;1.4669068736036235e-10;3.6872524127832144e-11;6.01984693467383e-12;3.918906037375101e-12;1.9350196446024342e-10;0.7541861480290922;0.1895740448182926;0.0309500572468732;0.0201484136587018;3.87327464272604;20.89656494300445
SC4001E;SC4001E0-PSG.edf;SC4001EC-Hypnogram.edf;Fpz-Cz;100.0;386;40410.0;3;N2;1.7889429584811357e-07;1.724657058537394e-05;2.974441969562856e-10;-5.983499176071945e-05;7.606235883115768e-05;0.0001358973505918;1.724462385961841e-05;-0.1381547454513292;0.6654068327014997;1.75441292559894e-10;4.523983827441469e-11;3.890651489261575e-12;3.3460775141942517e-12;2.279178598377645e-10;0.766394079886254;0.1976247650859414;0.016995840744007;0.0146169351599112;3.794158870511637;35.872785649337565
SC4001E;SC4001E0-PSG.edf;SC4001EC-Hypnogram.edf;Fpz-Cz;100.0;387;40440.0;3;N2;-2.6323902829333936e-07;1.7404870470648912e-05;3.029295161000665e-10;-5.792606848363712e-05;8.952658020079887e-05;0.0001474526486844;1.7403960307375922e-05;0.3885214573749337;1.757356199086484;2.3142554444486007e-10;3.0983876355132296e-11;3.722389774748844e-12;2.3826183744259307e-12;2.685144289491672e-10;0.8586758985304977;0.1149618462949756;0.0138114674945693;0.0088404111932549;7.235694068949975;49.00602353543938
SC4001E;SC4001E0-PSG.edf;SC4001EC-Hypnogram.edf;Fpz-Cz;100.0;388;40470.0;3;N2;6.23093590844448e-08;1.532433841581064e-05;2.348353478822898e-10;-4.957090017092523e-05;6.162414007985881e-05;0.0001111950402507;1.5321910843273602e-05;0.0733201270622372;1.0047747701738017;1.4761623352762338e-10;3.675132381925167e-11;5.64613867513504e-12;3.3127367996268317e-12;1.933264328216369e-10;0.7596302334387695;0.1891215893052695;0.0290549185365707;0.0170472783940177;3.910226677993872;22.210826578129453
SC4001E;SC4001E0-PSG.edf;SC4001EC-Hypnogram.edf;Fpz-Cz;100.0;389;40500.0;5;REM;-1.2000921412509597e-07;1.150729892293514e-05;1.3241792850178424e-10;-3.974252278931611e-05;6.278133934292188e-05;0.0001025238621322;1.1506006753159783e-05;0.0944659548622268;1.272318437896093;5.73372671302641e-11;2.999401091910878e-11;3.712370365434655e-12;2.0200716733268338e-12;9.306372008813439e-11;0.6095577240251725;0.3188690697221569;0.0394665484413788;0.0214755664716864;1.849946664854334;12.167394046706152
SC4001E;SC4001E0-PSG.edf;SC4001EC-Hypnogram.edf;Fpz-Cz;100.0;390;40530.0;5;REM;1.51518298374235e-07;1.1861089410952396e-05;1.4068544201460703e-10;-3.7844146478831e-05;5.082268784433268e-05;8.866683432316367e-05;1.1860080297452085e-05;0.2737884361288925;0.6168656036816564;8.449139977153382e-11;3.228719345619023e-11;3.945559942756003e-12;2.049017618905464e-12;1.227731707893855e-10;0.6826309710955517;0.2608577711168978;0.0318773439962189;0.0165546184672937;2.538255436966598;17.084293942345678
SC4001E;SC4001E0-PSG.edf;SC4001EC-Hypnogram.edf;Fpz-Cz;100.0;391;40560.0;5;REM;-7.651836907283583e-08;9.19744053765584e-06;8.459291244371495e-11;-3.318524501054011e-05;3.109471688039921e-05;6.427996189093932e-05;9.196225849066524e-06;-0.0432996226336112;0.0113558392560864;4.5013610591843506e-11;1.3435027173111928e-11;5.409410124951337e-12;2.013296426407948e-12;6.587134431631471e-11;0.6731375158082694;0.2009085851416652;0.0808927976587962;0.0301070129065247;3.118359948479363;7.023050439011387
SC4001E;SC4001E0-PSG.edf;SC4001EC-Hypnogram.edf;Fpz-Cz;100.0;392;40590.0;5;REM;6.985891273737066e-08;8.6458011013457e-06;7.474987668403051e-11;-3.053864406708193e-05;2.9312186253880283e-05;5.985083032096222e-05;8.644642290237232e-06;0.0659592752109693;0.1319880163742781;3.360552792402601e-11;2.057210342819696e-11;3.709495949218943e-12;2.5152584152391616e-12;6.040238571668106e-11;0.5473000361758984;0.3350375264426928;0.0604128961101782;0.0409635291183131;1.5578234193008795;7.135695260466123
SC4001E;SC4001E0-PSG.edf;SC4001EC-Hypnogram.edf;Fpz-Cz;100.0;393;40620.0;5;REM;-6.286802760879168e-08;1.0415510224572806e-05;1.0848285323818067e-10;-2.854563500175104e-05;5.591663989457368e-05;8.446227489632472e-05;1.0413963927150732e-05;0.5036444301966108;1.197220422785799;7.048921919481855e-11;2.450866069805855e-11;4.358783078612225e-12;2.3643970674597538e-12;1.0172106003894907e-10;0.6862197408018466;0.2385943124882621;0.0424331979923054;0.0230176466886463;2.7633445765415448;13.153960173561138
SC4001E;SC4001E0-PSG.edf;SC4001EC-Hypnogram.edf;Fpz-Cz;100.0;394;40650.0;5;REM;1.856690018677611e-07;8.58012498085105e-06;7.361854468702423e-11;-2.6316915574884043e-05;2.777769664081801e-05;5.409461221570206e-05;8.580703826049651e-06;0.1194279426659806;0.1020476771107601;3.757364377217868e-11;1.8739906713800128e-11;5.875919515658364e-12;2.0457630572792884e-12;6.423523305891647e-11;0.5759716338906073;0.287266647715896;0.0900727910384192;0.0313597876692136;1.9034357313305343;5.46452640793906
SC4001E;SC4001E0-PSG.edf;SC4001EC-Hypnogram.edf;Fpz-Cz;100.0;395;40680.0;5;REM;-1.6561465428825686e-07;8.277917783272443e-06;6.852392282661816e-11;-2.9968109008884796e-05;2.619358251326516e-05;5.6161691522149954e-05;8.278194835392817e-06;0.2109393031617268;0.2143340414604799;3.4544212415900834e-11;1.4968417421108388e-11;5.944096512360635e-12;2.233389197690927e-12;5.769011554706079e-11;0.5885865463700014;0.2550415394753471;0.101279345882261;0.0380539240189445;2.1632834052945915;4.974615827186651
SC4001E;SC4001E0-PSG.edf;SC4001EC-Hypnogram.edf;Fpz-Cz;100.0;396;40710.0;5;REM;1.5738291071928716e-08;8.648241847263784e-06;7.47920870487645e-11;-4.0093404852677096e-05;2.579839306671697e-05;6.589179791939407e-05;8.646814676335295e-06;-0.449413726996459;0.8947489063437275;4.0737764362074346e-11;1.6844601301645492e-11;4.8943121945590935e-12;2.7214138472380068e-12;6.519809170551693e-11;0.6153918234274307;0.2544575057628385;0.0739343396231345;0.0411101555516774;2.282918159584648;6.911368624091281
SC4001E;SC4001E0-PSG.edf;SC4001EC-Hypnogram.edf;Fpz-Cz;100.0;397;40740.0;5;REM;5.890744068692345e-08;9.140982104616364e-06;8.355755383691662e-11;-2.9263620934390478e-05;2.996964502671099e-05;5.923326596110146e-05;9.139648319576594e-06;-0.0863875287320011;0.1795830922778716;4.607696562681515e-11;1.8048567761846167e-11;6.353273153374533e-12;2.2738112821454425e-12;7.275261782418128e-11;0.6247502391936506;0.2447176560548957;0.0861430189301224;0.0308302450709746;2.418920215046626;6.266184414170675
SC4001E;SC4001E0-PSG.edf;SC4001EC-Hypnogram.edf;Fpz-Cz;100.0;398;40770.0;5;REM;-1.0244737293197909e-07;1.2446931533084223e-05;1.549261045892864e-10;-7.02256095497749e-05;4.646550753645185e-05;0.0001166911170862;1.2445278543232528e-05;-0.4019122675439477;2.749129871463444;8.582844361210749e-11;1.2408687009769727e-11;4.721200712317835e-12;1.860050783281961e-12;1.0481838211747703e-10;0.81109200400383;0.1172640023544671;0.0446160734821712;0.01757776622607;6.400958091539603;15.001823555554957
SC4001E;SC4001E0-PSG.edf;SC4001EC-Hypnogram.edf;Fpz-Cz;100.0;399;40800.0;5;REM;1.235380885099149e-07;9.16161313765579e-06;8.393515528406716e-11;-3.167965309025703e-05;2.970865931377873e-05;6.138831240403576e-05;9.160919089168137e-06;-0.0277153366135699;0.0800368429337252;4.5465240142874976e-11;1.4013427926220252e-11;4.753771066394942e-12;2.753664486186221e-12;6.698610362167642e-11;0.6687431360366859;0.2061219452169379;0.0699226873310514;0.0405033431759759;3.0283050857074456;7.901815977423217
SC4001E;SC4001E0-PSG.edf;SC4001EC-Hypnogram.edf;Fpz-Cz;100.0;400;40830.0;5;REM;6.037620064621164e-09;8.735449325097037e-06;7.63080749113383e-11;-3.469108006066953e-05;3.016385286492853e-05;6.485493292559806e-05;8.733995382367905e-06;0.0333810443268958;0.4309864872962494;4.235994156035429e-11;1.4303885332074043e-11;5.128375223200218e-12;2.2577380224492243e-12;6.404994013807776e-11;0.6511910921122953;0.2198908300562923;0.0788375087250582;0.0347077647981974;2.7679207365449785;6.912099866207941
SC4001E;SC4001E0-PSG.edf;SC4001EC-Hypnogram.edf;Fpz-Cz;100.0;401;40860.0;5;REM;2.3722755523315244e-08;9.280527364933457e-06;8.612818817127871e-11;-3.2144098268942594e-05;3.1987256751722256e-05;6.413135502066484e-05;9.279010806349524e-06;0.0307905738739231;0.3404811939002719;4.918113852505152e-11;1.262002215450573e-11;5.3178883800070025e-12;2.467479766023661e-12;6.958652882558792e-11;0.6967496396737837;0.1787879693827771;0.0753385733579131;0.0349568084318262;3.610944091510276;7.784426625941277
SC4001E;SC4001E0-PSG.edf;SC4001EC-Hypnogram.edf;Fpz-Cz;100.0;402;40890.0;5;REM;-2.5388399114342358e-08;8.066928244028553e-06;6.50753312943056e-11;-2.62259444805453e-05;2.896619148436084e-05;5.519213596490614e-05;8.065623601930422e-06;0.1288115667774856;0.1798188078974938;3.369620827401048e-11;1.4069847832996182e-11;5.2890808117849225e-12;2.2491777130552024e-12;5.5304314631846785e-11;0.598465827962521;0.2498893366342125;0.0939373979839427;0.0399468091879236;2.236001892483012;5.35789080828285
SC4001E;SC4001E0-PSG.edf;SC4001EC-Hypnogram.edf;Fpz-Cz;100.0;403;40920.0;5;REM;-1.5910806566627685e-07;1.0418698633150108e-05;1.0854928120840394e-10;-4.236294867506759e-05;3.841813547401718e-05;8.078108414908477e-05;1.041817707140879e-05;0.0093148546452488;0.553804459868342;5.4636274842802473e-11;1.2184319744014117e-11;5.656118311698559e-12;1.9982990383250605e-12;7.447501193684021e-11;0.7238988565980456;0.1614351482873606;0.074940277140092;0.0264762997321192;4.144034421465559;8.20842903990689
SC4001E;SC4001E0-PSG.edf;SC4001EC-Hypnogram.edf;Fpz-Cz;100.0;404;40950.0;5;REM;1.7711394005831097e-07;8.926566289343484e-06;7.968358571804349e-11;-3.5550023268924565e-05;3.843912111345616e-05;7.398914438238072e-05;8.926835602304275e-06;0.1382262293667983;1.324690606852732;4.915954013219719e-11;1.1837950980516544e-11;4.540031237713027e-12;2.2810302775273875e-12;6.781855262795416e-11;0.7143355716584563;0.1720168548809025;0.0659710363607511;0.033145571803276;3.829235693982936;8.873513166776055
SC4001E;SC4001E0-PSG.edf;SC4001EC-Hypnogram.edf;Fpz-Cz;100.0;405;40980.0;5;REM;-1.610720341942209e-08;9.315971956339296e-06;8.678733349130024e-11;-5.740169678379974e-05;3.111583650524417e-05;8.851753328904391e-05;9.31443309182789e-06;-0.7122546039424319;4.368523517870015;4.9795371039364177e-11;7.872599889489789e-12;3.7935538461979575e-12;2.09642211945667e-12;6.355794689450859e-11;0.7713282939547734;0.121946255545488;0.0587619964494354;0.0324734942838616;5.612263785088546;10.387986165808847
SC4001E;SC4001E0-PSG.edf;SC4001EC-Hypnogram.edf;Fpz-Cz;100.0;406;41010.0;5;REM;-7.927335451840682e-08;9.506167074879808e-06;9.036721245552888e-11;-2.9193583636614216e-05;4.242090412133917e-05;7.161448775795338e-05;9.50491316720535e-06;0.0867410518490053;0.3204107694531726;4.7689399580250386e-11;2.0236326705174133e-11;5.751043677842306e-12;2.817657939696093e-12;7.649442790296291e-11;0.615391336780577;0.2611326678934089;0.0742123509195223;0.0363594908168663;2.2456520019835207;7.064004005302533
SC4001E;SC4001E0-PSG.edf;SC4001EC-Hypnogram.edf;Fpz-Cz;100.0;407;41040.0;5;REM;1.5462128208436555e-08;8.059610014966797e-06;6.495731359335309e-11;-2.632406473265597e-05;3.4061329775466515e-05;6.0385394508122485e-05;8.058281468954618e-06;0.0424225152158211;0.3009815558626201;3.748087657808392e-11;1.5111578842452098e-11;3.845742329523085e-12;2.372331676605328e-12;5.881052942666442e-11;0.6266601706651069;0.252657500064113;0.0642987508451747;0.0396641143181004;2.3263316987486204;7.734805944948536
SC4001E;SC4001E0-PSG.edf;SC4001EC-Hypnogram.edf;Fpz-Cz;100.0;408;41070.0;5;REM;5.5976382263013266e-08;8.27589974532111e-06;6.8490516594606e-11;-2.774501526600069e-05;3.004443381406776e-05;5.7789449080068446e-05;8.274709649152593e-06;0.205482041322709;0.06599998809707;3.7297497268504396e-11;1.4472867218449354e-11;5.412769216280667e-12;2.397405364910217e-12;5.958053906814465e-11;0.6156679660204067;0.2389029124050778;0.0893483171252744;0.0395738532833699;2.41050974857666;5.816129664204028
SC4001E;SC4001E0-PSG.edf;SC4001EC-Hypnogram.edf;Fpz-Cz;100.0;409;41100.0;5;REM;-2.0868508669065983e-08;7.682005755631833e-06;5.901321242956061e-11;-2.778366798310034e-05;2.9122634178500492e-05;5.690630216160084e-05;7.680753664413722e-06;-0.0617307844763365;0.3917134806780495;3.463157258913847e-11;1.2832330797790629e-11;4.3021231593825215e-12;1.9636441773747765e-12;5.3729670723686387e-11;0.6327750949568623;0.2344675315621246;0.0786067795127554;0.0358789693307059;2.503668622114648;6.531642428534538
SC4001E;SC4001E0-PSG.edf;SC4001EC-Hypnogram.edf;Fpz-Cz;100.0;410;41130.0;5;REM;1.0946866155783749e-07;8.660656592231354e-06;7.500697260856039e-11;-2.7595410032563146e-05;2.3623498839551068e-05;5.121890887211421e-05;8.659904945911404e-06;-0.1274657846450919;-0.0842785324902721;4.1772599449721287e-11;1.2869687836712449e-11;4.626308389332642e-12;2.0450022160726504e-12;6.131359789183903e-11;0.6703608981498417;0.2065309703196891;0.0742423571394925;0.0328179127069868;3.0117908882672237;7.424512941544625
SC4001E;SC4001E0-PSG.edf;SC4001EC-Hypnogram.edf;Fpz-Cz;100.0;411;41160.0;5;REM;-1.02730857758698e-07;8.804081340582316e-06;7.751184825158973e-11;-3.225159723136711e-05;3.1154157941973024e-05;6.340575517334014e-05;8.803213310943626e-06;-0.1133967224101282;0.5558938359058945;5.1497115794066626e-11;1.3527493759543296e-11;3.5901629184423752e-12;2.226374817697008e-12;7.084114728974932e-11;0.7168192287682816;0.1882972957681798;0.0499736300697224;0.0309902458644988;3.5448038489252505;11.219016995488616
SC4001E;SC4001E0-PSG.edf;SC4001EC-Hypnogram.edf;Fpz-Cz;100.0;412;41190.0;5;REM;-7.324350910357595e-08;9.92862832516279e-06;9.85776604192249e-11;-4.508365583936089e-05;4.035491654467494e-05;8.543857238403583e-05;9.927243615964653e-06;0.0006123211869339;1.0509061069247876;5.018188910489772e-11;1.2070264616536253e-11;5.478840696410202e-12;2.363145097300697e-12;7.009413951514488e-11;0.7058512761689406;0.1697786160554763;0.077064589764717;0.0332396610102761;3.839393507106852;7.745504397523235
SC4001E;SC4001E0-PSG.edf;SC4001EC-Hypnogram.edf;Fpz-Cz;100.0;413;41220.0;5;REM;3.317709531048105e-08;8.477536008251461e-06;7.186861677120013e-11;-2.695905148272192e-05;3.21294335325356e-05;5.908848501525752e-05;8.476187898180583e-06;0.0031686219957448;0.0766647554106083;4.213795986494669e-11;1.0710256381672618e-11;2.8550952888879896e-12;2.0097609235672988e-12;5.771307245907459e-11;0.7176929787538977;0.1824168951324784;0.0486279318950325;0.0342302121042666;3.5983806409990806;10.930458706534717
SC4001E;SC4001E0-PSG.edf;SC4001EC-Hypnogram.edf;Fpz-Cz;100.0;414;41250.0;5;REM;-4.426552199851738e-08;9.271381030823434e-06;8.595850621871261e-11;-4.779219815351463e-05;3.2527330794474964e-05;8.03195289479896e-05;9.26994136010278e-06;-0.117126613996873;0.9250534577730498;5.0252278546780697e-11;1.1742184715155311e-11;2.7942849468273178e-12;2.4263764578906293e-12;6.721512466665394e-11;0.7366735572550505;0.1721346222342289;0.0409628357418111;0.0355694791990423;3.943772568844619;13.244202597066502
SC4001E;SC4001E0-PSG.edf;SC4001EC-Hypnogram.edf;Fpz-Cz;100.0;415;41280.0;5;REM;7.644926344776271e-08;7.622933932350231e-06;5.810912173697656e-11;-2.53292090976652e-05;2.7095271964968264e-05;5.2424481062633466e-05;7.622046740844129e-06;0.0554825791702934;0.019481720469761;3.033683215813064e-11;1.0483710104330186e-11;4.047680445126046e-12;2.1232776279985003e-12;4.6991500335585375e-11;0.632129271766819;0.2184493093781563;0.0843416108440501;0.0442427849338167;2.6417274454439137;6.010054021431442
SC4001E;SC4001E0-PSG.edf;SC4001EC-Hypnogram.edf;Fpz-Cz;100.0;416;41310.0;5;REM;-4.881918022744789e-08;8.719209581224536e-06;7.602461572131776e-11;-2.623929389230693e-05;3.022876284922069e-05;5.646805674152762e-05;8.717892950426844e-06;0.0588507994596264;0.0047489083494443;3.1954393748592606e-11;2.990422885247813e-11;6.28634629440332e-12;3.9115287655164e-12;7.205649766099046e-11;0.4373929051030201;0.4093301733576794;0.0860477369661809;0.0535411481627186;1.033981268425349;4.385516753868388
SC4001E;SC4001E0-PSG.edf;SC4001EC-Hypnogram.edf;Fpz-Cz;100.0;417;41340.0;5;REM;2.001915677013724e-08;1.1797757142522351e-05;1.3918707359393718e-10;-5.427273218944463e-05;7.917749228744248e-05;0.0001334502244768;1.1795807673465052e-05;0.3480939709218908;4.952842270192804;8.634329637715498e-11;3.0248599839976965e-11;6.484840940805398e-12;2.662593174078199e-12;1.2573933033201555e-10;0.6812667871209657;0.2386678212732823;0.0511667603404344;0.0210084207254612;2.7631092855141057;11.53575567737637
SC4001E;SC4001E0-PSG.edf;SC4001EC-Hypnogram.edf;Fpz-Cz;100.0;418;41370.0;3;N2;2.2786385941109952e-08;2.9985044877263355e-05;8.991029162914972e-10;-0.0001185561536793;0.000126020865094;0.0002445770187733;2.998005561266997e-05;0.3133443400669728;4.090547930043743;4.4403854853648584e-10;1.7811006571493838e-11;7.749854986646191e-12;1.3902018825537559e-11;4.835014289201635e-10;0.91648552931235;0.0367615150510294;0.0159955255527702;0.02869345268294;23.605251895950165;50.748103735909496
SC4001E;SC4001E0-PSG.edf;SC4001EC-Hypnogram.edf;Fpz-Cz;100.0;419;41400.0;2;N1;1.057468584594201e-07;1.5079117364604454e-05;2.273797804955156e-10;-7.358878083341784e-05;0.0001191745238673;0.0001927633047008;1.5076974817032242e-05;1.0063545246639984;12.76514350155627;5.3639171839638497e-11;1.959670306501152e-11;1.0252493636545924e-11;5.077753638112457e-12;8.856612217930839e-11;0.5988779075670448;0.2187959307401918;0.1144684327855656;0.0566927931517115;2.6042600930028272;4.766869777684552
SC4001E;SC4001E0-PSG.edf;SC4001EC-Hypnogram.edf;Fpz-Cz;100.0;420;41430.0;2;N1;-1.0444209694960673e-07;9.15036313670113e-06;8.372914553349895e-11;-5.079547753167432e-05;5.338337074731999e-05;0.0001041788482789;9.14943407921694e-06;-0.0575840967629855;3.07791720996298;5.6206468405749696e-11;1.3663512620447208e-11;3.805124591890239e-12;3.2021310599257138e-12;7.687723667801285e-11;0.7217316741493798;0.1754493765224317;0.0488605496831212;0.0411176769556562;3.833083508747681;11.69719272224723
SC4001E;SC4001E0-PSG.edf;SC4001EC-Hypnogram.edf;Fpz-Cz;100.0;421;41460.0;1;Acordado;6.028577041299774e-08;1.530886543219851e-05;2.343613608211625e-10;-8.784407150568059e-05;7.390234947780597e-05;0.0001617464209834;1.5306432462911458e-05;-0.1276571889556736;4.8290762120118345;8.443219225742874e-11;1.100995383562402e-11;9.65506319688929e-12;1.3243660334678646e-11;1.1834086962462068e-10;0.7074876571873907;0.0922563566886612;0.080903241506943;0.1109733855328502;7.030184579643038;7.924138101975635
SC4001E;SC4001E0-PSG.edf;SC4001EC-Hypnogram.edf;Fpz-Cz;100.0;422;41490.0;2;N1;-5.769242856681584e-08;8.418467927698741e-06;7.087060224969235e-11;-3.5306672695142866e-05;3.620290652858689e-05;7.150957922372975e-05;8.417262448796701e-06;0.0926646190096446;0.7248165359981975;3.060928064077143e-11;2.507831407025228e-11;8.98460361534594e-12;3.1795216411008666e-12;6.785171996747049e-11;0.4445681335953991;0.3642365663791799;0.1304920722327747;0.0461792623714128;1.1737446124129498;3.065648053742082
SC4001E;SC4001E0-PSG.edf;SC4001EC-Hypnogram.edf;Fpz-Cz;100.0;423;41520.0;2;N1;1.2527398720726574e-08;8.268295716323639e-06;6.836471405257584e-11;-2.835858156800452e-05;2.7387244446825853e-05;5.5745826014830377e-05;8.266927043967245e-06;0.0089948801194725;-0.029401424456295;2.4021260310341475e-11;2.480958760011157e-11;8.654352365568519e-12;2.597132654335715e-12;6.008233293035727e-11;0.3932603611870752;0.4061663399202205;0.1416833960064318;0.0425185569990724;0.9307107375182404;2.488127571975868
SC4001E;SC4001E0-PSG.edf;SC4001EC-Hypnogram.edf;Fpz-Cz;100.0;424;41550.0;2;N1;-4.4159234191427845e-08;7.486668751878035e-06;5.6050209000347016e-11;-2.5307673770435955e-05;2.401475614984516e-05;4.932242992028112e-05;7.485551124353589e-06;-0.0205893615376459;0.1610052393592469;3.2511988451763835e-11;1.3346875658302194e-11;3.4960796340288218e-12;2.6636451393347297e-12;5.2018588883429596e-11;0.61321866795148;0.2517395490786745;0.065940639078787;0.0502398346585799;2.266137187363852;7.231186077242738
SC4001E;SC4001E0-PSG.edf;SC4001EC-Hypnogram.edf;Fpz-Cz;100.0;425;41580.0;2;N1;3.4245144064115656e-08;1.2622153484814058e-05;1.5931875859420366e-10;-6.568464888648834e-05;5.4515036813363775e-05;0.0001201996856998;1.2620096080110916e-05;-0.2624128100093107;4.897353703902582;1.1334953826577051e-10;1.4979878563810128e-11;3.990693739755208e-12;2.6724880948292586e-12;1.3499259866416508e-10;0.8334978475239537;0.1101521605657604;0.0293449333195717;0.019651717233737;7.093266561015985;22.712180746104103
SC4001E;SC4001E0-PSG.edf;SC4001EC-Hypnogram.edf;Fpz-Cz;100.0;426;41610.0;3;N2;-4.1584654996018215e-08;1.3076837880924803e-05;1.7100368896398991e-10;-4.847620430202361e-05;6.355040179501683e-05;0.000112026606097;1.307472435724235e-05;0.3362375344178292;2.182602313137857;1.1994628967939563e-10;3.7122454576821396e-11;6.807653943437504e-12;3.826964984369134e-12;1.6770336318402368e-10;0.7109893212298131;0.220045729238532;0.0403528051542851;0.0226845802723839;3.146342254476012;15.362654460398184
SC4001E;SC4001E0-PSG.edf;SC4001EC-Hypnogram.edf;Fpz-Cz;100.0;427;41640.0;3;N2;1.0127642010068223e-07;1.4023367764788428e-05;1.966548434665072e-10;-6.678410823807691e-05;7.42457848842586e-05;0.0001410298931223;1.4021396106140311e-05;0.1521445905673769;3.808426106136847;1.4896903189793278e-10;1.8957940139246587e-11;3.607712140323386e-12;2.5672098725535675e-12;1.7410189405005626e-10;0.8507562565562375;0.1082680472538297;0.0206035015206177;0.0146612341715714;7.464148647534543;32.33036859969243
SC4001E;SC4001E0-PSG.edf;SC4001EC-Hypnogram.edf;Fpz-Cz;100.0;428;41670.0;3;N2;1.9562362512915636e-08;1.1022393089994412e-05;1.2149314943035655e-10;-5.966902363890898e-05;4.209387465174403e-05;0.0001017628982906;1.1020573233725498e-05;-0.4234858261981671;1.754500346225054;9.053412384878982e-11;1.6352903821483796e-11;4.081046504065694e-12;2.9068031145621244e-12;1.1387487728890143e-10;0.7881107339170731;0.1423540482255098;0.0355260140457184;0.025304080258138;5.217231927298754;17.81800732907035
SC4001E;SC4001E0-PSG.edf;SC4001EC-Hypnogram.edf;Fpz-Cz;100.0;429;41700.0;3;N2;-9.475348904785027e-08;1.178803543060426e-05;1.3895777931318135e-10;-4.800003301641049e-05;4.8356200502217255e-05;9.635623351862774e-05;1.1786451470951597e-05;-0.0177372852334257;0.659875557219872;1.0588899256331715e-10;1.892424212551285e-11;4.203460917428049e-12;3.8959306121367444e-12;1.3291262621839475e-10;0.7907319537638328;0.1413178328281739;0.0313895786837361;0.029093078988556;5.3145806950281465;20.34972381721196
SC4001E;SC4001E0-PSG.edf;SC4001EC-Hypnogram.edf;Fpz-Cz;100.0;430;41730.0;3;N2;3.31510992894314e-08;1.3207130362320376e-05;1.744282924073247e-10;-4.854470595500221e-05;6.97268717460543e-05;0.000118271577701;1.3204970603472509e-05;0.242621123685094;2.030512784961359;1.1883575262020374e-10;1.8010026627498004e-11;7.070250825388427e-12;3.3925482805044414e-12;1.473085783535947e-10;0.8012736278604038;0.1214361760285963;0.047672568261909;0.022874929543293;6.251214422199064;14.725162227468203
SC4001E;SC4001E0-PSG.edf;SC4001EC-Hypnogram.edf;Fpz-Cz;100.0;431;41760.0;3;N2;-1.915696083748296e-08;1.4229288630730494e-05;2.024726549366361e-10;-5.253852216598434e-05;8.875908417741335e-05;0.0001412976063433;1.4226929782662375e-05;0.4117360400184393;3.215603960117557;1.2689162644220495e-10;2.98881562092319e-11;5.448655712829793e-12;4.0944600966311696e-12;1.6632289846089783e-10;0.7583637840929384;0.1786256183950611;0.0325637181936763;0.0244704110094531;4.108099738380609;19.6772214385318
SC4001E;SC4001E0-PSG.edf;SC4001EC-Hypnogram.edf;Fpz-Cz;100.0;432;41790.0;3;N2;-5.003447417655724e-08;9.509800656415536e-06;9.043630852476138e-11;-2.9627308730750647e-05;5.17747787643853e-05;8.140208749513595e-05;9.508347203231095e-06;0.4074437608078109;1.1856910728193917;6.745800840407648e-11;1.0110405799997124e-11;3.62000918126352e-12;1.7751486248298169e-12;8.296357201016694e-11;0.8034199449721858;0.1204141934167936;0.0431140445147472;0.0211418902546793;6.071606169784901;14.601271503453482
SC4001E;SC4001E0-PSG.edf;SC4001EC-Hypnogram.edf;Fpz-Cz;100.0;433;41820.0;3;N2;4.95405765772981e-08;1.0488853439768746e-05;1.1001604648094864e-10;-4.158145114633464e-05;4.418586320438159e-05;8.576731435071623e-05;1.0487222164814789e-05;-0.2260972368397534;0.3908637442892959;7.015122701038458e-11;1.4006403288346951e-11;6.280062803546169e-12;2.872576524293421e-12;9.331026962657116e-11;0.7438344444157973;0.1485140838193591;0.0665893844690781;0.0304587881645086;4.674752881315651;9.636074427299368
SC4001E;SC4001E0-PSG.edf;SC4001EC-Hypnogram.edf;Fpz-Cz;100.0;434;41850.0;3;N2;1.027943433364137e-07;1.1845931665784272e-05;1.4032609703043056e-10;-4.818213863419132e-05;3.637206447818058e-05;8.45542031123719e-05;1.1844403249711474e-05;-0.2090182368786897;0.6602565390284498;1.1259391900935001e-10;1.3288070204118011e-11;5.347848236187724e-12;3.1492139349834293e-12;1.3437905138463915e-10;0.8316938097715577;0.0981545524821556;0.0395027752188439;0.023262195315846;7.88027476075103;17.73733630988154
SC4001E;SC4001E0-PSG.edf;SC4001EC-Hypnogram.edf;Fpz-Cz;100.0;435;41880.0;3;N2;-1.0930696514860087e-07;1.1926398534119005e-05;1.4223898199463587e-10;-4.495675266538219e-05;4.861030300897541e-05;9.35670556743576e-05;1.1924911614484514e-05;0.1087187530896586;0.7310069488687443;1.1088765187017004e-10;1.6302415783309844e-11;5.5420829892861675e-12;3.1735691764304882e-12;1.3590571981919655e-10;0.8099563116618717;0.1190776821073619;0.0404810185915188;0.023180690920888;6.408795931093844;16.949899909825117
SC4001E;SC4001E0-PSG.edf;SC4001EC-Hypnogram.edf;Fpz-Cz;100.0;436;41910.0;3;N2;1.4616713698916606e-07;1.7909041661579586e-05;3.2073377323619327e-10;-0.0001130153465264;8.043204043401943e-05;0.0001934473869604;1.7906653143744738e-05;-0.5615253583440598;6.514515284653786;1.982386118488e-10;2.6546182372860577e-11;8.169101006142744e-12;2.9870934155417268e-12;2.35940988643345e-10;0.8366581611052462;0.1120371047865389;0.034477365241517;0.0126069087186854;7.196591134316723;21.62028880650264
SC4001E;SC4001E0-PSG.edf;SC4001EC-Hypnogram.edf;Fpz-Cz;100.0;437;41940.0;3;N2;-9.606118497962845e-08;1.3930353329195389e-05;1.9405474387622503e-10;-5.082478146585087e-05;6.753853736115751e-05;0.000118363318827;1.392836267164448e-05;0.2069835973398263;1.219592275238826;1.4708716181766024e-10;1.7260047487618094e-11;4.7826439009285496e-12;3.0403411188054986e-12;1.7217019432501238e-10;0.8493792040309286;0.0996710060579119;0.0276181702028485;0.0175569539010811;8.055135777571126;25.435970870355973
SC4001E;SC4001E0-PSG.edf;SC4001EC-Hypnogram.edf;Fpz-Cz;100.0;438;41970.0;3;N2;5.7401114524206535e-09;1.205290124932786e-05;1.452724285260491e-10;-4.768795601617438e-05;4.0755812290791744e-05;8.844376830696612e-05;1.2050893632095776e-05;0.0972573503355465;0.0478931478120472;1.0895877265733768e-10;1.4759666780038653e-11;5.693958452135302e-12;3.073831947269973e-12;1.3248622983678163e-10;0.8162547761710361;0.1105707067918977;0.0426557740007902;0.0230273336135754;6.913773887360735;16.27718089923026
SC4001E;SC4001E0-PSG.edf;SC4001EC-Hypnogram.edf;Fpz-Cz;100.0;439;42000.0;3;N2;1.414780024354475e-08;1.1723746640000695e-05;1.3744623527892758e-10;-4.141412677386823e-05;4.545118034761672e-05;8.686530712148494e-05;1.172180105732134e-05;0.0704478707896054;0.395059686171364;9.80116383500996e-11;1.6889279260842007e-11;8.045474453215155e-12;2.667619582245354e-12;1.2561401164640211e-10;0.7740978828142575;0.1333918658861318;0.0635433183784109;0.021068912891689;5.478791902177865;10.83543365879078
SC4001E;SC4001E0-PSG.edf;SC4001EC-Hypnogram.edf;Fpz-Cz;100.0;440;42030.0;3;N2;-1.2808411074058536e-07;1.3165964239965153e-05;1.7334261436804118e-10;-4.82877584521384e-05;5.945361886672889e-05;0.0001077413773188;1.3164392847222746e-05;0.2313619804188273;1.0042599935423713;1.394776961353875e-10;1.9466488476054582e-11;4.313018766308248e-12;2.560212106258123e-12;1.6581741548400847e-10;0.8361099213214834;0.1166933825198885;0.0258547271805784;0.0153473910312652;6.8149304800661765;26.25206163770124
SC4001E;SC4001E0-PSG.edf;SC4001EC-Hypnogram.edf;Fpz-Cz;100.0;441;42060.0;3;N2;9.616044692483935e-08;1.5480294389571965e-05;2.3963951438781327e-10;-5.793646982037004e-05;9.460923753077036e-05;0.0001525457073511;1.5478012836964466e-05;0.9516820778581871;6.857943073883785;1.752024478208545e-10;1.881183250466219e-11;5.321623231448003e-12;2.5574515172727124e-12;2.0189335507423736e-10;0.8635198908152958;0.0927178344395708;0.0262286718532544;0.0126049052534862;8.843323694545935;27.71478802300013
SC4001E;SC4001E0-PSG.edf;SC4001EC-Hypnogram.edf;Fpz-Cz;100.0;442;42090.0;3;N2;-9.722238584708942e-09;1.1374105763078398e-05;1.2937028190969319e-10;-4.646712674527758e-05;3.856565485795586e-05;8.503278160323344e-05;1.137221407661292e-05;0.1729824028195646;0.5864933427909764;9.10503938567372e-11;1.8054667871578383e-11;8.816660587945994e-12;3.541776741025198e-12;1.2146349905728678e-10;0.743490056691464;0.147428972800562;0.0719941913779687;0.0289210807162091;4.778377375579787;9.275088309413404
SC4001E;SC4001E0-PSG.edf;SC4001EC-Hypnogram.edf;Fpz-Cz;100.0;443;42120.0;3;N2;-6.327953149950777e-08;1.279800754110629e-05;1.6378899702221344e-10;-5.336489779457664e-05;6.424204512112996e-05;0.0001176069429157;1.2796030829479095e-05;0.1463606358462284;1.50992160502914;1.2602548323680766e-10;1.4536275464072527e-11;5.336696473012482e-12;3.752336994636739e-12;1.4965079216852943e-10;0.8365404617044826;0.0964898707456589;0.0354242841753028;0.0249075158558681;8.111692118760397;19.888199438546696
SC4001E;SC4001E0-PSG.edf;SC4001EC-Hypnogram.edf;Fpz-Cz;100.0;444;42150.0;3;N2;9.107219536241628e-08;1.55765626664419e-05;2.426293045015916e-10;-5.564422923879487e-05;5.838272529681491e-05;0.0001140269545356;1.5574232636362086e-05;0.0528487237169607;1.1463053192436332;1.7469216989715678e-10;1.8543823136341665e-11;4.654719405035256e-12;2.5679316578886992e-12;2.0045864409642242e-10;0.8671366308488871;0.0920477908481613;0.0231050865348195;0.0127466938408442;8.938484997457708;30.893163282620502
SC4001E;SC4001E0-PSG.edf;SC4001EC-Hypnogram.edf;Fpz-Cz;100.0;445;42180.0;3;N2;4.811998783390593e-08;1.7088913558516074e-05;2.920309666104345e-10;-6.035338216819768e-05;7.406138031621943e-05;0.0001344147624844;1.7086132929604843e-05;0.516594633278672;2.268662579664124;2.4153155926501473e-10;2.2219741040110438e-11;4.658203629179144e-12;2.546707083954885e-12;2.7095621101825916e-10;0.8881266523043236;0.0817033777493635;0.0171285061361087;0.0093644012557003;10.401991945034451;42.686968355017406
SC4001E;SC4001E0-PSG.edf;SC4001EC-Hypnogram.edf;Fpz-Cz;100.0;446;42210.0;3;N2;-1.5613961264426445e-08;1.683483839330429e-05;2.834117837286722e-10;-6.551786064853085e-05;9.310843860140083e-05;0.0001586262992499;1.683203959506638e-05;0.7812575668475125;3.460872572538314;2.2649286463982783e-10;3.123652840465989e-11;7.733329915390809e-12;3.208324044936755e-12;2.6867104700481523e-10;0.8398857317292338;0.1158319691772551;0.0286769009920917;0.0118971765066031;7.025969477752064;25.934307627687108
SC4001E;SC4001E0-PSG.edf;SC4001EC-Hypnogram.edf;Fpz-Cz;100.0;447;42240.0;3;N2;4.6050121175359856e-08;2.0433821073183303e-05;4.1754104365087006e-10;-8.148011185578852e-05;9.184472334342466e-05;0.0001733248351992;2.043046705086907e-05;0.3679555567708182;3.1942934992631944;3.3386048417992436e-10;2.8661922131242343e-11;1.0810583618887497e-11;6.988189343970342e-12;3.8032117927402444e-10;0.875536168265141;0.0751647789032073;0.0283503361640419;0.0183262554607503;11.255524261129231;28.267907408573308
SC4001E;SC4001E0-PSG.edf;SC4001EC-Hypnogram.edf;Fpz-Cz;100.0;448;42270.0;3;N2;-1.0529940981249299e-07;1.9967655224848293e-05;3.9870725517841126e-10;-7.868096304970172e-05;8.3910784477088e-05;0.0001625917475267;1.9964604697457083e-05;0.2211869522919169;1.547964851147099;3.189255531709721e-10;2.8688599570116665e-11;6.453321685718622e-12;3.5882950844750017e-12;3.5765576951128227e-10;0.8892246557348065;0.0799892320405407;0.0179930792539937;0.0100048441695627;10.742357598166723;42.78972069353564
SC4001E;SC4001E0-PSG.edf;SC4001EC-Hypnogram.edf;Fpz-Cz;100.0;449;42300.0;3;N2;-8.14193276122624e-08;1.828625099183201e-05;3.343869753362772e-10;-8.681929414237475e-05;7.581155264406743e-05;0.0001626308467864;1.828338431795585e-05;-0.0140424910778153;2.349701682024421;2.535626324441965e-10;1.9300060888816735e-11;5.3042097873105994e-12;2.487689206141971e-12;2.806545923264657e-10;0.9002609556257194;0.0685238636778414;0.0188323213319472;0.0088324113077428;12.490732605826006;40.22116030379872
SC4001E;SC4001E0-PSG.edf;SC4001EC-Hypnogram.edf;Fpz-Cz;100.0;450;42330.0;3;N2;1.8395657538246698e-07;1.656768256303411e-05;2.7448810550946445e-10;-5.591571464509469e-05;8.250431552287265e-05;0.0001384200301679;1.6565942457219906e-05;0.5167068465228221;1.8566805446546055;2.2184978995020937e-10;2.1260364694977175e-11;5.606137612187913e-12;4.322259701693757e-12;2.530385519590683e-10;0.8732918222032486;0.0836895208661193;0.0220680584460708;0.017014188076423;9.966134562039208;33.5823749025316
SC4001E;SC4001E0-PSG.edf;SC4001EC-Hypnogram.edf;Fpz-Cz;100.0;451;42360.0;3;N2;-2.29411177115678e-07;1.3198777039488266e-05;1.7420771533812266e-10;-5.304116157507753e-05;6.299094700107495e-05;0.0001160321085761;1.319857096764124e-05;0.1506908446174476;2.281934775635237;1.2879921966670156e-10;1.6403614434513263e-11;9.198149045128863e-12;4.7015054025258505e-12;1.5910248854886958e-10;0.80447981061448;0.1024569610578303;0.0574516306929309;0.0293655985309108;7.400716681661177;12.629666334227815
SC4001E;SC4001E0-PSG.edf;SC4001EC-Hypnogram.edf;Fpz-Cz;100.0;452;42390.0;3;N2;3.852314367008328e-07;1.3540041760619455e-05;1.8333273087931883e-10;-5.195732536013222e-05;5.754408946004213e-05;0.0001095014148201;1.3543264865934224e-05;0.2572239828278587;0.8848227526382377;1.1175667323264705e-10;1.158454944490502e-11;7.219414484561837e-12;3.5520221471828798e-12;1.341126593092968e-10;0.8271369522586056;0.0857399262521059;0.0534325541475378;0.0262893363607896;8.880466775701125;13.596670838604709
SC4001E;SC4001E0-PSG.edf;SC4001EC-Hypnogram.edf;Fpz-Cz;100.0;453;42420.0;3;N2;3.3836693822445293e-08;1.5533468386250018e-05;2.4128864010662874e-10;-5.974910909544317e-05;6.644049989493862e-05;0.0001261896089903;1.553091611856092e-05;0.0846408140333583;1.7125738859946535;1.3347587623186884e-10;3.1997543641873986e-11;6.465158821677164e-12;3.366020128156128e-12;1.753045988235761e-10;0.7570754088237653;0.1814901247918846;0.0366703924050597;0.0190920721899286;4.04502461396816;17.879844142670418
SC4001E;SC4001E0-PSG.edf;SC4001EC-Hypnogram.edf;Fpz-Cz;100.0;454;42450.0;3;N2;-4.468165280806916e-07;1.4748684628203718e-05;2.1752369826221263e-10;-7.210036136628221e-05;5.6593590298827314e-05;0.0001286939516651;1.4752994115519667e-05;-0.3002490235883272;2.502685832238628;1.417984180737902e-10;2.4397608818182965e-11;4.899029257226565e-12;2.959181870080506e-12;1.740542380192802e-10;0.8100256222198559;0.139371711843365;0.02798577922282;0.0169043714883074;5.583140487315174;24.0375851501467
SC4001E;SC4001E0-PSG.edf;SC4001EC-Hypnogram.edf;Fpz-Cz;100.0;455;42480.0;2;N1;1.65731884190728e-07;1.2657635464946944e-05;1.602157355634827e-10;-3.857756092013183e-05;4.675678965193233e-05;8.533435057206416e-05;1.2656610817107884e-05;-0.1981232061447798;0.4282338041380931;1.0298344495183332e-10;2.7130237404341608e-11;6.173318348200712e-12;9.223975244796732e-12;1.4551097594917238e-10;0.702906006083533;0.1851754602587156;0.0421355349536567;0.062957571506429;3.660951860148144;14.356458190324808
SC4001E;SC4001E0-PSG.edf;SC4001EC-Hypnogram.edf;Fpz-Cz;100.0;456;42510.0;3;N2;-1.72648761642307e-08;1.2206912171481228e-05;1.4900870476225656e-10;-4.1455759042487096e-05;9.831013849829982e-05;0.0001397658975407;1.220488972788986e-05;1.2987217208326782;9.59848965444731;9.003468667216131e-11;1.567600794743275e-11;7.689659352227326e-12;6.082671400837768e-12;1.1948302537265918e-10;0.747281091205007;0.1301096805873373;0.0638235911527194;0.0504857126721694;5.399055154925255;10.361129593541971
SC4001E;SC4001E0-PSG.edf;SC4001EC-Hypnogram.edf;Fpz-Cz;100.0;457;42540.0;2;N1;-2.973538076402805e-07;1.1000285114469866e-05;1.2100627259962728e-10;-4.768339412668903e-05;3.851071825795456e-05;8.619411238464359e-05;1.100247047086906e-05;-0.5945713758347966;1.622894885553083;5.0500799012977096e-11;1.6410833377473682e-11;5.941895967077337e-12;2.704156950368189e-12;7.555768530789633e-11;0.6596437550309314;0.2143590589432441;0.0776133178946108;0.0353218222245451;2.9005388724422323;7.274784763770934
SC4001E;SC4001E0-PSG.edf;SC4001EC-Hypnogram.edf;Fpz-Cz;100.0;458;42570.0;3;N2;8.195001817207068e-08;1.1117946456578356e-05;1.2360873341134323e-10;-4.8687919470966125e-05;4.239018030685656e-05;9.10780997778227e-05;1.1116395382752654e-05;-0.2210354066237266;0.7303902778436919;7.79093742822708e-11;1.1840890660146367e-11;6.317663916483648e-12;2.970862656137546e-12;9.903879151503838e-11;0.7787916377474338;0.1183629918036982;0.0631521414923724;0.0296971066038012;6.067287413642907;10.64675491679434
SC4001E;SC4001E0-PSG.edf;SC4001EC-Hypnogram.edf;Fpz-Cz;100.0;459;42600.0;3;N2;3.224642795023819e-07;1.288206124823549e-05;1.6594750200329052e-10;-4.712476965100208e-05;5.797621800501138e-05;0.000105100987656;1.2883950069013945e-05;-0.0246597630254787;0.6137865967470737;1.0940215924015901e-10;1.5627483777207933e-11;7.961048085294028e-12;5.870641200470348e-12;1.3886133230313134e-10;0.782218769395418;0.111735556353327;0.05692100850319;0.0419747267082119;6.579598014109727;12.208634324783825
SC4001E;SC4001E0-PSG.edf;SC4001EC-Hypnogram.edf;Fpz-Cz;100.0;460;42630.0;3;N2;-1.3044817849819777e-07;1.4451036222203682e-05;2.0883244789544283e-10;-5.017077192541592e-05;7.305003446472507e-05;0.0001232208063901;1.4449216373449157e-05;0.0426425393602908;1.2369236039101068;1.6370586801265092e-10;2.0360957994639865e-11;9.04484391760574e-12;4.942309900717767e-12;1.9805397982561422e-10;0.8224194671016835;0.102288625489817;0.0454391513574844;0.0248289931457165;7.663788677161852;16.297502415714128
SC4001E;SC4001E0-PSG.edf;SC4001EC-Hypnogram.edf;Fpz-Cz;100.0;461;42660.0;3;N2;1.1737452751706905e-07;1.419682943853588e-05;2.0154996610687896e-10;-7.4801915167384e-05;0.0001032581420245;0.0001780600571919;1.4194948381891116e-05;0.224921976439244;9.071473908438836;1.3976553038336134e-10;1.2999982070440822e-11;5.843083931901393e-12;2.94276320642666e-12;1.6155135959213015e-10;0.8598238165097944;0.0799746129657731;0.0359460784982833;0.0181035902364063;9.983264955635796;20.424348404057444
SC4001E;SC4001E0-PSG.edf;SC4001EC-Hypnogram.edf;Fpz-Cz;100.0;462;42690.0;3;N2;2.6676552226720843e-08;1.4578561774490587e-05;2.125344634126381e-10;-6.01178860680756e-05;6.284558958058417e-05;0.0001229634756486;1.4576156222747452e-05;0.1118887012096861;1.401514460787844;1.5583875321399258e-10;1.3719797148452733e-11;7.033914277337757e-12;3.347665253005368e-12;1.7994012989278846e-10;0.8612724734216282;0.0758250652112499;0.0388742634456243;0.0185015079572947;10.58701771786125;19.397612151972545
SC4001E;SC4001E0-PSG.edf;SC4001EC-Hypnogram.edf;Fpz-Cz;100.0;463;42720.0;3;N2;-2.965650836560247e-07;1.2744049369981727e-05;1.6241079434453168e-10;-4.392690345315472e-05;4.144866019376649e-05;8.537556364692121e-05;1.274537595608413e-05;0.0006127289313341;0.4050133668035443;1.275676099725994e-10;1.5646292441297778e-11;6.9190489836243675e-12;2.3441431265204653e-12;1.5247709452404202e-10;0.831183378654696;0.1019454563550315;0.045081964869621;0.0152735698691068;7.663424778968618;16.10895578956434
SC4001E;SC4001E0-PSG.edf;SC4001EC-Hypnogram.edf;Fpz-Cz;100.0;464;42750.0;3;N2;3.423907136282045e-07;1.5017345819713284e-05;2.2552067546886003e-10;-5.750746750003111e-05;7.914942449197611e-05;0.000136656891992;1.501874606320878e-05;0.3692875254206818;2.8436485462705194;1.674636469737823e-10;1.4290008111646488e-11;5.084048773672043e-12;2.399687400272721e-12;1.8923739125937358e-10;0.8802877597572758;0.0751167161042657;0.0267247607844892;0.0126141731884923;10.95248908640044;27.5250336089448
SC4001E;SC4001E0-PSG.edf;SC4001EC-Hypnogram.edf;Fpz-Cz;100.0;465;42780.0;3;N2;-2.657804218487167e-07;1.3579747992445389e-05;1.8440955553832448e-10;-6.084520605707751e-05;5.139453318657604e-05;0.0001122397392436;1.3580085600581331e-05;-0.0706282512662693;1.0686015385218193;1.320871724923877e-10;2.3413667799899056e-11;8.983001062914294e-12;3.694146044251781e-12;1.6817798739945282e-10;0.780758623050122;0.1383966564433475;0.0530979307710061;0.0218358552494739;5.410378054416462;13.231208898001263
SC4001E;SC4001E0-PSG.edf;SC4001EC-Hypnogram.edf;Fpz-Cz;100.0;466;42810.0;3;N2;1.3573832457151656e-07;1.4675120735534218e-05;2.1535916860250637e-10;-5.753704956168492e-05;6.160239987868302e-05;0.0001191394494403;1.4673302528937707e-05;0.1039048286447458;1.592306179832745;1.7162252227291063e-10;1.989744693285173e-11;7.64293374748289e-12;2.513429360563647e-12;2.016763323138089e-10;0.8467812709733817;0.0981735099786787;0.037710045668525;0.0124011981659113;8.21260715839466;19.856975338135943
SC4001E;SC4001E0-PSG.edf;SC4001EC-Hypnogram.edf;Fpz-Cz;100.0;467;42840.0;3;N2;-3.5085130899721144e-08;1.599317895451359e-05;2.5578177307109636e-10;-6.776673199986837e-05;5.895756216635117e-05;0.0001267242941662;1.5990551692999306e-05;-0.0426906468511155;1.0766042553216852;1.9148231367126963e-10;2.991439420590706e-11;7.631045908382666e-12;2.8169423509577488e-12;2.3184469613651708e-10;0.8223606414423257;0.1284735907764384;0.0327731145909742;0.012097945101168;6.193953289069516;22.18529662613632
SC4001E;SC4001E0-PSG.edf;SC4001EC-Hypnogram.edf;Fpz-Cz;100.0;468;42870.0;4;N3;-1.5749410602728524e-07;2.839016623323448e-05;8.06001538750687e-10;-0.0001087615118754;0.0001201431814285;0.000228904693304;2.8385871062282678e-05;0.4257306755488266;2.959227074922405;6.744493767567761e-10;3.3110929202052076e-11;5.5767067561327596e-12;2.174395489264426e-12;7.153114082042254e-10;0.941558893285818;0.0462242103403886;0.0077853105398857;0.0030355449660023;19.772237008313507;102.5512314545352
SC4001E;SC4001E0-PSG.edf;SC4001EC-Hypnogram.edf;Fpz-Cz;100.0;469;42900.0;3;N2;1.504603512752217e-07;1.6199377686402845e-05;2.624198374267264e-10;-5.456073405647964e-05;8.8536574435273e-05;0.0001430973084917;1.6197376406841017e-05;0.7707737927281528;3.562319099448226;1.867291981446512e-10;1.8043496253046264e-11;5.645812049451977e-12;3.3449559353108705e-12;2.1376346238246036e-10;0.8694644613808448;0.0840156703234445;0.0262885128914417;0.0155750698848113;9.805405250350567;28.097273403940022
SC4001E;SC4001E0-PSG.edf;SC4001EC-Hypnogram.edf;Fpz-Cz;100.0;470;42930.0;3;N2;-6.614319556964353e-08;1.443278090588509e-05;2.0830516467728122e-10;-6.193791802288877e-05;5.667235265468209e-05;0.0001186102706775;1.4430526828383951e-05;0.0050267802352541;1.264636368889665;1.5011455411096203e-10;2.5161375552731607e-11;6.423380820434716e-12;5.4619230095770825e-12;1.871612334937054e-10;0.7977974597832548;0.1337224203176439;0.0341376419635854;0.0290278869252831;5.738022215551583;20.221858172456155
SC4001E;SC4001E0-PSG.edf;SC4001EC-Hypnogram.edf;Fpz-Cz;100.0;471;42960.0;3;N2;4.418226309300362e-08;1.3773729944022503e-05;1.8971563657086216e-10;-6.4821864575665e-05;4.522535991990328e-05;0.0001100472244955;1.3771505004817394e-05;-0.3041716273528433;0.8292905019107315;1.4147362587292258e-10;1.8538500261197418e-11;6.90509980764222e-12;4.124972469314971e-12;1.7104219841107723e-10;0.8223193331608438;0.1077555415613881;0.0401360821438888;0.0239765156886612;7.240761777089046;17.8965009064343
SC4001E;SC4001E0-PSG.edf;SC4001EC-Hypnogram.edf;Fpz-Cz;100.0;472;42990.0;3;N2;1.2667083687143574e-08;1.9476017367327623e-05;3.7931525249244726e-10;-6.600832919964113e-05;7.37231696297108e-05;0.0001397314988293;1.9472775213871255e-05;0.0154029103242841;0.973318658879322;3.220326792711226e-10;2.7575404102021432e-11;9.66338986467383e-12;3.9525351405388896e-12;3.6322400837835665e-10;0.8841610433779926;0.0757100121565189;0.0265314466986906;0.0108519346600375;11.269575685487574;30.199841078489246
SC4001E;SC4001E0-PSG.edf;SC4001EC-Hypnogram.edf;Fpz-Cz;100.0;473;43020.0;3;N2;4.353369074454031e-08;1.3802172560727244e-05;1.9049996739609203e-10;-4.423640994533278e-05;4.739680895990723e-05;9.163321890524e-05;1.3799940673393849e-05;0.0568954226252377;0.3613635758382951;1.4530755725851456e-10;2.4063407335918145e-11;1.1267903273388054e-11;3.493232190072804e-12;1.8413210005789358e-10;0.7848858043152686;0.1299796595425275;0.0608641249673309;0.0188688627686955;5.7975978808865145;11.844530725451722
SC4001E;SC4001E0-PSG.edf;SC4001EC-Hypnogram.edf;Fpz-Cz;100.0;474;43050.0;3;N2;6.783812768872708e-08;1.3013227738068548e-05;1.6934409616283662e-10;-4.784236796559334e-05;4.716014525092499e-05;9.500251321651834e-05;1.3011235534811854e-05;-0.0097407048470005;0.5571957975142725;1.1595552702342391e-10;1.7287441315281605e-11;1.0837227984743616e-11;3.531995380278431e-12;1.4761219170372755e-10;0.7802558167945751;0.1163258620782994;0.0729228730193863;0.0237665250729886;6.34071902265122;9.795834563030544
SC4001E;SC4001E0-PSG.edf;SC4001EC-Hypnogram.edf;Fpz-Cz;100.0;475;43080.0;3;N2;-2.200356384000654e-07;1.7539203098592922e-05;3.0762364533369156e-10;-7.587550137213537e-05;7.236464118570968e-05;0.0001482401425578;1.7537660043482044e-05;-0.2699376912812213;1.5314154260545223;2.3891206547428867e-10;2.523272089049177e-11;9.899940521984544e-12;3.196678196629073e-12;2.7724140508339404e-10;0.8586502983000766;0.0906864342599515;0.0355804001170039;0.0114888659208393;9.107406985025486;21.91865772041756
SC4001E;SC4001E0-PSG.edf;SC4001EC-Hypnogram.edf;Fpz-Cz;100.0;476;43110.0;3;N2;3.0119013214930634e-08;1.467661179910809e-05;2.1540293390171877e-10;-5.4675813042281294e-05;4.73268941957431e-05;0.000102002707238;1.4674196403166636e-05;0.0910265391402201;0.4475850167280502;1.4521887707046406e-10;2.262973839134241e-11;8.215702881939913e-12;3.0026280497725098e-12;1.7906694639351886e-10;0.8064715928102778;0.1256740276024191;0.0456258244307941;0.0166750650794652;6.14559817232975;15.75776464701902
SC4001E;SC4001E0-PSG.edf;SC4001EC-Hypnogram.edf;Fpz-Cz;100.0;477;43140.0;3;N2;-1.467956164319878e-07;1.614436563832958e-05;2.6064054186407686e-10;-5.622497939694697e-05;6.985852635848941e-05;0.0001260835057554;1.614234216699854e-05;0.199674892594963;0.906867848572841;2.0197087966652919e-10;2.3734484980880705e-11;1.011960921676228e-11;2.8165322818309617e-12;2.38641506146003e-10;0.8428042492083037;0.0990416283163415;0.0422281155694157;0.0117531070770143;8.165558321616517;18.163487198998663
SC4001E;SC4001E0-PSG.edf;SC4001EC-Hypnogram.edf;Fpz-Cz;100.0;478;43170.0;3;N2;3.734225596778964e-08;1.567157322497526e-05;2.455982073457614e-10;-5.5971420280357184e-05;5.8214137279399215e-05;0.0001141855575597;1.566900557536205e-05;0.0809996701696725;0.9180514648422932;1.7316635693958003e-10;2.4464710224674423e-11;1.060293983432139e-11;2.673137680488194e-12;2.1090714467906403e-10;0.817180360774728;0.1154501433244571;0.0500357826555573;0.0126146651852474;6.800248477667254;14.924351880835886
SC4001E;SC4001E0-PSG.edf;SC4001EC-Hypnogram.edf;Fpz-Cz;100.0;479;43200.0;3;N2;2.37734502129947e-07;1.800901784995838e-05;3.2432472392011946e-10;-5.594938027424085e-05;6.722518729197893e-05;0.0001231745675662;1.800758543981718e-05;0.2645613012122649;0.3119234383161711;2.44357730885283e-10;2.413998415442873e-11;1.3088591022518234e-11;2.9663345177024185e-12;2.8455264057993233e-10;0.8557361976727441;0.0845377724590553;0.0458360006615118;0.0103880479328716;9.719884045441464;17.344369674349867
SC4001E;SC4001E0-PSG.edf;SC4001EC-Hypnogram.edf;Fpz-Cz;100.0;480;43230.0;3;N2;-1.930811696520312e-07;1.9424388230530527e-05;3.7730685813037286e-10;-8.137970506686432e-05;7.061881636213338e-05;0.0001519985214289;1.9422110326010844e-05;-0.1563376363563647;1.0548758258037951;2.7954414482015057e-10;2.2588185904628343e-11;8.544180848896984e-12;3.053231685584017e-12;3.1372974325925994e-10;0.8882037710362662;0.0717701024082151;0.027147675209898;0.0097011221563158;11.851023472106004;29.289485315280604
SC4001E;SC4001E0-PSG.edf;SC4001EC-Hypnogram.edf;Fpz-Cz;100.0;481;43260.0;3;N2;3.3161692596171704e-07;1.919441824290247e-05;3.6842569168346704e-10;-5.927926635393907e-05;9.54119737552464e-05;0.0001546912401091;1.9194083799576286e-05;0.4920606426104335;2.313266842838104;2.811658226685692e-10;2.5730959948587477e-11;8.396744603431224e-12;3.4170645184061642e-12;3.1871059173899413e-10;0.8794385607909663;0.0804820378600211;0.0262635796886146;0.0106879928494699;10.51835860774714;29.921620149801814
SC4001E;SC4001E0-PSG.edf;SC4001EC-Hypnogram.edf;Fpz-Cz;100.0;482;43290.0;4;N3;-5.203010511014715e-08;2.528834243508888e-05;6.395002631143168e-10;-8.280215837002465e-05;0.0001155278355299;0.0001983299938999;2.5284180894222843e-05;0.6232210931664702;2.157785849033223;4.656520487473808e-10;3.4203054467206216e-11;8.027174541627416e-12;2.9503038443390197e-12;5.108325816005532e-10;0.9097741439031466;0.0668246916994805;0.0156832035126126;0.0057641970253498;13.227603564377176;51.58336604660723
SC4001E;SC4001E0-PSG.edf;SC4001EC-Hypnogram.edf;Fpz-Cz;100.0;483;43320.0;3;N2;-8.950164150556927e-09;2.2406789700059643e-05;5.020642246626987e-10;-7.936428597674639e-05;7.840732979637875e-05;0.0001577716157731;2.2403056711676264e-05;0.1658071562816345;1.2408310687854582;3.785239175952989e-10;3.6641557504537415e-11;7.335566538695545e-12;3.2218889049411887e-12;4.2572293054347305e-10;0.8870484581487381;0.0858673272089475;0.0171904671946103;0.0075503064736591;10.056011033806731;45.41070074098828
SC4001E;SC4001E0-PSG.edf;SC4001EC-Hypnogram.edf;Fpz-Cz;100.0;484;43350.0;4;N3;-1.0568990562957557e-07;2.560240508528928e-05;6.554831461512461e-10;-8.041407920323522e-05;9.283332422570048e-05;0.0001732474034289;2.559835584808813e-05;0.0488647490015124;0.4245330855331737;5.270465801293182e-10;4.3624590869782566e-11;1.1115402422127632e-11;2.8512215266461267e-12;5.84637794947875e-10;0.8999531530853955;0.0744907368447171;0.0189799950037667;0.0048685749984764;11.810675904397064;43.50219346958858
SC4001E;SC4001E0-PSG.edf;SC4001EC-Hypnogram.edf;Fpz-Cz;100.0;485;43380.0;3;N2;2.67200918463207e-08;2.1753514466488016e-05;4.732153916437034e-10;-7.933874935729343e-05;0.0001077301415905;0.0001870688909478;2.17499049915886e-05;0.3671965170486235;3.271488829913146;3.4427632590647745e-10;2.861355049614699e-11;6.100028749971346e-12;2.2204090705795118e-12;3.812103142231754e-10;0.9007510082667524;0.0748633656166571;0.0159598747678208;0.0058093907672072;11.625634891407945;48.48942701927326
SC4001E;SC4001E0-PSG.edf;SC4001EC-Hypnogram.edf;Fpz-Cz;100.0;486;43410.0;4;N3;2.3453835390771922e-07;2.258478850873661e-05;5.100726719843611e-10;-6.768466732650579e-05;8.908480598359284e-05;0.00015676947331;2.258224204989e-05;0.4066190369664433;1.1364752831336888;3.7683913766508286e-10;3.1760369398915723e-11;6.837073715228859e-12;3.2812083427759197e-12;4.1871778912200336e-10;0.8978393278335493;0.0756707726526302;0.0162896924848745;0.0078176537373833;11.502896474590884;48.084163982382336
SC4001E;SC4001E0-PSG.edf;SC4001EC-Hypnogram.edf;Fpz-Cz;100.0;487;43440.0;4;N3;-1.7467903485385846e-07;2.672346106423839e-05;7.141433712518652e-10;-8.436801633373534e-05;9.682190247945068e-05;0.0001811899188131;2.6719577770366533e-05;0.1846504045052134;0.8716679944685501;5.407763641232462e-10;3.2040707604651315e-11;7.545492248223258e-12;2.835705542328727e-12;5.831982695184494e-10;0.9256726565948308;0.0548456051248872;0.0129159784304786;0.004854012225449;16.366972844344232;63.28206128039986
SC4001E;SC4001E0-PSG.edf;SC4001EC-Hypnogram.edf;Fpz-Cz;100.0;488;43470.0;4;N3;-1.7406434889155634e-07;2.2767447978544472e-05;5.183566874557286e-10;-7.285551084152741e-05;7.309348456178998e-05;0.0001459489954033;2.2764318577343766e-05;0.1697005675512522;0.349509651747995;4.146007399847248e-10;3.729734550459351e-11;1.0740639948268508e-11;2.2549814875578087e-12;4.648937069251448e-10;0.8899041429880029;0.0800554825064123;0.0230538420859035;0.0048401200832706;10.825834911586655;35.31329994033838
SC4001E;SC4001E0-PSG.edf;SC4001EC-Hypnogram.edf;Fpz-Cz;100.0;489;43500.0;4;N3;-1.1219768603147304e-08;2.3810642282309773e-05;5.66946685896118e-10;-7.669566394109078e-05;0.0001052107067992;0.0001819063707403;2.3806676155034603e-05;0.2464015846145266;1.5670382593357992;4.1174965521927856e-10;2.700583657575577e-11;7.528368259084335e-12;2.7482380897678127e-12;4.4903209814388637e-10;0.91493397230442;0.0600086897959917;0.0167285140107435;0.0061067601646697;14.702280151692523;48.28000418259224
SC4001E;SC4001E0-PSG.edf;SC4001EC-Hypnogram.edf;Fpz-Cz;100.0;490;43530.0;4;N3;1.628853574332713e-07;2.492250781373281e-05;6.211313957255729e-10;-7.611415874992638e-05;8.911666547230427e-05;0.0001652308242222;2.4918886081979343e-05;0.3120961057229688;0.8708729415515988;4.898821787766657e-10;2.521678556108657e-11;9.52269962515958e-12;2.594385568042288e-12;5.27216049530954e-10;0.9274276675456412;0.0477395292768529;0.0180280391586275;0.0049115992790186;18.685821632679296;46.55480021546624
SC4001E;SC4001E0-PSG.edf;SC4001EC-Hypnogram.edf;Fpz-Cz;100.0;491;43560.0;4;N3;1.336968424076212e-09;2.4007191719691293e-05;5.763452542660141e-10;-6.323082460284217e-05;0.0001093549489258;0.0001725857735287;2.4003190224816856e-05;0.3559952922105022;1.2856275810164473;4.041853644876653e-10;2.7945080195179225e-11;9.248623395840982e-12;2.1429666962914983e-12;4.43522034774977e-10;0.9092583333743384;0.062865455498343;0.0208057704057859;0.0048208334540183;13.963870950165203;39.438015124225245
SC4001E;SC4001E0-PSG.edf;SC4001EC-Hypnogram.edf;Fpz-Cz;100.0;492;43590.0;4;N3;-2.1206443608963938e-07;2.95124399156489e-05;8.709841097747865e-10;-8.890435820619463e-05;9.55498100693413e-05;0.0001844541682755;2.950828278743528e-05;0.2159097608658438;0.0930478147247613;7.25915158511716e-10;3.403101028978179e-11;7.340008799664479e-12;2.2365222251340795e-12;7.695226998262962e-10;0.9421074274325256;0.0441661359197511;0.0095260124086145;0.0029026039409848;20.722073171936422;87.04009503454239
SC4001E;SC4001E0-PSG.edf;SC4001EC-Hypnogram.edf;Fpz-Cz;100.0;493;43620.0;4;N3;4.626741886653797e-07;2.940248214841492e-05;8.645059564878579e-10;-8.286081423329979e-05;0.0001071104162855;0.0001899712305188;2.940122200250446e-05;0.2764471319878433;0.1465454274810524;6.786878856876477e-10;4.329195053662147e-11;9.613636879584364e-12;2.4174722203169548e-12;7.340109453241704e-10;0.923371128015404;0.0588997358638352;0.0130795832915717;0.0032890288718772;15.323052551648072;63.94489404410693
SC4001E;SC4001E0-PSG.edf;SC4001EC-Hypnogram.edf;Fpz-Cz;100.0;494;43650.0;4;N3;1.015975882559149e-07;3.0619014119322864e-05;9.375240256392927e-10;-8.231793517027506e-05;9.017005898563436e-05;0.0001724879941559;3.061407910914006e-05;0.3603787227112702;0.0433525384367041;7.077842179009538e-10;3.2003824227362156e-11;8.086380738276716e-12;2.649699150155039e-12;7.505241220167479e-10;0.9417984029595536;0.0425852255300581;0.0107599749647111;0.0035257672675155;21.44552137428238;77.89506496457788
SC4001E;SC4001E0-PSG.edf;SC4001EC-Hypnogram.edf;Fpz-Cz;100.0;495;43680.0;4;N3;-4.385061815045959e-07;3.0827489602762766e-05;9.503341152084464e-10;-0.0001058107227071;0.0001013556901398;0.000207166412847;3.082547039124077e-05;-0.0314296978222278;0.5296199976497302;8.049427013497571e-10;3.9340270434273955e-11;1.5716194521748558e-11;8.849781820001312e-12;8.68848948125781e-10;0.9253821632872302;0.0452265540115193;0.0180677283746924;0.0101739294380587;19.953825115308607;48.15346580841044
SC4001E;SC4001E0-PSG.edf;SC4001EC-Hypnogram.edf;Fpz-Cz;100.0;496;43710.0;3;N2;-5.266537602007791e-08;2.150044914948207e-05;4.6226931362946424e-10;-7.389947671567154e-05;9.959059203454078e-05;0.0001734900687502;2.1496929955230486e-05;0.6371747223508291;2.581658250065402;2.9491446495805595e-10;2.152913859995973e-11;4.7939736140867866e-12;2.131528682209135e-12;3.2336910585431155e-10;0.90919406205878;0.0663723462296357;0.0147793779603658;0.0065713060946269;13.090356901554289;50.900208492671695
SC4001E;SC4001E0-PSG.edf;SC4001EC-Hypnogram.edf;Fpz-Cz;100.0;497;43740.0;3;N2;-8.613321955307496e-08;1.9415307830678963e-05;3.7695417816002393e-10;-7.633378731763677e-05;7.173867258416368e-05;0.0001480724599018;1.941226276606657e-05;-0.1857065004126334;0.6557696466096292;2.58925734485731e-10;2.0516588194266985e-11;9.167709880282464e-12;7.365033976928767e-12;2.9597506653720917e-10;0.8718770148109021;0.0690852213066054;0.0308703016289544;0.024800176199324;12.033772833683772;25.46549198732034
SC4001E;SC4001E0-PSG.edf;SC4001EC-Hypnogram.edf;Fpz-Cz;100.0;498;43770.0;3;N2;7.384709354579123e-08;1.933567525322455e-05;3.738683374981602e-10;-6.220721992510957e-05;5.408446934700665e-05;0.0001162916892721;1.93325934140306e-05;-0.3975083547523739;-0.042260257180442;2.580156236728077e-10;3.3389354800578364e-11;6.755764925011949e-12;3.890513741302196e-12;3.0205125713970016e-10;0.8513926855412053;0.1101772522434598;0.0222924827594352;0.012837807630373;7.502775936595016;33.26759206441655
SC4001E;SC4001E0-PSG.edf;SC4001EC-Hypnogram.edf;Fpz-Cz;100.0;499;43800.0;3;N2;4.201416842212653e-07;2.1256945600880287e-05;4.5185773627878366e-10;-7.046030345393151e-05;0.0001098632605366;0.0001803235639905;2.1257554799839465e-05;0.5319187020351358;3.0627221953572548;2.87667570826963e-10;3.242954841670796e-11;8.335461384479445e-12;3.576938282413225e-12;3.3200951891056354e-10;0.863841885865797;0.0973832475504028;0.0250307000585112;0.0107412493616252;8.605188656487739;30.81449957098223
SC4001E;SC4001E0-PSG.edf;SC4001EC-Hypnogram.edf;Fpz-Cz;100.0;500;43830.0;3;N2;-4.0891714838960404e-07;2.0321750585059462e-05;4.1297354684136463e-10;-7.482360334169682e-05;6.161505278916621e-05;0.0001364386561308;2.03224777580556e-05;-0.0113009140094896;0.5580927119494903;2.7799183935754047e-10;2.6088395032957077e-11;6.354561373432204e-12;2.987917962919921e-12;3.134227137268497e-10;0.8841340883503791;0.0829723613912352;0.020210249120083;0.0095028693299671;10.262396093209729;37.79856136108469
SC4001E;SC4001E0-PSG.edf;SC4001EC-Hypnogram.edf;Fpz-Cz;100.0;501;43860.0;3;N2;-1.3381882814982854e-08;1.940633378594602e-05;3.7660579101155004e-10;-5.678431187679592e-05;6.516703289504276e-05;0.0001219513447718;1.9403103741996205e-05;0.2795379698054135;0.1868653982351764;2.915435756819574e-10;2.6121299572463267e-11;1.0535464439057757e-11;3.3026796517055576e-12;3.3150301934518403e-10;0.876814821880745;0.0785595860870837;0.0316853196094453;0.0099327809359737;10.749616732155664;25.27367469443401
SC4001E;SC4001E0-PSG.edf;SC4001EC-Hypnogram.edf;Fpz-Cz;100.0;502;43890.0;3;N2;4.969919044277864e-07;2.2712255332344845e-05;5.158465422816269e-10;-7.301154813296645e-05;9.182215824868856e-05;0.0001648337063816;2.271390751031769e-05;0.0393960594176687;1.9371855911751477;3.4023754523046847e-10;1.9598359871973443e-11;9.69683758724882e-12;2.553879977756324e-12;3.72086622667447e-10;0.9119532155773412;0.0525303205240959;0.0259908476962256;0.0068452735171712;16.5177007948775;31.80730215405431
SC4001E;SC4001E0-PSG.edf;SC4001EC-Hypnogram.edf;Fpz-Cz;100.0;503;43920.0;4;N3;-5.019084420197038e-07;2.465151906811737e-05;6.076973923657546e-10;-8.680637886652082e-05;7.896630983240404e-05;0.0001657726886989;2.4652519924998945e-05;0.1309519897866399;0.8855110812398674;4.751227868618488e-10;3.4146673790691794e-11;7.692073685394872e-12;2.503141468776039e-12;5.194646758067116e-10;0.9128819090852158;0.0656080525306832;0.0147792425556494;0.0048094358467194;13.518285960467756;54.6616151747757
SC4001E;SC4001E0-PSG.edf;SC4001EC-Hypnogram.edf;Fpz-Cz;100.0;504;43950.0;4;N3;8.252496796427114e-08;2.601535820097368e-05;6.767988623249684e-10;-7.953947127186474e-05;8.833090462675677e-05;0.0001678703758986;2.6011152859389584e-05;0.3109115646944022;0.4337458385223378;5.455110330172111e-10;3.9727784789517007e-11;7.336500022129312e-12;3.306519783503149e-12;5.958818376123607e-10;0.9139347164580476;0.0665588769603638;0.0122913775555253;0.005539655548458;13.394075711125373;65.43645793428267
SC4001E;SC4001E0-PSG.edf;SC4001EC-Hypnogram.edf;Fpz-Cz;100.0;505;43980.0;3;N2;5.404371069218421e-08;2.526693820844011e-05;6.384181664291306e-10;-0.0001120423046673;9.131096392328854e-05;0.0002033532685906;2.526278450797377e-05;0.0359274764397349;1.8466100037691329;3.9869079022587226e-10;2.598612122427535e-11;8.149256871417263e-12;3.6011032093502597e-12;4.3642727153091527e-10;0.9114447501879058;0.0594067240785621;0.0186299698299476;0.0082324615855501;14.77391978315247;43.5763030625364
SC4001E;SC4001E0-PSG.edf;SC4001EC-Hypnogram.edf;Fpz-Cz;100.0;506;44010.0;4;N3;-1.44998866697749e-07;3.2075271075388414e-05;1.0288230145596486e-09;-8.544365957830877e-05;9.387997901435191e-05;0.0001793236385926;3.207025254384722e-05;0.142333141015707;0.1189292417423328;8.886388014772616e-10;2.550742937940571e-11;6.826949702851043e-12;1.827435687530244e-12;9.228006162470487e-10;0.9619378747411618;0.0276114011300727;0.0073900683575917;0.0019781711068284;33.52414105336324;113.5357751377355
SC4001E;SC4001E0-PSG.edf;SC4001EC-Hypnogram.edf;Fpz-Cz;100.0;507;44040.0;4;N3;2.998566843659823e-07;2.830978459598253e-05;8.014439038709296e-10;-7.607303290250227e-05;9.80271257579737e-05;0.0001741001586604;2.83066541635378e-05;0.3055062700946643;0.259818494160855;6.265464693732921e-10;3.294690968674722e-11;7.428963878651407e-12;3.130322049523833e-12;6.700526649882144e-10;0.9336770451307216;0.0490973531672448;0.0110706122876091;0.0046647934101845;18.45665703166772;74.3325607267327
SC4001E;SC4001E0-PSG.edf;SC4001EC-Hypnogram.edf;Fpz-Cz;100.0;508;44070.0;4;N3;-3.041524183309816e-07;2.5082366093490756e-05;6.291250888478945e-10;-6.933996276951008e-05;9.324016278343984e-05;0.0001625801255529;2.508002968854945e-05;0.3031076763339975;0.976247303176056;4.6122637987893283e-10;2.742545437196373e-11;5.7281185868732936e-12;3.0480645743601775e-12;4.974280174121301e-10;0.9253620658679051;0.0550239019755719;0.0114923687809807;0.0061153556138074;16.225822597011657;68.55205863624276
SC4001E;SC4001E0-PSG.edf;SC4001EC-Hypnogram.edf;Fpz-Cz;100.0;509;44100.0;4;N3;1.724811372452317e-07;2.3417002984764392e-05;5.483560287884645e-10;-8.386151637108474e-05;6.894950736828323e-05;0.0001528110237393;2.3413735139619237e-05;-0.1160202186710207;0.7037565635910834;4.5169894120698854e-10;2.4357933662653997e-11;8.76633758688435e-12;3.582126538964246e-12;4.884053389954913e-10;0.9229546660322598;0.0497704698372291;0.0179122230355666;0.0073193450368085;17.812923845298567;46.25059672456901
SC4001E;SC4001E0-PSG.edf;SC4001EC-Hypnogram.edf;Fpz-Cz;100.0;510;44130.0;4;N3;-3.634635195763395e-07;2.3975712205069784e-05;5.748347757403323e-10;-7.453127829862901e-05;9.128851851738964e-05;0.000165819796816;2.397447121165515e-05;0.4590608678979582;1.5918470475211477;5.011568532547394e-10;2.4043625034864688e-11;7.887277718584068e-12;2.92402363226739e-12;5.360117796404558e-10;0.93323251417367;0.0447729937152636;0.0146873458229628;0.0054449897434747;20.0113542890476;56.39036712071875
SC4001E;SC4001E0-PSG.edf;SC4001EC-Hypnogram.edf;Fpz-Cz;100.0;511;44160.0;4;N3;-1.6763602925917026e-08;2.969894400993829e-05;8.820272753054494e-10;-0.0001020603609472;7.378180720071987e-05;0.0001758421681479;2.9693998505288304e-05;-0.359220627155099;-0.0710930826089319;6.553483586615274e-10;3.3281397204139935e-11;9.224262669781452e-12;2.4568129531163925e-12;7.003108314885655e-10;0.9344620519699082;0.0474559862899858;0.0131528877861511;0.0035031726914892;19.11673420890749;64.09737110906364
SC4001E;SC4001E0-PSG.edf;SC4001EC-Hypnogram.edf;Fpz-Cz;100.0;512;44190.0;4;N3;3.542873315902426e-07;2.855741647198083e-05;8.15526035554162e-10;-8.534246470927355e-05;8.020865393095943e-05;0.0001655511186402;2.8554854456915654e-05;0.0745174526691686;-0.0778820426326567;5.86515961830438e-10;3.8849398851938576e-11;1.0012620714478388e-11;2.576897143197955e-12;6.379548785400532e-10;0.9179301724255824;0.0608014746529606;0.0156703095175612;0.0040329876643025;14.718313920108372;53.25852737844141
SC4001E;SC4001E0-PSG.edf;SC4001EC-Hypnogram.edf;Fpz-Cz;100.0;513;44220.0;4;N3;-2.2674618534689887e-07;2.909288058013713e-05;8.4639570045012e-10;-8.524780718622318e-05;9.462619958416353e-05;0.0001798740067703;2.908891511181776e-05;0.5153999200699984;0.17357132757843;7.216503513190551e-10;3.446127713472821e-11;7.016720596469924e-12;2.7083412372682845e-12;7.658366902875212e-10;0.9410743649322206;0.0449395256789384;0.0091502150136283;0.0035318357501292;20.350376794870783;90.0181492712651
SC4001E;SC4001E0-PSG.edf;SC4001EC-Hypnogram.edf;Fpz-Cz;100.0;514;44250.0;4;N3;1.252951689882064e-07;3.297145164643105e-05;1.087116623672941e-09;-8.279852586500034e-05;8.491325699019406e-05;0.0001677117828551;3.296619405306627e-05;0.0017248121926317;-0.5676584984298829;8.196262759176582e-10;2.6866259524065116e-11;7.1719028260669735e-12;2.8406028611933562e-12;8.565050411289838e-10;0.9558267725616464;0.0313307307076506;0.0083636859051283;0.0033126369233391;29.412855902308475;100.2980937687108
SC4001E;SC4001E0-PSG.edf;SC4001EC-Hypnogram.edf;Fpz-Cz;100.0;515;44280.0;4;N3;2.416623485522153e-07;2.9023460660132425e-05;8.423612686902546e-10;-8.246312342785631e-05;0.000105341087194;0.0001878042106218;2.9019629258338207e-05;0.2690342091978879;0.5201299859984294;6.923509746461286e-10;2.8090586435383293e-11;8.088914964272541e-12;2.3402973093914558e-12;7.30870773355176e-10;0.9460016711312664;0.0383818939873842;0.0110523814568928;0.0031976919896153;23.79982872411305;76.17531656613349
SC4001E;SC4001E0-PSG.edf;SC4001EC-Hypnogram.edf;Fpz-Cz;100.0;516;44310.0;4;N3;9.08807584595589e-08;3.661240795197168e-05;1.3404684160415994e-09;-0.0001010202359153;9.787044551094e-05;0.0001988906814262;3.660641818791494e-05;-0.1026167139088982;-0.1357113221911126;1.0191534482482426e-09;3.5551592968473276e-11;9.367219696776658e-12;2.276317262529863e-12;1.0663485781760227e-09;0.9548459323287428;0.0333083246611214;0.0087761579378165;0.0021326840257002;27.88260005869756;98.30537772486043
SC4001E;SC4001E0-PSG.edf;SC4001EC-Hypnogram.edf;Fpz-Cz;100.0;517;44340.0;4;N3;-4.764267222680979e-07;3.104961428201003e-05;9.640785470616011e-10;-9.077430076575064e-05;8.542473668258475e-05;0.0001761990374483;3.1048094465966914e-05;0.0252078002743313;-0.1600278142437972;7.544183466499241e-10;3.1923527258334733e-11;1.0347675431258744e-11;3.135292632499168e-12;7.998248419720167e-10;0.9420516286585;0.0398633079110328;0.0129212717799535;0.0039150791386273;22.914262519030057;66.4821928702485
SC4001E;SC4001E0-PSG.edf;SC4001EC-Hypnogram.edf;Fpz-Cz;100.0;518;44370.0;4;N3;2.777059877066005e-07;3.569007980154564e-05;1.273781796240696e-09;-9.265397013301112e-05;0.0001086673451043;0.0002013213152373;3.568521154377853e-05;0.2669913977914295;-0.0634921984906076;9.74729638058949e-10;3.6371091465224506e-11;5.2038078775390654e-12;2.021988464065797e-12;1.0183265258657784e-09;0.956248673339536;0.0356814921836084;0.0051051431955223;0.0019836513744684;26.0824503604873;157.11796001742175
SC4001E;SC4001E0-PSG.edf;SC4001EC-Hypnogram.edf;Fpz-Cz;100.0;519;44400.0;4;N3;-1.14339086305221e-07;2.5644518140795643e-05;6.576413106735967e-10;-8.490013362501516e-05;0.0001012623851197;0.0001861625187447;2.5640498636532586e-05;0.4337962768359593;1.0733645522128317;5.14814419529461e-10;2.6577876723075084e-11;5.114161799998507e-12;2.7024002581824807e-12;5.492088583107172e-10;0.9356709034276072;0.0483050687418519;0.0092949463149326;0.0049115898760327;18.667659758544907;84.20032645023996
SC4001E;SC4001E0-PSG.edf;SC4001EC-Hypnogram.edf;Fpz-Cz;100.0;520;44430.0;4;N3;-6.037340651596943e-07;3.58442630718563e-05;1.2848111951644411e-09;-0.0001071407598359;0.0001145708373677;0.0002217115972036;3.5843373440393235e-05;0.240002474624178;0.3984335201857378;9.249733101838683e-10;4.2325822137815175e-11;1.6633007571370458e-11;2.236556591201924e-11;1.0062977058050735e-09;0.918272031052222;0.042019178534698;0.0165125041738049;0.0222035310744044;21.34923850357921;52.45692241893471
SC4001E;SC4001E0-PSG.edf;SC4001EC-Hypnogram.edf;Fpz-Cz;100.0;521;44460.0;4;N3;1.5872638757543765e-07;2.736532619698652e-05;7.488610778674765e-10;-7.808311231740637e-05;8.461130601023598e-05;0.0001626944183276;2.736122533027898e-05;0.0604790636235388;0.4271600503175401;4.591621671995721e-10;3.892632848326902e-11;7.929497677692564e-12;2.779172125555057e-12;5.087971654860889e-10;0.9006761870905333;0.0763565023868914;0.0155542208049192;0.0054515252608459;11.500235174190443;51.42082833468214
SC4001E;SC4001E0-PSG.edf;SC4001EC-Hypnogram.edf;Fpz-Cz;100.0;522;44490.0;4;N3;4.242988424197788e-07;2.393632250683923e-05;5.729475351514183e-10;-0.0001064851078985;9.70192971785894e-05;0.0002035044050771;2.3936093711117106e-05;-0.2365333931168655;3.04583968233888;4.4608948554581046e-10;2.3640739158865716e-11;5.676664707965373e-12;2.739465439095522e-12;4.781463548517371e-10;0.931008826486522;0.0493392862524872;0.0118474546461318;0.0057173876235439;18.10373798731228;66.81322262800143
SC4001E;SC4001E0-PSG.edf;SC4001EC-Hypnogram.edf;Fpz-Cz;100.0;523;44520.0;3;N2;5.689676503524895e-09;1.433741894111282e-05;2.0556158189298067e-10;-5.692498774347551e-05;5.591529311880021e-05;0.0001128402808622;1.4335030301262072e-05;-0.011252125774579;0.7214253194935916;1.2825688916566066e-10;3.022120592648056e-11;6.974789601071915e-12;4.270660782731148e-12;1.697235454759442e-10;0.751254836045639;0.1770183828026162;0.0408542921342662;0.0250150661458287;4.108005612200852;16.08279284865663
SC4001E;SC4001E0-PSG.edf;SC4001EC-Hypnogram.edf;Fpz-Cz;100.0;524;44550.0;3;N2;-1.0102895199474041e-07;1.7832394525645163e-05;3.1799429451825953e-10;-6.261175447179275e-05;5.162141455815644e-05;0.0001142331690299;1.782970844599619e-05;0.0774135454616638;0.453092857446618;2.2812153594746883e-10;3.3244567395959436e-11;1.1528109877784742e-11;6.38164445035519e-12;2.7927585767156816e-10;0.8139178944723287;0.118613738879058;0.0411312981915608;0.0227691550152468;6.661539429298943;18.208775160248354
SC4001E;SC4001E0-PSG.edf;SC4001EC-Hypnogram.edf;Fpz-Cz;100.0;525;44580.0;3;N2;9.739933611267527e-08;2.1511251024266272e-05;4.6273392062899677e-10;-6.518934977379913e-05;0.0001000773600643;0.0001652667098381;2.150788605650175e-05;0.5533045272297178;1.9708749153248624;3.1541755584523884e-10;3.6514854666358267e-11;9.090964956763055e-12;3.526928311545999e-12;3.645503037799061e-10;0.8628567739753498;0.0998900952585269;0.024869258383209;0.0096482707717007;8.407804285807133;31.257422575215973
SC4001E;SC4001E0-PSG.edf;SC4001EC-Hypnogram.edf;Fpz-Cz;100.0;526;44610.0;3;N2;2.274150026550553e-07;2.50527258126628e-05;6.276390706444609e-10;-8.956628709339283e-05;8.722438777205202e-05;0.0001767906748654;2.504958233592619e-05;0.0619112540294259;1.1339912248299218;5.04736578426079e-10;4.2331494821277135e-11;7.296901062950753e-12;3.5134256263587078e-12;5.578783999366656e-10;0.9031241473695848;0.075743658774564;0.0130563304357042;0.0062865654259618;11.648261397579052;60.83434942715491
SC4001E;SC4001E0-PSG.edf;SC4001EC-Hypnogram.edf;Fpz-Cz;100.0;527;44640.0;4;N3;-3.3961639899859015e-07;2.549667021778772e-05;6.500801921946232e-10;-7.659167591930421e-05;8.330213838574226e-05;0.000159893814305;2.549468254549748e-05;0.0976299036658685;0.4542131229613795;4.2899207055843455e-10;5.760965282207267e-11;7.750380204640871e-12;3.70666745409561e-12;4.980587710392437e-10;0.8596023062876909;0.1154366102054591;0.0155299949713365;0.007427316519008;7.319478104754685;49.02553495114571
SC4001E;SC4001E0-PSG.edf;SC4001EC-Hypnogram.edf;Fpz-Cz;100.0;528;44670.0;4;N3;-2.2172147814316934e-07;2.949452015113994e-05;8.69926718946e-10;-8.962881340813839e-05;9.112736396577348e-05;0.0001807561773739;2.94904374973802e-05;0.1307375737153353;0.2278429740078866;6.031668863702232e-10;7.773430404312491e-11;9.832754116081062e-12;3.524709549151626e-12;6.942586540785808e-10;0.8675431551004484;0.1118063091873993;0.0141425842862931;0.0050696377937544;7.660788949628011;55.679920351448864
SC4001E;SC4001E0-PSG.edf;SC4001EC-Hypnogram.edf;Fpz-Cz;100.0;529;44700.0;3;N2;2.359857141700776e-07;1.745663389253726e-05;3.0473406685808046e-10;-6.289680837835747e-05;5.244237557732988e-05;0.0001153391839556;1.745531947840219e-05;-0.086729232444963;0.1885923246308278;1.8893133525734495e-10;4.715837091363731e-11;7.305825264671282e-12;2.9497632638246865e-12;2.4634529469947826e-10;0.7638363830081926;0.1906580473703135;0.0295369486350964;0.0119256898232433;3.9231255475015274;22.7468468498804
SC4001E;SC4001E0-PSG.edf;SC4001EC-Hypnogram.edf;Fpz-Cz;100.0;530;44730.0;5;REM;1.594340356074593e-07;1.242370509984486e-05;1.5434844840791114e-10;-3.907996058971089e-05;4.362032197443671e-05;8.27002825641476e-05;1.2422657450675302e-05;0.2912736731264544;0.551167546100932;9.364282224725275e-11;3.334513588721703e-11;5.320269957974443e-12;2.5775448731861225e-12;1.348857729656303e-10;0.6891289662158958;0.2453909276849095;0.0391525164251014;0.0189684675366129;2.726523562310488;14.816269379301
SC4001E;SC4001E0-PSG.edf;SC4001EC-Hypnogram.edf;Fpz-Cz;100.0;531;44760.0;5;REM;-1.5067443889681586e-08;9.03234512822341e-06;8.158325851534117e-11;-3.0215366355373987e-05;3.956740766845514e-05;6.978277402382912e-05;9.03085218147775e-06;0.2866702969220097;0.2857805415765932;4.8226219512467424e-11;1.622449430399588e-11;5.043517919532211e-12;2.2388317568228937e-12;7.173306349281843e-11;0.6630577236338907;0.2230690352482934;0.0693428501059934;0.0307814857412674;2.799862722313973;7.97982568341591
SC4001E;SC4001E0-PSG.edf;SC4001EC-Hypnogram.edf;Fpz-Cz;100.0;532;44790.0;5;REM;-9.177358335072615e-08;8.97662528792373e-06;8.05798015597918e-11;-3.075053809173949e-05;3.35238380080223e-05;6.427437609976178e-05;8.975598253962772e-06;0.0886351142152836;0.4555407728331575;4.4429257072173466e-11;1.3519121921265669e-11;3.6194748673900003e-12;1.964155906368682e-12;6.353200976719782e-11;0.6884840133207388;0.2094948223375736;0.0560880542919308;0.0304369244574043;3.0600512422930635;9.617815519640647
SC4001E;SC4001E0-PSG.edf;SC4001EC-Hypnogram.edf;Fpz-Cz;100.0;533;44820.0;5;REM;5.641529958242848e-08;1.0316719478111748e-05;1.0643470079005034e-10;-3.826376302642476e-05;4.743960823575381e-05;8.570337126217857e-05;1.0315154155051714e-05;-0.0178958833488406;0.7555763865716263;6.208543711456264e-11;2.455842564664869e-11;4.284514886541947e-12;2.686264330089969e-12;9.361464197784324e-11;0.6561926972053833;0.25956263357631;0.0452838461043407;0.0283916344651923;2.429157334372178;11.748559413216032
SC4001E;SC4001E0-PSG.edf;SC4001EC-Hypnogram.edf;Fpz-Cz;100.0;534;44850.0;5;REM;2.95792668828704e-08;1.0400626017276114e-05;1.0817302155124082e-10;-4.5282553259809214e-05;4.865294438499736e-05;9.393549764480658e-05;1.0398934503612364e-05;0.0195282731424111;2.4527053281802083;6.390932649574218e-11;1.1601197972816809e-11;3.685329255917984e-12;2.977066853174551e-12;8.217292057765152e-11;0.7683910346285778;0.1394828736594112;0.0443092442867544;0.0357937034373479;5.071686567706245;13.640306370148709
SC4001E;SC4001E0-PSG.edf;SC4001EC-Hypnogram.edf;Fpz-Cz;100.0;535;44880.0;5;REM;-3.6772743634858144e-08;9.591449095827704e-06;9.199589575785412e-11;-4.8984130075416594e-05;3.259777506419044e-05;8.158190513960704e-05;9.589920890911594e-06;-0.1705409382102778;1.0546537198625412;4.618737587318619e-11;1.5238726468147358e-11;7.961594755594254e-12;2.7651341649664344e-12;7.215283126189423e-11;0.6313819311768113;0.2083135567725497;0.1088350870124352;0.0377994141479908;2.844273284840644;5.153923730411246
SC4001E;SC4001E0-PSG.edf;SC4001EC-Hypnogram.edf;Fpz-Cz;100.0;536;44910.0;5;REM;7.137644375311905e-08;8.078410667757832e-06;6.526071891694354e-11;-2.2420277536653905e-05;2.659704032083981e-05;4.901731785749371e-05;8.077379521892858e-06;0.1038213447789425;-0.1659186230965352;3.4136894895661294e-11;1.2270613765166155e-11;5.269824851590904e-12;2.201907316554512e-12;5.387924082897287e-11;0.6220365730285232;0.223592993995792;0.0960258336665758;0.0401227728972526;2.572367450348585;5.444632936915201
SC4001E;SC4001E0-PSG.edf;SC4001EC-Hypnogram.edf;Fpz-Cz;100.0;537;44940.0;5;REM;1.857138711356241e-09;1.0924437593091876e-05;1.1934333672535903e-10;-4.460565718520589e-05;4.914288123609703e-05;9.374853842130291e-05;1.0922616859621209e-05;-0.0433410183412382;0.5963965018313142;6.008111024115822e-11;2.7939996093738443e-11;7.58916921369951e-12;7.675026782874899e-12;1.0328530233147107e-10;0.5761225110149298;0.2679188291072034;0.0727731429456599;0.0735964379570939;2.07605799415286;6.994985049931298
SC4001E;SC4001E0-PSG.edf;SC4001EC-Hypnogram.edf;Fpz-Cz;100.0;538;44970.0;2;N1;2.7435622905466812e-09;8.901963078178564e-06;7.924494664525436e-11;-4.241962221459428e-05;2.9250334001370303e-05;7.166995621596459e-05;8.900479716856463e-06;-0.1354091446282783;0.2666294537282669;3.3233340944917236e-11;2.8830758129017264e-11;7.118569360617195e-12;5.174473336138338e-12;7.435714177069003e-11;0.4410111658168444;0.3825882650479043;0.0944644288961865;0.0686659978676491;1.1140629011567151;4.093497199904535
SC4001E;SC4001E0-PSG.edf;SC4001EC-Hypnogram.edf;Fpz-Cz;100.0;539;45000.0;5;REM;-2.927844602117382e-08;9.15886385039693e-06;8.388478703010767e-11;-4.322167584671495e-05;3.749804331604173e-05;8.071971916275667e-05;9.157384051236052e-06;-0.0041287307316649;0.4871267852474101;4.492519479168191e-11;2.453305907687618e-11;5.758114995130047e-12;4.947709755677967e-12;8.016407861936608e-11;0.5535108086714925;0.3022649858680524;0.0709441306188392;0.0609593534460135;1.759491279772586;6.647592534908828
SC4001E;SC4001E0-PSG.edf;SC4001EC-Hypnogram.edf;Fpz-Cz;100.0;540;45030.0;5;REM;-2.3525143586083632e-08;8.557865188661667e-06;7.323705658730718e-11;-3.415849402129488e-05;4.335327110827552e-05;7.75117651295704e-05;8.556471098969023e-06;0.1493791437374281;0.8296030725299621;4.0013106208464096e-11;1.5588064752604847e-11;5.535260823399776e-12;2.886515368363481e-12;6.402294715283221e-11;0.6153690037213462;0.2397317475623815;0.0851278058865819;0.0443922568071071;2.412162407443025;6.122648703659308
SC4001E;SC4001E0-PSG.edf;SC4001EC-Hypnogram.edf;Fpz-Cz;100.0;541;45060.0;5;REM;-1.84195908765345e-08;8.230877034051175e-06;6.774733674967106e-11;-2.9756159649174995e-05;4.252828982872352e-05;7.228444947789852e-05;8.229525720563483e-06;0.2620157267560205;1.0038157210440986;3.6670862927666495e-11;1.6885339633507103e-11;4.050512060041183e-12;1.839354453209856e-12;5.944606907442464e-11;0.6066707643554993;0.2793455371385178;0.0670103469433878;0.0304296785775289;2.0503308116646477;7.260820782470813
SC4001E;SC4001E0-PSG.edf;SC4001EC-Hypnogram.edf;Fpz-Cz;100.0;542;45090.0;5;REM;4.010177879506938e-08;8.836033762643843e-06;7.807549265458189e-11;-2.5615784691746027e-05;3.1148361652901976e-05;5.6764146344648e-05;8.834651981998286e-06;0.1006246685998636;0.0003152971547892;4.8816428658076085e-11;1.7058203343009964e-11;3.3013193797663176e-12;2.028141501297063e-12;7.120409288214942e-11;0.6760894945076538;0.2362498116395166;0.0457220532519491;0.0280890101979034;2.70328269821882;11.349175531515217
SC4001E;SC4001E0-PSG.edf;SC4001EC-Hypnogram.edf;Fpz-Cz;100.0;543;45120.0;5;REM;-5.6840769735850385e-08;8.695365152054597e-06;7.560937512756545e-11;-3.673573606534696e-05;2.587246524072448e-05;6.260820130607144e-05;8.694101614061519e-06;-0.1846343756585615;0.6137424549013182;4.0621189604286294e-11;1.4411380985838708e-11;3.364010994218304e-12;1.98444447798992e-12;6.038102606233324e-11;0.661787399302106;0.2347855992371936;0.0548053887336797;0.0323299332920028;2.63579166861247;9.30822348021204
SC4001E;SC4001E0-PSG.edf;SC4001EC-Hypnogram.edf;Fpz-Cz;100.0;544;45150.0;5;REM;-3.716720464042517e-08;7.840978239709135e-06;6.148093975559215e-11;-2.550035676862136e-05;2.509016274447745e-05;5.05905195130988e-05;7.839759403840639e-06;-0.0427298601219382;0.0285849854760371;3.8555624574194616e-11;1.0319455277309968e-11;3.210373258285877e-12;1.7732540239506473e-12;5.3858707133741106e-11;0.7028168651550448;0.1881097061247172;0.0585207604411683;0.0323240214106321;3.406137806956135;9.157293714593692
SC4001E;SC4001E0-PSG.edf;SC4001EC-Hypnogram.edf;Fpz-Cz;100.0;545;45180.0;5;REM;7.05905415222478e-08;8.33137402036819e-06;6.941179306726601e-11;-2.4591077536224344e-05;3.77532032957058e-05;6.234428083193015e-05;8.33028443856887e-06;0.4149493371524276;0.4170286338481879;4.075392823284618e-11;1.2194568535143176e-11;4.264410123057125e-12;2.129224578445379e-12;5.934213146949188e-11;0.6753809857288648;0.2020904505388341;0.0706705252069716;0.0352858695341559;3.0886897229189283;7.741404503108838
SC4001E;SC4001E0-PSG.edf;SC4001EC-Hypnogram.edf;Fpz-Cz;100.0;546;45210.0;5;REM;-2.6964090180719976e-08;8.033565053144438e-06;6.453816746310359e-11;-2.8596372486094664e-05;3.4308302804483206e-05;6.290467529057787e-05;8.032271272982205e-06;0.0327901769458411;0.6081631827710914;3.575547763851225e-11;1.0368820332581198e-11;3.4443903062345392e-12;2.072638746345077e-12;5.1641327023673075e-11;0.6792282729201112;0.1969711046212472;0.0654312970622032;0.0393728438003282;3.145047295368266;8.045080466572632
SC4001E;SC4001E0-PSG.edf;SC4001EC-Hypnogram.edf;Fpz-Cz;100.0;547;45240.0;5;REM;-2.661905184359545e-08;8.940637113394257e-06;7.993499199340281e-11;-3.018818738705161e-05;3.1319979258006704e-05;6.150816664505832e-05;8.939186516120621e-06;0.2316318065780882;-0.0802012671104983;4.3322892263666225e-11;1.6743233256344523e-11;4.9054446037207816e-12;2.2483025645060764e-12;6.721987268823759e-11;0.6350479787854533;0.2454304383249219;0.071906387543971;0.0329567100598492;2.441657145445861;7.336093244591648
SC4001E;SC4001E0-PSG.edf;SC4001EC-Hypnogram.edf;Fpz-Cz;100.0;548;45270.0;5;REM;8.27071606173064e-08;8.634611654099247e-06;7.455651841710654e-11;-4.210376562825451e-05;3.471153424148677e-05;7.681529986974128e-05;8.633568596977626e-06;-0.1441921762349013;1.649365949354066;4.518453377384701e-11;1.6261956779448817e-11;5.0349442593331576e-12;2.5662768774722648e-12;6.904771169010124e-11;0.6450536738979903;0.232155432163059;0.0718787828731408;0.0366361272274782;2.617578896248967;7.487150142931021
SC4001E;SC4001E0-PSG.edf;SC4001EC-Hypnogram.edf;Fpz-Cz;100.0;549;45300.0;5;REM;-2.3727357249880833e-08;7.064199272151214e-06;4.990291135666174e-11;-2.781748314653786e-05;2.7774767507707568e-05;5.559225065424543e-05;7.063061661939406e-06;0.2724122585060927;0.8730066821435063;2.7471038388563848e-11;1.4566301792912444e-11;3.075007872302821e-12;2.2031983251422003e-12;4.731554637892131e-11;0.5685755506751068;0.3014827086642924;0.0636442740021327;0.0456001947667799;1.764776165464799;6.741346090465277
SC4001E;SC4001E0-PSG.edf;SC4001EC-Hypnogram.edf;Fpz-Cz;100.0;550;45330.0;5;REM;3.390353458118728e-09;8.380790224269693e-06;7.023764478321444e-11;-3.90785231322153e-05;2.7144429790407605e-05;6.622295292262291e-05;8.379393995358492e-06;-0.2623636816759826;0.4557978821860748;3.883372600940106e-11;1.0262527659796734e-11;3.1303210843523146e-12;2.27894344240768e-12;5.450551819595779e-11;0.6996372121471184;0.1848920250337219;0.056396574360426;0.0410579617392644;3.448047115393449;9.402108266236803
SC4001E;SC4001E0-PSG.edf;SC4001EC-Hypnogram.edf;Fpz-Cz;100.0;551;45360.0;5;REM;7.927060411245335e-08;9.867041337344411e-06;9.735850475286336e-11;-4.9913862745239705e-05;3.953280690034617e-05;8.944666964558587e-05;9.865715166505777e-06;-0.1088445588759146;1.5018446018514489;5.3949272105593125e-11;2.115167454570221e-11;5.51173565296004e-12;2.5931600532995304e-12;8.320584235755493e-11;0.6406832423398092;0.2511901069273549;0.0654555016450771;0.0307954885397197;2.435448931605045;8.284929699360479
SC4001E;SC4001E0-PSG.edf;SC4001EC-Hypnogram.edf;Fpz-Cz;100.0;552;45390.0;5;REM;-6.401768165371491e-08;8.720469978420835e-06;7.604659664453907e-11;-3.0103450372054896e-05;3.267384051895254e-05;6.277729089100743e-05;8.719251461137888e-06;0.0311338920906603;0.0478796196218023;4.1813655975999e-11;1.3427084843371112e-11;3.933338502673301e-12;2.5821897842002576e-12;6.175626910624365e-11;0.6662865172116955;0.2139560721916027;0.0626764235460576;0.0411463240402121;2.8982747679072074;8.475732195011718
SC4001E;SC4001E0-PSG.edf;SC4001EC-Hypnogram.edf;Fpz-Cz;100.0;553;45420.0;5;REM;-7.934907815058759e-08;1.3768914652826585e-05;1.8958301071682262e-10;-6.333685994409937e-05;6.988025741615797e-05;0.0001332171173602;1.3766848319645287e-05;0.2728041488205807;5.801877372552285;1.4167865920965984e-10;1.9777488967050204e-11;5.702147035965117e-12;2.3814675809493364e-12;1.6953976279362442e-10;0.8307661327118747;0.1159699570532625;0.0334358799529084;0.013964295141135;6.818853781337085;21.139294385721865
SC4001E;SC4001E0-PSG.edf;SC4001EC-Hypnogram.edf;Fpz-Cz;100.0;554;45450.0;5;REM;7.851208428009968e-08;9.252588131434284e-06;8.561038712995857e-11;-3.474992243512427e-05;3.810686249623199e-05;7.285678493135626e-05;9.251379058368897e-06;0.1340760163605996;0.3328261454146326;4.741921799939111e-11;9.135238549281689e-12;3.733055366438827e-12;2.380325744048938e-12;6.266783765916056e-11;0.744790772591417;0.1434827832254376;0.058633299067315;0.0373866277160499;4.6786484372143216;10.018733001864195
SC4001E;SC4001E0-PSG.edf;SC4001EC-Hypnogram.edf;Fpz-Cz;100.0;555;45480.0;5;REM;6.334630498805183e-08;9.86139913355719e-06;9.724719287132248e-11;-3.781385958061761e-05;3.674983069534663e-05;7.456369027596425e-05;9.85995891952502e-06;-0.0952156941875622;0.7009140431598162;4.7487507069647306e-11;9.492269705646536e-12;3.80846229133668e-12;3.046318099801017e-12;6.383455716643153e-11;0.7324412958932685;0.1464075659725677;0.0587412401315595;0.0469860246285181;4.525951810416325;9.875819792785876
SC4001E;SC4001E0-PSG.edf;SC4001EC-Hypnogram.edf;Fpz-Cz;100.0;556;45510.0;1;Acordado;-3.9872968819225285e-08;2.6249473056441308e-05;6.890348357408381e-10;-0.0001210428270825;0.0001047654480069;0.0002258082750895;2.624512806819392e-05;-0.17233008542824;4.762662880327251;2.530981758306812e-10;1.3739850741415336e-11;9.683134733190692e-12;1.1404759157134005e-11;2.8792592046242124e-10;0.8759967794706742;0.0475549259111987;0.0335142472426599;0.039472952578574;17.17101348384335;23.691377311225697
SC4001E;SC4001E0-PSG.edf;SC4001EC-Hypnogram.edf;Fpz-Cz;100.0;557;45540.0;2;N1;-8.785336937056876e-08;8.161279647766797e-06;6.660648548905252e-11;-2.5120691757396567e-05;3.09816668675606e-05;5.610235862495716e-05;8.160392241904343e-06;-0.0362176579982014;0.2654840653063623;2.921731472371235e-11;1.8405882369741296e-11;1.0957889476906432e-11;3.123796738040445e-12;6.170488330840053e-11;0.4659495908797605;0.2935318813881832;0.1747533668631899;0.0498174396191237;1.5055906331406796;2.443350457464758
SC4001E;SC4001E0-PSG.edf;SC4001EC-Hypnogram.edf;Fpz-Cz;100.0;558;45570.0;2;N1;-3.084898122556153e-08;8.015439275058835e-06;6.424726677215569e-11;-3.370992324825183e-05;2.5482752747946384e-05;5.919267599619821e-05;8.014162631005664e-06;-0.0732125340394924;0.3529769143093406;2.883349531984764e-11;1.8165727894971523e-11;7.565042978305121e-12;3.408842797228946e-12;5.7973108990353225e-11;0.4889261531821935;0.308034088858077;0.1282795346526941;0.057803342160349;1.5044299636233815;3.3664157194402438
SC4001E;SC4001E0-PSG.edf;SC4001EC-Hypnogram.edf;Fpz-Cz;100.0;559;45600.0;2;N1;4.06601108028599e-08;7.513708157883531e-06;5.6455810281845524e-11;-2.642625000940979e-05;2.511654930476918e-05;5.154279931417897e-05;7.512565801577298e-06;0.0024978789225635;0.2869356072790476;2.8890221005165408e-11;1.4983160581853294e-11;5.087466629301435e-12;3.2964960107575506e-12;5.225734422707769e-11;0.5424645450209423;0.2813351059708942;0.0955261044863519;0.0618974914840291;1.8075411841864573;4.745852875168976
SC4001E;SC4001E0-PSG.edf;SC4001EC-Hypnogram.edf;Fpz-Cz;100.0;560;45630.0;2;N1;-3.308759606819582e-07;3.2229712088282484e-05;1.038754341293582e-09;-0.0001207855524503;0.0001095988156314;0.0002303843680818;3.222603867601231e-05;0.0544007197108095;2.0241599014445377;5.927165956523442e-10;2.2888962884459677e-11;1.1289207376992056e-11;1.6096950950094134e-11;6.429917168638902e-10;0.9203792224824796;0.0355423249788433;0.0175300505912843;0.0249955869440107;24.81131552336749;48.23066105646754
SC4001E;SC4001E0-PSG.edf;SC4001EC-Hypnogram.edf;Fpz-Cz;100.0;561;45660.0;1;Acordado;6.01463981725474e-07;3.5829919829873096e-05;1.2837831550151335e-09;-9.636035054518456e-05;0.0001212395102961;0.0002175998608413;3.582899644447368e-05;0.1822507937581186;0.1655445544623637;8.818994897182305e-10;3.9838651268192044e-11;1.104339532011882e-11;2.1523471194615065e-11;9.54305007501156e-10;0.9231601245607028;0.0417025462604872;0.0115600726819234;0.0225304704001449;21.594726131543784;73.22681571740765
SC4001E;SC4001E0-PSG.edf;SC4001EC-Hypnogram.edf;Fpz-Cz;100.0;562;45690.0;1;Acordado;-2.1763365921624217e-07;3.146611818955521e-05;9.90116593919057e-10;-0.0001023854769656;9.98026210894968e-05;0.0002021880980551;3.146162614144477e-05;-0.3869011771283969;0.9126939431077066;6.989796570006367e-10;5.6453385637160713e-11;8.327083671069801e-12;1.0294619328215577e-11;7.740547456370828e-10;0.9018455288936866;0.0728379330040188;0.0107438651500999;0.0132824415128941;12.166030761267068;74.9408584345277
SC4001E;SC4001E0-PSG.edf;SC4001EC-Hypnogram.edf;Fpz-Cz;100.0;563;45720.0;1;Acordado;-1.429403085780868e-07;2.924347009234889e-05;8.551805430421038e-10;-8.518591197951192e-05;0.0001241083522018;0.0002092942641813;2.9238945172370807e-05;0.2546191352443119;1.7755209069467028;5.12306053691135e-10;2.8323888184446818e-11;4.9438057050900576e-12;5.477102334020929e-12;5.510508499146927e-10;0.9280051896855168;0.0513066652987195;0.008955344794513;0.009921372885971;17.470604527910407;86.19158820289414
SC4001E;SC4001E0-PSG.edf;SC4001EC-Hypnogram.edf;Fpz-Cz;100.0;564;45750.0;1;Acordado;2.9854905131910126e-08;2.8763296089774923e-05;8.273272019480612e-10;-9.388244254536864e-05;9.437730725216564e-05;0.0001882597497975;2.875851730408644e-05;-0.1391061268250973;0.5651663785428713;5.518661668357235e-10;4.099504109832732e-11;7.062722926213582e-12;6.394822094467065e-12;6.063187529547315e-10;0.9086927814278424;0.0675016881973065;0.0116293509657852;0.0105295976179805;13.14122221106017;68.44662428389948
SC4001E;SC4001E0-PSG.edf;SC4001EC-Hypnogram.edf;Fpz-Cz;100.0;565;45780.0;1;Acordado;3.185749317566029e-07;2.942380300041494e-05;8.657601830072271e-10;-0.0001288334740321;0.0001358302485576;0.0002646637225898;2.942062348534956e-05;0.1953176859323773;3.18508497173935;5.256436814146831e-10;2.641803298369006e-11;6.322423261525824e-12;9.776778699524529e-12;5.681609163594234e-10;0.9235414208988668;0.0464157538305162;0.0111083229360977;0.0171775299717707;19.171458496945;71.78548175118068
SC4001E;SC4001E0-PSG.edf;SC4001EC-Hypnogram.edf;Fpz-Cz;100.0;566;45810.0;1;Acordado;-1.6888742164328819e-07;3.382125889587139e-05;1.1438775533015595e-09;-0.0001126876528151;0.0001288349906904;0.0002415226435056;3.3816043289317304e-05;0.1285611840263479;2.9925097569742114;5.502468341118317e-10;1.4531728842768475e-11;6.944691135968081e-12;6.833988225362921e-12;5.78557242315931e-10;0.9494262066556636;0.0250738456562102;0.0119827527445207;0.0117917398427359;35.42727533310143;69.25968860144778
SC4001E;SC4001E0-PSG.edf;SC4001EC-Hypnogram.edf;Fpz-Cz;100.0;567;45840.0;1;Acordado;-5.067341969599092e-08;1.0398268123729309e-05;1.0812397997296502e-10;-3.609775484112912e-05;3.327162675524719e-05;6.93693815963763e-05;1.0396658426714375e-05;-0.2791849364482303;0.2066487441362028;5.199898822293871e-11;1.729988537835075e-11;8.971830664640838e-12;2.8675795139354543e-12;8.113828377986574e-11;0.6330664074050817;0.2106190266248466;0.109228367720535;0.0349116073769047;2.841492563907252;5.214587970022613
SC4001E;SC4001E0-PSG.edf;SC4001EC-Hypnogram.edf;Fpz-Cz;100.0;568;45870.0;1;Acordado;-1.6055222783428666e-08;8.749750232061e-06;7.655812912345153e-11;-3.403159142256775e-05;3.088814812114415e-05;6.49197395437119e-05;8.748306551399286e-06;-0.062872369014335;0.1481760111516181;2.2420503120879378e-11;3.4165502505564976e-11;1.3148388929683522e-11;2.9570322852626567e-12;7.269142684139052e-11;0.304248459853221;0.4636292710019168;0.1784249470156604;0.0401272225550363;0.6375709579958743;1.584668277943706
SC4001E;SC4001E0-PSG.edf;SC4001EC-Hypnogram.edf;Fpz-Cz;100.0;569;45900.0;1;Acordado;-1.5480356342867298e-08;8.588992236973242e-06;7.377078764678661e-11;-2.9246396549240863e-05;2.7688406869461974e-05;5.693480341870284e-05;8.587574571767642e-06;-0.1364151886169528;-0.1210231638827559;2.3957639938709647e-11;3.138610665647036e-11;1.1581994208813987e-11;2.6163147232451392e-12;6.954205552723912e-11;0.3396220844381071;0.4449275885411493;0.1641856637469504;0.0370887225172347;0.7397505415774698;1.9041210432227624
SC4001E;SC4001E0-PSG.edf;SC4001EC-Hypnogram.edf;Fpz-Cz;100.0;570;45930.0;1;Acordado;4.036013568742697e-08;8.391239292911068e-06;7.041289687089461e-11;-3.4033529895951246e-05;2.8026543966757013e-05;6.206007386270825e-05;8.389937714061035e-06;-0.1632822470903418;0.4793209266411953;2.4231443668726084e-11;2.138897686052821e-11;1.2692349269033606e-11;2.703655136041501e-12;6.101642493432939e-11;0.3907262260664865;0.3448921295153256;0.2046610923231034;0.0435957915810926;1.0822934794955346;1.769706804333974
SC4001E;SC4001E0-PSG.edf;SC4001EC-Hypnogram.edf;Fpz-Cz;100.0;571;45960.0;1;Acordado;-5.985105851181464e-08;8.586673387952147e-06;7.37309598713656e-11;-2.760791530124229e-05;2.425816068554807e-05;5.186607598679036e-05;8.585450776397637e-06;-0.1004983132429516;0.0124002028321479;2.3601311587832757e-11;2.8605748371628765e-11;1.2854015000672104e-11;2.947209979779764e-12;6.800828493991336e-11;0.3420069287098324;0.4145262905249168;0.186267707013213;0.0427080600879437;0.7971867926314582;1.703571967165315
SC4001E;SC4001E0-PSG.edf;SC4001EC-Hypnogram.edf;Fpz-Cz;100.0;572;45990.0;1;Acordado;1.7503206157836578e-07;8.411050013278266e-06;7.074576232586833e-11;-3.9118651863678827e-05;2.755341484312148e-05;6.667206670680031e-05;8.411469350100102e-06;-0.3400307614882235;0.7045248421993864;2.338822755756226e-11;2.442831091481644e-11;1.1820523419025384e-11;3.0974728479156448e-12;6.273453473931976e-11;0.366963180216539;0.3832821721336875;0.1854649675779769;0.0485995992688202;0.9197711808665404;1.824280241386606
SC4001E;SC4001E0-PSG.edf;SC4001EC-Hypnogram.edf;Fpz-Cz;100.0;573;46020.0;1;Acordado;-1.4087027500694618e-07;8.957114658670922e-06;8.02299030085775e-11;-3.031695673219389e-05;4.7555827746251575e-05;7.787278447844546e-05;8.956729544982094e-06;0.0362570885599431;0.9064960921346512;3.2486262142709946e-11;1.9992369822917205e-11;1.233931406517034e-11;2.8639102566553896e-12;6.768185628745288e-11;0.4729962743980858;0.2910866261279182;0.1796590064998657;0.0416982069422981;1.5475271451841972;2.4353772603295485
SC4001E;SC4001E0-PSG.edf;SC4001EC-Hypnogram.edf;Fpz-Cz;100.0;574;46050.0;1;Acordado;3.8926012096615746e-08;6.916512796954583e-06;4.783814927043651e-11;-2.3245852096159127e-05;2.272465113799951e-05;4.597050323415864e-05;6.915469503591021e-06;-0.0081765700375483;-0.1509766683885685;2.0298937893739863e-11;1.1921143612885435e-11;8.189230462304859e-12;2.401359698404081e-12;4.281067166733424e-11;0.4633331816474978;0.2721059312535941;0.1869231890459887;0.0548122091493649;1.5709861682441968;2.208992143249441
SC4001E;SC4001E0-PSG.edf;SC4001EC-Hypnogram.edf;Fpz-Cz;100.0;575;46080.0;1;Acordado;4.803542227710197e-09;7.631541328001642e-06;5.824042304099708e-11;-2.3979828957502297e-05;2.2358284396791373e-05;4.633811335429367e-05;7.630270810441004e-06;-0.0696543601497421;-0.212489500342023;2.4191317083408347e-11;1.5995240924507832e-11;9.365906497819262e-12;2.927085962820968e-12;5.2479550468556414e-11;0.45234705362065;0.2990907886167128;0.1751306137721931;0.0547328079083604;1.423417131352547;2.3337386931377027
SC4001E;SC4001E0-PSG.edf;SC4001EC-Hypnogram.edf;Fpz-Cz;100.0;576;46110.0;1;Acordado;-8.466392343111777e-08;7.719053781918892e-06;5.958379128815634e-11;-2.4994519616499827e-05;2.493101268299456e-05;4.992553229949438e-05;7.718231533474776e-06;-0.0126122167815291;0.019134511798708;2.4913793260946212e-11;1.5433689384908195e-11;7.928857131797606e-12;2.3820418273722866e-12;5.0658381605024294e-11;0.4822797866846663;0.2987644774261978;0.1534863634021868;0.0461114296143688;1.5160194815307684;2.7902555605042405
SC4001E;SC4001E0-PSG.edf;SC4001EC-Hypnogram.edf;Fpz-Cz;100.0;577;46140.0;2;N1;1.200847563066651e-07;7.122319782210388e-06;5.072743908006543e-11;-2.6112506937954884e-05;2.376803796745949e-05;4.988054490541437e-05;7.1221450618758565e-06;-0.1168556776533117;-0.0630543247032817;2.3022687323869627e-11;1.3334520730357832e-11;5.565352537825652e-12;2.6331847461694197e-12;4.4555745338222525e-11;0.5053739578387043;0.2927077722328428;0.1221657662827473;0.0578013755810533;1.6061009472825891;3.506694757246715
SC4001E;SC4001E0-PSG.edf;SC4001EC-Hypnogram.edf;Fpz-Cz;100.0;578;46170.0;2;N1;-7.870119083403202e-08;8.235297600836091e-06;6.782012657433669e-11;-2.947790447972301e-05;2.9777922103861064e-05;5.925582658358408e-05;8.234301047624947e-06;0.0634546705141088;0.107327010722098;2.9377011227529404e-11;2.2921773778743125e-11;6.354835839670056e-12;3.434577474746223e-12;6.20881983206888e-11;0.46564986811322;0.3633290280731679;0.1007293916901425;0.0544408869831349;1.228044855671773;3.9942443132554377
SC4001E;SC4001E0-PSG.edf;SC4001EC-Hypnogram.edf;Fpz-Cz;100.0;579;46200.0;2;N1;1.0906217894850733e-07;7.492671675578681e-06;5.6140128838019046e-11;-2.966485762831577e-05;3.1868425633449886e-05;6.153328326176566e-05;7.492216629317167e-06;-0.0275298495229421;0.3411722994803385;2.8825844373547275e-11;9.934635335803647e-12;6.8162166657428456e-12;6.632594927412693e-12;5.220929130250647e-11;0.541744565054739;0.186708657315563;0.1281020005884153;0.1246510668541879;2.636196223129804;3.687953597791892
SC4001E;SC4001E0-PSG.edf;SC4001EC-Hypnogram.edf;Fpz-Cz;100.0;580;46230.0;1;Acordado;-1.089650630901738e-07;9.06900656224598e-06;8.224688002606066e-11;-3.343298345163646e-05;2.9886495266488904e-05;6.331947871812536e-05;9.068149633985953e-06;-0.0524926379337429;0.0831075983262463;3.609131523351741e-11;2.132172798157459e-11;1.2059062739767076e-11;3.0199278236019242e-12;7.249203377846101e-11;0.4910915289446653;0.29012298184383;0.1640866651767819;0.0410919070862208;1.6168692344655793;2.76369873954378
SC4001E;SC4001E0-PSG.edf;SC4001EC-Hypnogram.edf;Fpz-Cz;100.0;581;46260.0;2;N1;3.3923689173315504e-08;7.330043157781696e-06;5.372953269494226e-11;-2.6031256504728836e-05;2.7058341698773183e-05;5.308959820350201e-05;7.328899894758949e-06;-0.0149532847560513;0.1058931652487427;2.5513706659734656e-11;1.3419060865592107e-11;8.058649503363828e-12;2.042369085106981e-12;4.9033786113797575e-11;0.5099295624301928;0.2681999886051317;0.1610641554295954;0.0408197988547536;1.769443023894674;2.816502244651416
SC4001E;SC4001E0-PSG.edf;SC4001EC-Hypnogram.edf;Fpz-Cz;100.0;582;46290.0;2;N1;-5.7718509316300725e-08;7.957177787374133e-06;6.331667833988031e-11;-2.825942479653626e-05;3.497948313562604e-05;6.323890793216231e-05;7.956060847350992e-06;0.0832156026821612;0.6199463405542041;3.515071958964086e-11;1.5469387794824827e-11;5.4833831569878875e-12;2.966071555812091e-12;5.906956209726569e-11;0.585166902544157;0.257524564100809;0.0912838876386196;0.0493772794782385;2.1343063887709453;5.421663156180255
SC4001E;SC4001E0-PSG.edf;SC4001EC-Hypnogram.edf;Fpz-Cz;100.0;583;46320.0;2;N1;1.34114368050811e-09;8.142280313855204e-06;6.6296728709394e-11;-2.5996659884643327e-05;3.389280717682503e-05;5.9889467061468354e-05;8.140923264500815e-06;0.0045032375511528;0.137534451186077;3.4979502632097815e-11;1.1298517097053934e-11;4.9073006005740495e-12;2.581673630111553e-12;5.3766993959837365e-11;0.6386967788984286;0.2063015747283765;0.0896032490695536;0.0471392246213985;2.844204903408805;5.921402176266203
SC4001E;SC4001E0-PSG.edf;SC4001EC-Hypnogram.edf;Fpz-Cz;100.0;584;46350.0;2;N1;7.82508468006125e-08;1.0212763206297634e-05;1.0430053230790671e-10;-4.703535065707234e-05;7.383780806891342e-05;0.0001208731587259;1.0211360764307031e-05;0.4113449315997061;4.766516402032009;8.096906149023685e-11;1.9826692443862197e-11;2.463245836509453e-12;2.2485176878795318e-12;1.0550751745848803e-10;0.7602192166557167;0.1861529863522522;0.0231274364034399;0.0211113519640142;3.8877542225433466;23.379530449921567
SC4001E;SC4001E0-PSG.edf;SC4001EC-Hypnogram.edf;Fpz-Cz;100.0;585;46380.0;3;N2;-8.952362743292186e-10;1.2124788474663066e-05;1.4701049555532228e-10;-5.884627789096352e-05;6.153070058216726e-05;0.0001203769784731;1.212276754121153e-05;-0.1238677672568141;3.50335493313656;1.0737891991054654e-10;1.9143288122698252e-11;3.2822571533318025e-12;2.5597556495120708e-12;1.323642208360886e-10;0.8051553800364544;0.1435414086528224;0.0246112273048546;0.0191937210255075;5.330754306668915;25.07530866683253
SC4001E;SC4001E0-PSG.edf;SC4001EC-Hypnogram.edf;Fpz-Cz;100.0;586;46410.0;3;N2;-9.815418959416632e-09;1.2456294783918212e-05;1.5515927974386808e-10;-5.402476684622577e-05;6.052744074534821e-05;0.0001145522075915;1.245422242961811e-05;0.2372186026628921;2.503519570739498;1.1466553497356919e-10;2.033393818591829e-11;7.949110196409098e-12;3.459263466560669e-12;1.4640784682245728e-10;0.7778794510964944;0.1379433905605387;0.0539259636970565;0.0234672952704282;5.37479456321175;12.813065484385213
SC4001E;SC4001E0-PSG.edf;SC4001EC-Hypnogram.edf;Fpz-Cz;100.0;587;46440.0;3;N2;-1.5584898118392565e-07;1.031421858250081e-05;1.0638310496760501e-10;-4.068458577477672e-05;2.8496375278516e-05;6.918096105329272e-05;1.0313676979504055e-05;-0.126876064787484;0.2266044873746455;7.220745668965983e-11;1.4512591926457367e-11;2.5021067120389997e-12;2.4868668874381865e-12;9.170902221559435e-11;0.7788611611256319;0.1565391542228588;0.0269888156755699;0.0268244322721362;4.654764144637043;20.618291396271918
SC4001E;SC4001E0-PSG.edf;SC4001EC-Hypnogram.edf;Fpz-Cz;100.0;588;46470.0;3;N2;1.62728436912981e-07;1.4330235070555684e-05;2.0535563717738406e-10;-5.226731541655496e-05;7.030699385627401e-05;0.0001225743092728;1.4328770562839824e-05;0.2772144598247232;2.413994930493333;1.5172376393377274e-10;1.9723400007386412e-11;5.231899364751779e-12;3.1863409703580907e-12;1.7986540427626902e-10;0.8388766472001307;0.1090501529925492;0.0289270321523741;0.0176171943059436;7.321374093039464;24.346311622414333
SC4001E;SC4001E0-PSG.edf;SC4001EC-Hypnogram.edf;Fpz-Cz;100.0;589;46500.0;3;N2;1.0608747807802972e-08;9.815674844320818e-06;9.634747264943251e-11;-3.397893260247768e-05;3.788314990030664e-05;7.186208250278432e-05;9.81404449606512e-06;0.059245929587557;0.4270114274940977;6.378910981523874e-11;1.4620057473741734e-11;3.7282844172758905e-12;2.1807924915061305e-12;8.431824419776249e-11;0.747660836378436;0.1713590992315;0.0436985600481176;0.0255606817980359;4.083794821015998;13.49096293407612
SC4001E;SC4001E0-PSG.edf;SC4001EC-Hypnogram.edf;Fpz-Cz;100.0;590;46530.0;3;N2;-8.923282582087502e-08;1.285694698724692e-05;1.6530108583287763e-10;-6.646257842881652e-05;5.2299645551180696e-05;0.0001187622239799;1.2855113689428704e-05;-0.3685552938787824;3.2762260426593244;1.1783989786909402e-10;1.0404311591859268e-11;3.4257009429299677e-12;3.1178483749694225e-12;1.347877587788527e-10;0.8678241612413014;0.0766218669887908;0.0252283488124223;0.0229611888656858;10.332925132737657;26.626267655373915
SC4001E;SC4001E0-PSG.edf;SC4001EC-Hypnogram.edf;Fpz-Cz;100.0;591;46560.0;3;N2;-4.896987236751021e-08;1.2442612915006777e-05;1.548186161526934e-10;-4.761408942655981e-05;7.309970087755873e-05;0.0001207137903041;1.244063535337761e-05;0.666688638608353;4.038442867826267;8.496983950961801e-11;1.9048487989100623e-11;3.926108375750379e-12;3.833078456415596e-12;1.1177751433088464e-10;0.7534289083577421;0.1689032437194274;0.0348128649495797;0.033987967186167;4.23821684487189;17.24887741566888
SC4001E;SC4001E0-PSG.edf;SC4001EC-Hypnogram.edf;Fpz-Cz;100.0;592;46590.0;3;N2;6.992355305871463e-08;1.372660144297888e-05;1.884195871743899e-10;-6.724162421885621e-05;8.135805541784806e-05;0.0001485996796367;1.3724491609841297e-05;0.2819106631533098;4.038002504664632;1.3494096091933095e-10;1.891708461667056e-11;8.440695304491022e-12;5.361991491847589e-12;1.676607323323401e-10;0.8000733724636891;0.1121605743973356;0.0500454088380152;0.0317915819390726;6.775136196709515;14.29354052504357
SC4001E;SC4001E0-PSG.edf;SC4001EC-Hypnogram.edf;Fpz-Cz;100.0;593;46620.0;3;N2;1.0199959961943477e-07;1.0996945410220392e-05;1.2093280835536735e-10;-6.098657079363089e-05;4.491378552995104e-05;0.0001059003563235;1.0995585538641017e-05;-0.2088534544023707;0.897227634275704;7.967341321323312e-11;1.6997857464314556e-11;5.544421734230474e-12;6.514023432346374e-12;1.0872971584412451e-10;0.7260878477659819;0.1549066024053201;0.0505279877158029;0.0593642604670534;4.426827658303575;12.174248000629731
SC4001E;SC4001E0-PSG.edf;SC4001EC-Hypnogram.edf;Fpz-Cz;100.0;594;46650.0;3;N2;-2.830519265389612e-08;1.3275978481488352e-05;1.7625160464094178e-10;-4.903487293192371e-05;7.169303510368914e-05;0.0001207279080356;1.3273795813179916e-05;0.5511434748189229;3.278820251805289;1.2950859872097882e-10;1.525030709349509e-11;3.8209074626599684e-12;4.266602541527387e-12;1.5284641581866127e-10;0.8418044582438019;0.0991268273124453;0.0248358562162648;0.0277328692958075;7.969609311126214;26.863946201846733
SC4001E;SC4001E0-PSG.edf;SC4001EC-Hypnogram.edf;Fpz-Cz;100.0;595;46680.0;3;N2;-7.018839278990502e-08;1.0680960045281636e-05;1.1408290748890263e-10;-5.346771107873021e-05;4.508717114813357e-05;9.855488222686378e-05;1.0679410389321847e-05;-0.2671590608255476;2.40678785033764;6.426999560621515e-11;1.4663261730240428e-11;4.491502542471952e-12;2.636845242106635e-12;8.606160512103417e-11;0.7382128495892785;0.168423976445821;0.0515899349228377;0.0302871195453019;4.103231926600043;11.703535618738796
SC4001E;SC4001E0-PSG.edf;SC4001EC-Hypnogram.edf;Fpz-Cz;100.0;596;46710.0;3;N2;-8.494215975021827e-08;1.4400530248380998e-05;2.0737527143453607e-10;-5.358700065592741e-05;6.624745922195687e-05;0.0001198344598778;1.439838051707764e-05;0.0493823228855499;2.710860474186921;1.2602326115265482e-10;2.871787818416616e-11;7.167053723977012e-12;7.604800086015698e-12;1.6951299314681368e-10;0.7390830389338561;0.1684204684591967;0.0420323025929531;0.0445995342974706;4.2406547456608354;15.430688399008936
SC4001E;SC4001E0-PSG.edf;SC4001EC-Hypnogram.edf;Fpz-Cz;100.0;597;46740.0;3;N2;1.3111526860881304e-07;1.237407296020258e-05;1.5311768162441658e-10;-6.048717833170276e-05;8.478044058039782e-05;0.0001452676189121;1.237270518564436e-05;0.8651693151946179;8.239570536853805;1.167838047029132e-10;1.2328239106454824e-11;7.202291189057679e-12;7.615545332920737e-12;1.4392988033134642e-10;0.8057952192875328;0.085063473993557;0.049695005423253;0.0525464128964273;8.762133074755177;14.237949130446552
SC4001E;SC4001E0-PSG.edf;SC4001EC-Hypnogram.edf;Fpz-Cz;100.0;598;46770.0;3;N2;-4.603919541622441e-08;1.1645123088070624e-05;1.356088917363155e-10;-5.456289061489496e-05;5.976734258874026e-05;0.0001143302332036;1.1643273095651325e-05;0.3977309681278541;3.0955068605441527;9.352610315512208e-11;1.463811544700697e-11;4.144209663676406e-12;3.2217389094818826e-12;1.1553016717528731e-10;0.8025913411283276;0.1256165317688765;0.0355634061473763;0.0276472521028453;5.98065051201693;18.180849784470468
SC4001E;SC4001E0-PSG.edf;SC4001EC-Hypnogram.edf;Fpz-Cz;100.0;599;46800.0;3;N2;-7.016138005851836e-08;1.0936181098356856e-05;1.1960005701605775e-10;-5.8189314318366536e-05;5.05212016248037e-05;0.0001087105159431;1.0934583345955044e-05;-0.5922906845193249;3.0137168236360417;8.210426344106969e-11;2.5894078518661653e-11;3.5578526917171733e-12;3.776526906384446e-12;1.1533272155783293e-10;0.7057710190357138;0.2225863727067438;0.0305834217928826;0.0324631527210253;3.0528751295233265;18.01380364711543
SC4001E;SC4001E0-PSG.edf;SC4001EC-Hypnogram.edf;Fpz-Cz;100.0;600;46830.0;3;N2;1.4987972151952428e-07;1.1408534947705545e-05;1.3015466965301868e-10;-4.922129677037565e-05;6.555830428270661e-05;0.000114779601053;1.140761801140173e-05;0.4085129077072997;3.4481718860350323;8.683334219663534e-11;1.6847668018942908e-11;6.288842051278487e-12;5.596936576987973e-12;1.1556678884384468e-10;0.7449235160192933;0.1445323165032228;0.0539505472669677;0.0480148473892143;4.86524861984621;11.913187524951852
SC4001E;SC4001E0-PSG.edf;SC4001EC-Hypnogram.edf;Fpz-Cz;100.0;601;46860.0;3;N2;-1.578161855453983e-07;1.4714813603522827e-05;2.1652573938642048e-10;-5.9023059649050734e-05;7.715138629256846e-05;0.0001361744459416;1.4713207335193047e-05;0.4216525482019768;3.283036017690179;1.7858154843647512e-10;2.28914827961754e-11;5.509475139485379e-12;7.06413457518485e-12;2.1404664094732074e-10;0.8304317037912796;0.1064489205473479;0.0256199079195801;0.0328493137305749;7.47469506016022;27.43409331932609
SC4001E;SC4001E0-PSG.edf;SC4001EC-Hypnogram.edf;Fpz-Cz;100.0;602;46890.0;3;N2;1.6384529794199637e-07;1.0114603304459148e-05;1.0230520000657589e-10;-5.642907832592021e-05;3.844326021502021e-05;9.487233854094042e-05;1.0114244586468044e-05;-0.1847622542604605;1.2618021719177728;5.800191124126312e-11;1.5030497657255634e-11;7.804041265548948e-12;6.492131051070052e-12;8.732858121513775e-11;0.656660737026791;0.1701657317538766;0.0883523901118825;0.0734997773286709;3.618222745256484;6.588100792783664
SC4001E;SC4001E0-PSG.edf;SC4001EC-Hypnogram.edf;Fpz-Cz;100.0;603;46920.0;3;N2;-3.777845489435476e-08;1.2430543948711616e-05;1.54518422860851e-10;-5.331445692037073e-05;7.055263923390299e-05;0.0001238670961542;1.2428529435599032e-05;0.1752309566216039;1.905718888989802;9.377450209412443e-11;1.4390235617759768e-11;7.127060180865607e-12;5.052529518280371e-12;1.203443274110302e-10;0.7727967519773845;0.1185900974918724;0.0587341850494921;0.0416379539619179;6.093116728239828;11.538551457377862
SC4001E;SC4001E0-PSG.edf;SC4001EC-Hypnogram.edf;Fpz-Cz;100.0;604;46950.0;3;N2;-1.0238868411557525e-07;1.1928336358485384e-05;1.422852082811643e-10;-4.374993256221172e-05;3.9311207649075455e-05;8.306114021128717e-05;1.192678763628492e-05;-0.1566175606090881;0.3646048869820548;9.879463109332316e-11;1.493769402419817e-11;4.434219781259991e-12;4.084514574357202e-12;1.2225105947313848e-10;0.8015722665236368;0.1211972869689912;0.0359771331801524;0.033139792808413;6.198803349049334;18.180094856306383
SC4001E;SC4001E0-PSG.edf;SC4001EC-Hypnogram.edf;Fpz-Cz;100.0;605;46980.0;3;N2;-1.1960183738269354e-07;1.170200819946696e-05;1.3693699590039201e-10;-4.600544990062266e-05;5.2165496809908425e-05;9.817094671053109e-05;1.1700668990899502e-05;0.1133129091478253;0.969544449429105;8.794877087808146e-11;1.6083043969390802e-11;5.2372376152900655e-12;4.264828884684758e-12;1.1353388134744709e-10;0.7678843137366689;0.1404217143449604;0.0457265357087001;0.0372363953313262;5.148307938308128;14.100596498437454
SC4001E;SC4001E0-PSG.edf;SC4001EC-Hypnogram.edf;Fpz-Cz;100.0;606;47010.0;3;N2;1.0242171953423209e-07;1.1828601419292022e-05;1.3991581153647723e-10;-5.0373130794385726e-05;4.397163095225954e-05;9.434476174664526e-05;1.1827073312585158e-05;-0.0331122333652068;1.0377756620494123;9.551999170466402e-11;2.0222913878499696e-11;8.910005798820875e-12;5.792383251269793e-12;1.3044529463325438e-10;0.7266900802434536;0.1538504207010503;0.0677848973116967;0.0440668741123912;4.500795331475782;9.638742261485792
SC4001E;SC4001E0-PSG.edf;SC4001EC-Hypnogram.edf;Fpz-Cz;100.0;607;47040.0;3;N2;5.14702626860642e-07;1.3755619115676452e-05;1.8921705725556344e-10;-4.635430522641836e-05;9.913143080776752e-05;0.0001454857360341;1.3762954032374086e-05;1.3854458921856534;8.487941833258683;9.3785839802502e-11;1.8616082053904898e-11;5.4774672759334856e-12;4.567183319785535e-12;1.2244657245212595e-10;0.7597281798882936;0.1508027455450368;0.0443711572312606;0.0369972468985053;4.7810688976921565;14.478782494348652
SC4001E;SC4001E0-PSG.edf;SC4001EC-Hypnogram.edf;Fpz-Cz;100.0;608;47070.0;1;Acordado;-5.43016138379219e-07;2.2827422500439555e-05;5.21091218013574e-10;-9.428834587586838e-05;8.359126388749937e-05;0.0001778796097633;2.283007637892268e-05;0.0019608486141044;2.298946372463752;2.1565951642266648e-10;9.078801759664212e-12;1.1988106515487784e-11;1.8409448411782337e-11;2.5513587310960086e-10;0.8419731051510522;0.0354452566500881;0.0468036998095852;0.0718737605485855;21.397336862576758;16.604384647254115
SC4001E;SC4001E0-PSG.edf;SC4001EC-Hypnogram.edf;Fpz-Cz;100.0;609;47100.0;1;Acordado;1.310514844061709e-07;8.266165808445231e-06;6.832949717270902e-11;-2.9699082417166565e-05;2.467673311810945e-05;5.4375815535276016e-05;8.265826949871169e-06;0.0014308629830844;0.0631677037798339;3.311823830644717e-11;1.2409644651750179e-11;7.480255250028997e-12;3.351930819632117e-12;5.636006902785847e-11;0.577374449991725;0.2163464037277064;0.1304087560702901;0.0584366594469083;2.469732730921001;3.90533507895696
SC4001E;SC4001E0-PSG.edf;SC4001EC-Hypnogram.edf;Fpz-Cz;100.0;610;47130.0;2;N1;-6.109699423608579e-08;1.0818461263470682e-05;1.1703910410921567e-10;-4.701600923286539e-05;3.581855367505168e-05;8.283456290791707e-05;1.081683058558362e-05;-0.2051079045345718;1.3296656429536515;8.214275041877723e-11;1.051653657133876e-11;2.9762669155040858e-12;2.5364234680149777e-12;9.817197737363506e-11;0.8282858988411675;0.1060434293017796;0.0300111684199949;0.0255760098284506;7.132591461846798;20.658258654239187
SC4001E;SC4001E0-PSG.edf;SC4001EC-Hypnogram.edf;Fpz-Cz;100.0;611;47160.0;3;N2;-5.426113286706765e-09;1.6444607832216875e-05;2.704251267554085e-10;-6.024507394872685e-05;7.401087432951068e-05;0.0001342559482782;1.6441867731167147e-05;0.350086466406774;2.286840197005481;2.0472713911402624e-10;2.076426021094864e-11;5.777569193948238e-12;5.027953467392684e-12;2.3629692198631587e-10;0.8627467115895932;0.0875032850706173;0.0243474257718412;0.0211884478960187;9.406574683895622;30.20657307295796
SC4001E;SC4001E0-PSG.edf;SC4001EC-Hypnogram.edf;Fpz-Cz;100.0;612;47190.0;3;N2;2.3767118229476976e-08;1.549238499222399e-05;2.4001399274728707e-10;-7.378954475566368e-05;6.660494210208551e-05;0.0001403944868577;1.548982094663934e-05;-0.105769426941644;2.824358098273205;1.8289584070237238e-10;1.6353429005239933e-11;9.019413155952604e-12;6.5937001242067565e-12;2.148623829877717e-10;0.8472798186089383;0.0757585864609228;0.0417831631019451;0.0305458507079498;10.53946402449604;18.254147009968605
SC4001E;SC4001E0-PSG.edf;SC4001EC-Hypnogram.edf;Fpz-Cz;100.0;613;47220.0;3;N2;1.812018479935583e-07;9.648194247189836e-06;9.308765223150707e-11;-4.456308703944326e-05;3.804544074581902e-05;8.260852778526228e-05;9.648287781975248e-06;-0.2080982416032696;1.5994607349840928;5.999574665050463e-11;1.532794708791125e-11;4.351362698925016e-12;2.9411159141538838e-12;8.261617235149477e-11;0.7175136694645903;0.1833131875910036;0.0520397260069897;0.0351740079872396;3.674420692784078;11.211302620649615
SC4001E;SC4001E0-PSG.edf;SC4001EC-Hypnogram.edf;Fpz-Cz;100.0;614;47250.0;3;N2;-9.787898100279989e-08;1.218547098075938e-05;1.4848570302292898e-10;-4.390517833922205e-05;6.957111083652774e-05;0.0001134762891757;1.2183833062033891e-05;0.6326097153977052;2.518897360616208;1.0627762356604795e-10;1.4126919007466994e-11;5.516220773965019e-12;4.41407262683383e-12;1.3033483597431382e-10;0.8092112254728324;0.107564142465826;0.0420012004662941;0.0336093055135586;7.025728339894388;16.309702702319534
SC4001E;SC4001E0-PSG.edf;SC4001EC-Hypnogram.edf;Fpz-Cz;100.0;615;47280.0;3;N2;-1.2096602689909608e-07;1.1724487149733748e-05;1.3746359892427174e-10;-5.243406572358391e-05;3.745185698684993e-05;8.988592271043384e-05;1.172315701951885e-05;-0.3175037008473967;0.8451492367338695;9.940813555793649e-11;1.5632751414298528e-11;1.1081685537498216e-11;6.809764768738277e-12;1.3293233727847154e-10;0.7422265419832667;0.116721261884611;0.0827409254753556;0.0508448139345126;5.976650109282532;8.228002231096076
SC4001E;SC4001E0-PSG.edf;SC4001EC-Hypnogram.edf;Fpz-Cz;100.0;616;47310.0;3;N2;2.3063653091994256e-08;1.3131853559686436e-05;1.7244557791304934e-10;-5.585152703359867e-05;5.382605338658939e-05;0.0001096775804201;1.3129684991873908e-05;0.0804676835552517;1.2023875900096286;1.3155931399132718e-10;2.1278589071819808e-11;6.925091178423657e-12;4.080898962088293e-12;1.63843893203659e-10;0.7980842446422336;0.1290832718051062;0.0420099952982058;0.0247561428135313;5.905190565130384;16.600353362432237
SC4001E;SC4001E0-PSG.edf;SC4001EC-Hypnogram.edf;Fpz-Cz;100.0;617;47340.0;3;N2;3.553760887847771e-08;1.3189906229600027e-05;1.739736263456416e-10;-5.216767347852176e-05;5.2846075243033865e-05;0.0001050137487215;1.3187755611115357e-05;0.078176114410982;1.0971942359824016;1.3463475538097818e-10;2.0467364342895188e-11;5.936439468837834e-12;5.3464586295808106e-12;1.66385017822292e-10;0.8043417334036201;0.1222771584289868;0.0354657755280128;0.0319410822972041;6.271601545046527;19.409778746838192
SC4001E;SC4001E0-PSG.edf;SC4001EC-Hypnogram.edf;Fpz-Cz;100.0;618;47370.0;3;N2;8.867169525711254e-08;1.1108501017947696e-05;1.2339879486574496e-10;-5.678755788626794e-05;6.345089477041279e-05;0.0001202384526566;1.1107003403423572e-05;0.2285734653148038;2.9925147949511146;8.461574210803744e-11;1.3316521096962275e-11;6.0847344552176455e-12;4.5724801481947135e-12;1.0858947780841208e-10;0.7721155698539366;0.1215127707811753;0.0555229806446854;0.0417237150831987;5.910356401178459;11.94338935959993
SC4001E;SC4001E0-PSG.edf;SC4001EC-Hypnogram.edf;Fpz-Cz;100.0;619;47400.0;3;N2;-2.21279734599542e-07;1.1694014772745832e-05;1.3674998150519774e-10;-6.525819507058163e-05;5.156436016271578e-05;0.0001168225552332;1.1694159349819628e-05;-0.25209730979751;1.8173580085244287;1.0158389000607108e-10;1.832324690022237e-11;7.225970921481135e-12;3.243550862530407e-12;1.3037665869030498e-10;0.7732263175115104;0.1394710984651838;0.0550019386511797;0.0246889431872099;5.257081821218257;12.349167165276134
SC4001E;SC4001E0-PSG.edf;SC4001EC-Hypnogram.edf;Fpz-Cz;100.0;620;47430.0;3;N2;3.174671975407148e-07;1.292555339106806e-05;1.6706993046535103e-10;-6.696630122393968e-05;4.7503305224829416e-05;0.0001144696064487;1.2927297703311532e-05;-0.3215208604596813;2.13777831429298;1.2479582159477534e-10;1.4358363404518795e-11;7.217417589626346e-12;5.208602314977913e-12;1.5158020490389838e-10;0.8179030934804233;0.094103710330985;0.0473024504992124;0.0341368155735438;8.125593743800687;15.186744525715396
SC4001E;SC4001E0-PSG.edf;SC4001EC-Hypnogram.edf;Fpz-Cz;100.0;621;47460.0;3;N2;-1.997593296578005e-07;1.308570323383796e-05;1.7123562912407722e-10;-5.224654385351658e-05;4.750289540908979e-05;9.974943926260636e-05;1.3085046976255806e-05;-0.3789671226076229;0.8098221409512987;1.2138620778856376e-10;1.763127911005538e-11;4.9323970403985796e-12;3.8728266519188484e-12;1.4782271059093658e-10;0.8156430379917854;0.1184716972298523;0.0331427711591416;0.0260230890604051;6.515183797716342;20.461578508981283
SC4001E;SC4001E0-PSG.edf;SC4001EC-Hypnogram.edf;Fpz-Cz;100.0;622;47490.0;3;N2;-8.762216850750534e-08;1.5373976992147265e-05;2.3635916855507343e-10;-6.262587178798233e-05;7.333635638957431e-05;0.0001359622281775;1.5371664184790434e-05;0.2856152082887979;1.7708897503136685;1.8281176631397262e-10;2.463846604478065e-11;7.098937695231051e-12;5.8718157922934655e-12;2.2042098584627778e-10;0.8256298092760288;0.1112743037910868;0.0320608169460482;0.02651878623813;7.130370670174651;22.57231419641848
SC4001E;SC4001E0-PSG.edf;SC4001EC-Hypnogram.edf;Fpz-Cz;100.0;623;47520.0;3;N2;2.4815667865267804e-09;1.689579473130183e-05;2.8546787960228677e-10;-6.855633703460246e-05;7.176152363615788e-05;0.0001403178606707;1.6892978713080564e-05;0.0833818524988057;1.753504530109165;1.901469569232719e-10;2.5471781170551547e-11;1.117911538670124e-11;6.090287147158921e-12;2.3288814062768357e-10;0.8129824642368618;0.1089058261021407;0.0477968457772161;0.0260393157635717;7.183005771247471;15.612542527587788
SC4001E;SC4001E0-PSG.edf;SC4001EC-Hypnogram.edf;Fpz-Cz;100.0;624;47550.0;3;N2;2.240312577060981e-07;1.5255770669974516e-05;2.3273853873485468e-10;-5.125448957329643e-05;7.706582600345113e-05;0.0001283203155767;1.525487296657604e-05;0.4566570041045165;1.9462633271755772;1.6884424550528439e-10;2.5574876041384982e-11;1.0178622360759164e-11;7.299929121978015e-12;2.1189767302940648e-10;0.7930769890658353;0.1201275508438857;0.0478099277268908;0.0342884401604977;6.353528996422927;15.104208734878297
SC4001E;SC4001E0-PSG.edf;SC4001EC-Hypnogram.edf;Fpz-Cz;100.0;625;47580.0;3;N2;-4.907786787668727e-08;1.499502480330884e-05;2.248507688518473e-10;-5.126813670337937e-05;7.334806524488647e-05;0.0001246162019482;1.4992605751925806e-05;0.1587958522835258;0.9838641730430652;1.5209429208039416e-10;2.102357596814629e-11;9.31929245161914e-12;4.1822005381997096e-12;1.8661936103835932e-10;0.8106535020620714;0.1120544055357269;0.0496712727302902;0.0222908793370458;6.905976227492533;14.738829507301146
SC4001E;SC4001E0-PSG.edf;SC4001EC-Hypnogram.edf;Fpz-Cz;100.0;626;47610.0;3;N2;-4.057164340436189e-07;1.6054136841158673e-05;2.577353097146482e-10;-6.451353867110845e-05;6.945395586602255e-05;0.0001339674945371;1.605658755058485e-05;0.1629921529770036;2.0049100227292813;1.7889352435058598e-10;1.6242316979768238e-11;4.744633897805587e-12;2.7737036818645254e-12;2.0265417891002432e-10;0.8784181366080499;0.0797544006545733;0.0232975032636172;0.0136196747678326;10.375260155609933;31.14097913514074
SC4001E;SC4001E0-PSG.edf;SC4001EC-Hypnogram.edf;Fpz-Cz;100.0;627;47640.0;3;N2;3.458766707950053e-07;1.5827867064377873e-05;2.505213758076178e-10;-5.091496359564684e-05;7.184185309836913e-05;0.000122756816694;1.582900816077081e-05;0.4750535171801754;1.9678567611415727;1.4761168008319706e-10;1.924838973715348e-11;1.184933206233175e-11;6.501115593275548e-12;1.8521051747595782e-10;0.7927139781578428;0.1033689718392984;0.0636340644070314;0.0349127196540599;7.290045381354277;11.487887414469244
SC4001E;SC4001E0-PSG.edf;SC4001EC-Hypnogram.edf;Fpz-Cz;100.0;628;47670.0;3;N2;-8.160886038092892e-08;1.3990264607117362e-05;1.9572750377716068e-10;-5.058269713704445e-05;7.781347225368351e-05;0.0001283961693907;1.3988170762540554e-05;0.461894184213015;3.7918247318802383;1.4962029342588446e-10;2.071756443982925e-11;2.9828838750734928e-12;2.9721036379940557e-12;1.7629284537878123e-10;0.8439161383316109;0.1168550507245047;0.0168246150525738;0.0167638103593195;6.889367997061681;37.56581866779222
SC4001E;SC4001E0-PSG.edf;SC4001EC-Hypnogram.edf;Fpz-Cz;100.0;629;47700.0;3;N2;1.539190498628915e-07;1.560085355644845e-05;2.433866316897502e-10;-6.123778762013607e-05;6.06875412804014e-05;0.0001219253289005;1.5599012593315995e-05;0.0343123687234084;0.8495015954578222;1.9570996963722266e-10;3.021617331259414e-11;7.452102084535892e-12;6.421910546226206e-12;2.398001555805789e-10;0.8127485182281466;0.1254823662374375;0.030947247797945;0.0266690464993376;6.269505479656715;23.155182897671924
SC4001E;SC4001E0-PSG.edf;SC4001EC-Hypnogram.edf;Fpz-Cz;100.0;630;47730.0;3;N2;-6.382635970911699e-08;1.7105469008064556e-05;2.92597069985857e-10;-7.206556010985948e-05;6.853611992347695e-05;0.0001406016800333;1.710273695738167e-05;-0.0629796984517666;1.865822596378666;2.0080592922529388e-10;1.822153332748211e-11;7.044379353085453e-12;3.923131617491693e-12;2.2999497352335308e-10;0.8693086527486401;0.0788828131173163;0.0304958122925271;0.0169836233128902;10.446925633044598;24.9622650065942
SC4001E;SC4001E0-PSG.edf;SC4001EC-Hypnogram.edf;Fpz-Cz;100.0;631;47760.0;3;N2;-1.7062002933484557e-07;1.2510466249085515e-05;1.5651176576950784e-10;-4.394279641364361e-05;5.649843908450707e-05;0.0001004412354981;1.250954461102914e-05;-0.0238303925208004;0.7115743724490811;9.272677534137778e-11;1.890763196407078e-11;4.739724412925221e-12;3.792534219972816e-12;1.201666659383466e-10;0.7652828822455185;0.1560464820719881;0.0391173956650498;0.0313001450572435;4.657850592613462;16.155266119148056
SC4001E;SC4001E0-PSG.edf;SC4001EC-Hypnogram.edf;Fpz-Cz;100.0;632;47790.0;3;N2;2.448816984888377e-07;1.3250434216235974e-05;1.7557400691879706e-10;-6.028878246443453e-05;5.267462981657597e-05;0.000112963412281;1.3250488643671936e-05;-0.3370598386189213;1.4839202374117555;1.384969490701641e-10;1.8871661909182117e-11;6.8998354647563646e-12;6.7849873642219875e-12;1.7105343380832454e-10;0.804964748477244;0.1096848896965695;0.0401028640465444;0.0394353499028724;6.969570522240453;17.531624511427136
SC4001E;SC4001E0-PSG.edf;SC4001EC-Hypnogram.edf;Fpz-Cz;100.0;633;47820.0;3;N2;-7.328537708064785e-08;1.501828900757969e-05;2.2554900471518892e-10;-5.8882303468822266e-05;7.453008589295196e-05;0.0001334123893617;1.5015964586403067e-05;0.1656152596301889;1.4364674228250518;1.95709977258395e-10;2.118467904474793e-11;7.739665892166052e-12;4.8123803556029e-12;2.2944670255091187e-10;0.8492635177331619;0.0919287575402284;0.0335854920313131;0.0208828345223977;8.821852994295538;22.393301949199568
SC4001E;SC4001E0-PSG.edf;SC4001EC-Hypnogram.edf;Fpz-Cz;100.0;634;47850.0;3;N2;5.174279036989175e-08;1.4833551448265312e-05;2.20034248568334e-10;-4.059625439728608e-05;7.299251313782499e-05;0.0001135887675351;1.4831169243696412e-05;0.6356979094785181;1.749821013169102;1.5099183365317775e-10;2.3286611270783334e-11;1.0124742718570012e-11;3.375466874171124e-12;1.8777865451670223e-10;0.79983530998108;0.1233540483186516;0.0536328789104396;0.0178805537247458;6.217081171584448;13.572613540188588
SC4001E;SC4001E0-PSG.edf;SC4001EC-Hypnogram.edf;Fpz-Cz;100.0;635;47880.0;3;N2;3.649233331549826e-08;1.5671714773339376e-05;2.4560264393690366e-10;-7.783338280228924e-05;7.25303647911562e-05;0.0001503637475934;1.5669145097270477e-05;-0.2030813300073546;2.1238695431567933;1.7497076621895435e-10;3.858883622205784e-11;1.1413395434033692e-11;4.280316765873632e-12;2.2925331464091952e-10;0.759905526188935;0.1675929672597209;0.049568864847105;0.0185895989056609;4.419699665772578;14.095318814966502
SC4001E;SC4001E0-PSG.edf;SC4001EC-Hypnogram.edf;Fpz-Cz;100.0;636;47910.0;3;N2;-5.8972917007073544e-08;1.463989506708376e-05;2.1432652757522335e-10;-4.93920585039317e-05;5.03754327439398e-05;9.976749124787148e-05;1.4637573678868548e-05;-0.1789105840367166;0.2122722351365626;1.5497620183407588e-10;1.9984874318052956e-11;7.651962866433132e-12;7.670781978330907e-12;1.902838209968929e-10;0.8101898060505244;0.1044775988575509;0.0400031891173766;0.0401015723042018;7.385138432816456;17.91225924412301
SC4001E;SC4001E0-PSG.edf;SC4001EC-Hypnogram.edf;Fpz-Cz;100.0;637;47940.0;3;N2;6.717045139314782e-08;1.6649039552278142e-05;2.77190518013322e-10;-8.183589063721513e-05;6.76681905835426e-05;0.0001495040812207;1.6646400002508787e-05;-0.1384893437500759;2.430294857178068;1.899792442204789e-10;1.8197208206186697e-11;9.39458991742032e-12;6.378706207507303e-12;2.2394974855159324e-10;0.8445408160876708;0.0808945478861608;0.0417630603186276;0.0283561384201517;9.89619126802272;18.276742587227247
SC4001E;SC4001E0-PSG.edf;SC4001EC-Hypnogram.edf;Fpz-Cz;100.0;638;47970.0;3;N2;-7.512042072586253e-08;1.363210955713737e-05;1.8583441097779603e-10;-6.436562768647274e-05;5.245400650626168e-05;0.0001168196341927;1.3630044359859829e-05;-0.3333237649001099;1.8469013249832216;1.301433049303472e-10;1.6727375100971527e-11;7.254965386787616e-12;7.299999977121903e-12;1.6142564539522826e-10;0.8012485012060204;0.1029848153613243;0.0446663786936736;0.0449436415004472;7.341374805298437;15.765457374133447
SC4001E;SC4001E0-PSG.edf;SC4001EC-Hypnogram.edf;Fpz-Cz;100.0;639;48000.0;3;N2;-8.631676755858843e-08;1.619478156762692e-05;2.6227095002314855e-10;-6.324651679653631e-05;6.025516633628821e-05;0.0001235016831328;1.6192312279520263e-05;-0.040033945324725;0.4202642920882082;1.854705638410013e-10;2.5207919386010412e-11;8.588580505127273e-12;5.8275490741832775e-12;2.250946128063223e-10;0.8203227911488522;0.1114927908857522;0.0379866658410142;0.0257748249807937;7.076890046449246;19.34285932540538
SC4001E;SC4001E0-PSG.edf;SC4001EC-Hypnogram.edf;Fpz-Cz;100.0;640;48030.0;3;N2;-4.518423952784359e-08;1.4904584616601524e-05;2.2214664259343477e-10;-5.260910074587308e-05;5.7022028864030046e-05;0.0001096311296099;1.4902168812896732e-05;-0.0375949414517203;0.6755103289869782;1.649025148503211e-10;1.8516823604307303e-11;5.521010035861157e-12;2.314407965363968e-12;1.912547564558536e-10;0.8577291812709288;0.0963139947518501;0.0287171570557679;0.0120382351418983;8.449249641930855;25.287879322906807
SC4001E;SC4001E0-PSG.edf;SC4001EC-Hypnogram.edf;Fpz-Cz;100.0;641;48060.0;3;N2;1.4624705567357213e-07;1.678499940508243e-05;2.8173620502861756e-10;-5.978367730342616e-05;8.4171825364872e-05;0.0001439555026682;1.6782838888625723e-05;-0.0429639863031878;1.2301945285884024;2.2177819002366844e-10;2.8545299989980644e-11;7.774607352576367e-12;4.116417367725493e-12;2.6221451473395087e-10;0.8425758368524432;0.1084488065516954;0.0295371528444573;0.0156390211682902;7.50637800593927;25.274998767728423
SC4001E;SC4001E0-PSG.edf;SC4001EC-Hypnogram.edf;Fpz-Cz;100.0;642;48090.0;3;N2;1.0110337730620368e-08;1.6884589927512743e-05;2.8508937702026483e-10;-5.623396530483807e-05;6.727591879906111e-05;0.0001235098841038;1.6881778622137356e-05;0.1889914106123828;0.2587054360375145;1.9458383986110842e-10;2.6873868972264968e-11;1.0901060768963462e-11;4.66915689353478e-12;2.370279264958717e-10;0.8174832370540491;0.1129021681106442;0.0457974025545802;0.0196160045683369;6.980869432037693;16.350125727326738
SC4001E;SC4001E0-PSG.edf;SC4001EC-Hypnogram.edf;Fpz-Cz;100.0;643;48120.0;3;N2;-3.099296644295712e-07;1.499276327092339e-05;2.2478295049794942e-10;-5.197443659456636e-05;6.848302334509862e-05;0.0001204574599396;1.4993467885872064e-05;-0.06360443601922;1.3740231368214977;1.5120476631673586e-10;1.7889696396732312e-11;7.565710306948259e-12;4.299794077357253e-12;1.809599670977737e-10;0.8309782021200743;0.0983166609780684;0.0415789826060087;0.0236304399585147;8.004616016109845;17.65233248596826
SC4001E;SC4001E0-PSG.edf;SC4001EC-Hypnogram.edf;Fpz-Cz;100.0;644;48150.0;4;N3;1.278370271610769e-07;2.4881105482912133e-05;6.190694100518002e-10;-7.400535161768642e-05;8.429298329553665e-05;0.0001582983349132;2.487728674689618e-05;0.1315505713248544;0.6412144778065874;4.9934043180118e-10;2.594835789112391e-11;7.790515040104747e-12;4.004339455374569e-12;5.370836441877835e-10;0.927997788438478;0.0482236510464687;0.0144782602561061;0.0074418531368277;18.529530957641384;56.80445679497181
SC4001E;SC4001E0-PSG.edf;SC4001EC-Hypnogram.edf;Fpz-Cz;100.0;645;48180.0;3;N2;1.7445022803449638e-07;1.7306781307201015e-05;2.995246792152825e-10;-6.655726746090064e-05;7.203882093594694e-05;0.0001385960883968;1.7304775945894397e-05;0.337597485336283;0.7901008676291075;2.050454118672228e-10;2.6245399911316623e-11;8.466699645745896e-12;3.4561426502819977e-12;2.4321365407456737e-10;0.8396148554601904;0.1074690111442456;0.0346692312427408;0.014152127010993;7.525872717399731;21.65965114984558
SC4001E;SC4001E0-PSG.edf;SC4001EC-Hypnogram.edf;Fpz-Cz;100.0;646;48210.0;4;N3;-1.5673398383394816e-07;2.255066663758421e-05;5.085325657994536e-10;-5.5999091945398144e-05;0.0001054489413822;0.0001614480333276;2.254745263851053e-05;0.4865283095715399;1.4984202013222625;4.2165667391389613e-10;2.9761930128694245e-11;7.023391513553869e-12;2.7748302057111368e-12;4.612168257618555e-10;0.9122486469827112;0.0643895428939409;0.0151950148114523;0.006003308514651;13.707094195646114;52.55342123110832
SC4001E;SC4001E0-PSG.edf;SC4001EC-Hypnogram.edf;Fpz-Cz;100.0;647;48240.0;4;N3;1.588627163481588e-09;2.3091468356108077e-05;5.332159108411406e-10;-9.02466387149689e-05;7.944957089152727e-05;0.0001696962096064;2.308761951193604e-05;-0.0511271933587124;1.0079820529624843;4.4565567056953245e-10;2.944158960354433e-11;6.435330844094024e-12;3.569492999724939e-12;4.851020840168957e-10;0.916794404349936;0.0605666804804749;0.0132386407211336;0.0073430933894142;14.639697741593777;59.937571025978265
SC4001E;SC4001E0-PSG.edf;SC4001EC-Hypnogram.edf;Fpz-Cz;100.0;648;48270.0;4;N3;-3.5948191368472114e-08;2.148372768407617e-05;4.6155055520354094e-10;-7.724980504540007e-05;0.0001017503411554;0.0001790001462008;2.148017684496419e-05;0.1780556949159392;2.1737207888049053;3.106941239448807e-10;2.634104643822445e-11;5.816693056642103e-12;3.013807411520668e-12;3.4586567085126786e-10;0.8957188619513253;0.0759401942935978;0.0167692958555597;0.0086886874798658;11.363651521051928;45.578423637858265
SC4001E;SC4001E0-PSG.edf;SC4001EC-Hypnogram.edf;Fpz-Cz;100.0;649;48300.0;3;N2;1.825132838210576e-07;1.755910951092751e-05;3.083223268167449e-10;-6.441164512565936e-05;5.928895285652188e-05;0.0001237005979821;1.7557131423059323e-05;-0.0505920592681305;0.4194935712609355;2.416917434578529e-10;2.2261956164924008e-11;7.556681743983393e-12;4.537297080989935e-12;2.760476784477504e-10;0.8723832114818989;0.0803542418750947;0.0272757446888642;0.0163773149315367;10.39000081266994;28.24596621555988
SC4001E;SC4001E0-PSG.edf;SC4001EC-Hypnogram.edf;Fpz-Cz;100.0;650;48330.0;3;N2;3.9246226412309565e-08;1.8143176624733592e-05;3.291748580362795e-10;-7.302589526406408e-05;6.207804545821492e-05;0.0001351039407222;1.8140194964494963e-05;-0.1416332467734244;0.3989718221396394;2.2830149226196488e-10;2.9872126916078206e-11;1.1903129822262428e-11;3.633865055454504e-12;2.7371061405576007e-10;0.8310617813100765;0.1087403448853084;0.0433297048356725;0.0132279747105691;7.395068466859191;17.693497268241437
SC4001E;SC4001E0-PSG.edf;SC4001EC-Hypnogram.edf;Fpz-Cz;100.0;651;48360.0;3;N2;2.577483497651813e-07;1.6430993004737543e-05;2.6997753112173404e-10;-5.706005683158847e-05;7.310279321768418e-05;0.0001301628500492;1.6430276103071633e-05;0.0564149456652726;1.0867764106654274;1.73804570915507e-10;2.5704517588130155e-11;7.055588267296126e-12;4.357971152340956e-12;2.1092264792327428e-10;0.8201321218788858;0.121291980069239;0.0332932243742564;0.0205639708405245;6.508433276950905;21.575652224073373
SC4001E;SC4001E0-PSG.edf;SC4001EC-Hypnogram.edf;Fpz-Cz;100.0;652;48390.0;3;N2;-2.415576887978531e-07;2.043233259922154e-05;4.1748021544521127e-10;-6.461266112703736e-05;6.657858684815004e-05;0.0001311912479751;2.0430355001575807e-05;-0.1297280823370765;0.2251002614419244;3.173501311128016e-10;2.935962696235398e-11;8.281547985740765e-12;5.234454966449039e-12;3.602257610273453e-10;0.8785368192186541;0.0812777773070603;0.0229262385998927;0.014490813034934;10.453031307213248;34.19150895953416
SC4001E;SC4001E0-PSG.edf;SC4001EC-Hypnogram.edf;Fpz-Cz;100.0;653;48420.0;4;N3;-4.6788447359854326e-08;2.4545714641064024e-05;6.024921072405449e-10;-9.727865782363125e-05;7.8840388561325e-05;0.0001761190463849;2.4541667948551044e-05;-0.2480430190471344;1.4459143401137151;5.103533855628927e-10;3.270582469035384e-11;8.075762551851879e-12;2.983935963346855e-12;5.541189087684453e-10;0.91935867703576;0.0589167909320781;0.0145478066487922;0.005375309534973;15.14140034404644;56.23256256949525
SC4001E;SC4001E0-PSG.edf;SC4001EC-Hypnogram.edf;Fpz-Cz;100.0;654;48450.0;4;N3;-2.870846509920192e-07;2.542852472592612e-05;6.46609869737036e-10;-0.0001016588069638;8.624925313436958e-05;0.0001879080600982;2.542590707744024e-05;-0.3284616609871914;1.015850920416895;4.950691110782868e-10;2.526282002840601e-11;7.324236556165357e-12;3.731993244584981e-12;5.31388160907443e-10;0.9299025549975662;0.0474518816972678;0.0137573242494374;0.0070099102846762;18.8505693806993;59.47321507959949
SC4001E;SC4001E0-PSG.edf;SC4001EC-Hypnogram.edf;Fpz-Cz;100.0;655;48480.0;3;N2;2.524517837685312e-07;1.8626268097640616e-05;3.4693786324518446e-10;-5.551287059197104e-05;8.806963998995316e-05;0.0001435825105819;1.862487447458096e-05;0.5354271941918913;1.7477951090768364;2.719449633308026e-10;1.9905158765264588e-11;5.125884826092548e-12;2.444816498023169e-12;2.994208234201829e-10;0.9052134277338272;0.0662575867366699;0.0170623486339468;0.0081379728282141;13.008509831681287;44.392764645603904
SC4001E;SC4001E0-PSG.edf;SC4001EC-Hypnogram.edf;Fpz-Cz;100.0;656;48510.0;3;N2;-1.069244784534934e-07;2.1009395612316596e-05;4.413947039948277e-10;-8.718158772135753e-05;6.966237866259825e-05;0.0001568439663839;2.1006165886970476e-05;-0.2292240626007465;1.2209243424130758;3.196882967754789e-10;2.7340566615172014e-11;8.148471361894536e-12;4.78710964344263e-12;3.599644443959881e-10;0.8856503784200194;0.075743101681169;0.0225741662050111;0.0132619977334693;11.280236599233517;34.94444963855419
SC4001E;SC4001E0-PSG.edf;SC4001EC-Hypnogram.edf;Fpz-Cz;100.0;657;48540.0;4;N3;4.317918057857052e-07;2.4561847850656027e-05;6.03284369838776e-10;-6.724491805124651e-05;8.024052808540229e-05;0.0001474854461366;2.4561549609346184e-05;0.2427978600767554;0.0783149646128156;4.4920204138907354e-10;2.958591250476054e-11;8.693613650477614e-12;3.495164003155493e-12;4.909767315474671e-10;0.9130554609283053;0.0601368125921337;0.0176707821590111;0.0071043278655918;14.686566611970708;46.3399984346334
SC4001E;SC4001E0-PSG.edf;SC4001EC-Hypnogram.edf;Fpz-Cz;100.0;658;48570.0;3;N2;-3.3010566947879977e-07;2.1928089116283394e-05;4.808410922916661e-10;-7.392724226952242e-05;9.626361701159028e-05;0.0001701908592811;2.1926919110549733e-05;0.3656291408835352;2.1919933141331533;3.6425227742439365e-10;2.749217091221816e-11;6.780163120164699e-12;3.9611273881457415e-12;4.024857388449221e-10;0.902763697341958;0.0681366607675436;0.0168039721541945;0.0098172673945935;12.784293571262872;46.81807717891173
SC4001E;SC4001E0-PSG.edf;SC4001EC-Hypnogram.edf;Fpz-Cz;100.0;659;48600.0;4;N3;-2.4927783436061905e-08;2.044972890558956e-05;4.18191412312105e-10;-6.77899195592876e-05;7.529629087946782e-05;0.0001430862104387;2.0446335529112656e-05;0.2838162480303974;0.4429940781462531;3.5324549031394675e-10;2.7287646856532084e-11;7.965574229678606e-12;2.8978739204782708e-12;3.913965853206359e-10;0.9002256990215706;0.0695409895940729;0.0202998051656585;0.0073850640624468;12.487623735743032;39.4002080920376
SC4001E;SC4001E0-PSG.edf;SC4001EC-Hypnogram.edf;Fpz-Cz;100.0;660;48630.0;3;N2;-1.6920230020839206e-07;1.949568325319505e-05;3.8008166550890997e-10;-6.97859812053363e-05;6.582201806612105e-05;0.0001356079992714;1.949316806060018e-05;-0.1487088866410833;0.3179025513162083;2.906458493617279e-10;2.4126691104803636e-11;8.950929813818171e-12;2.421248360875842e-12;3.2614471864122557e-10;0.8884320387897644;0.0737492911547289;0.0273607651408687;0.0074011537491185;11.567215442313582;29.207908687902517
SC4001E;SC4001E0-PSG.edf;SC4001EC-Hypnogram.edf;Fpz-Cz;100.0;661;48660.0;4;N3;3.365505544562984e-07;2.8480309437596503e-05;8.111280256612487e-10;-8.801914005793068e-05;7.591450316590895e-05;0.0001639336432238;2.8477551087275743e-05;-0.1529775077875425;-0.1002865092539777;6.422670747245204e-10;2.8026107316135416e-11;7.1417589477798285e-12;3.086056640618729e-12;6.805209976290544e-10;0.9424024746983664;0.04112288163334;0.0104791473375366;0.0045281901091159;22.127220427090773;78.8855428960667
SC4001E;SC4001E0-PSG.edf;SC4001EC-Hypnogram.edf;Fpz-Cz;100.0;662;48690.0;4;N3;-1.6892865665330964e-07;2.658198895620475e-05;7.066021368677912e-10;-7.901009159744811e-05;7.993042256646899e-05;0.0001589405141639;2.657809511069609e-05;0.1529866086321917;-0.0979456117482144;6.326121045786622e-10;3.4458053268868645e-11;6.7461043234455444e-12;3.370619712787813e-12;6.771868818837641e-10;0.9327990875044484;0.0508090825542899;0.0099472645426394;0.0049700455771503;17.841140340721445;81.66842042959604
SC4001E;SC4001E0-PSG.edf;SC4001EC-Hypnogram.edf;Fpz-Cz;100.0;663;48720.0;4;N3;1.2485118265238346e-07;3.394465492722487e-05;1.1522395981283715e-09;-0.0001064242369893;0.0001205857096349;0.0002270099466242;3.393922665707247e-05;-0.0795385087033278;0.7833074053901408;8.580082750503583e-10;2.6674435528406492e-11;9.900744126761964e-12;7.860341148463191e-12;9.024437958539899e-10;0.9497085252982636;0.0295252849715927;0.0109588932617586;0.0087004207506158;31.003641399285403;78.71098202772214
SC4001E;SC4001E0-PSG.edf;SC4001EC-Hypnogram.edf;Fpz-Cz;100.0;664;48750.0;4;N3;-1.5643369677779342e-07;2.4334581493063344e-05;5.921718564425411e-10;-0.0001049510670896;9.102186593488148e-05;0.0001959729330245;2.4331028283350757e-05;-0.1068843202410368;0.7440240499264856;4.810785157675543e-10;3.713874574576906e-11;7.250943343652724e-12;7.035102494657758e-12;5.325033073516339e-10;0.9017348330147724;0.0696129625327529;0.0135911872405199;0.0131866145864788;12.613905002917482;58.30588039822596
SC4001E;SC4001E0-PSG.edf;SC4001EC-Hypnogram.edf;Fpz-Cz;100.0;665;48780.0;3;N2;-1.537824455278791e-07;2.074016865630324e-05;4.3015459589190326e-10;-6.993047250198429e-05;6.937057363482602e-05;0.0001393010461368;2.0737281887150945e-05;-0.0046944665067876;0.7381277447362415;3.390558979995321e-10;3.834220975337348e-11;7.016439444707437e-12;3.842918765684806e-12;3.8825746596329777e-10;0.8710324852998474;0.0985008974933538;0.0180251891311674;0.0098724343184393;8.61812033754558;42.29507380903144
SC4001E;SC4001E0-PSG.edf;SC4001EC-Hypnogram.edf;Fpz-Cz;100.0;666;48810.0;3;N2;2.478458044760609e-07;1.862921467794135e-05;3.470476395168254e-10;-6.875455709296586e-05;8.68085258788391e-05;0.0001555630829718;1.8627758440379138e-05;0.3265171663256078;2.471344030992787;3.0849430171916603e-10;2.570271673434507e-11;5.034823692800116e-12;3.1337627676706072e-12;3.423656049139818e-10;0.8984426433639108;0.0748552457395492;0.0146631567656912;0.0091266065174339;11.552918183878282;51.11902475083358
SC4001E;SC4001E0-PSG.edf;SC4001EC-Hypnogram.edf;Fpz-Cz;100.0;667;48840.0;3;N2;-5.4653371397135555e-08;1.620383356934865e-05;2.625642223431503e-10;-7.276366514484274e-05;5.845327539620852e-05;0.000131216940541;1.6201224889702248e-05;-0.2121921229625568;1.3169994335506168;1.80402671550497e-10;2.4096098610330102e-11;7.103284582386596e-12;6.310394803639436e-12;2.1791244954685315e-10;0.8240859390314665;0.1100718513735003;0.0324480613007178;0.0288261120676411;7.188474764609002;22.262907061492395
SC4001E;SC4001E0-PSG.edf;SC4001EC-Hypnogram.edf;Fpz-Cz;100.0;668;48870.0;3;N2;-6.453148200157695e-08;1.784106247827331e-05;3.1830351035365176e-10;-6.971229772044835e-05;7.577351400763052e-05;0.000145485811728;1.7838205444934845e-05;-0.1188151149106867;2.001148620696881;2.495457860072375e-10;2.2891809791747063e-11;6.340447937321313e-12;5.274047416170681e-12;2.840520911524765e-10;0.8754392398888019;0.0803074613457301;0.0222431202370297;0.018502047800623;10.44482557756834;33.99598881949187
SC4001E;SC4001E0-PSG.edf;SC4001EC-Hypnogram.edf;Fpz-Cz;100.0;669;48900.0;3;N2;-2.130103090417387e-07;2.0675451364892244e-05;4.2747428914202455e-10;-9.061425468471818e-05;8.901296029527987e-05;0.0001796272149799;2.067310259985348e-05;0.0807456166831748;4.126739785882434;3.471440066642673e-10;2.6511114653237688e-11;9.388874615025111e-12;7.646819261479682e-12;3.9069081519400977e-10;0.8862704796698441;0.0676837792076037;0.0239701168646874;0.0195225901778986;12.618318488357328;33.41497703343185
SC4001E;SC4001E0-PSG.edf;SC4001EC-Hypnogram.edf;Fpz-Cz;100.0;670;48930.0;3;N2;1.079651420389408e-07;1.5266304333745375e-05;2.3306004801053285e-10;-6.70557805078104e-05;5.9670885754861706e-05;0.0001267266662626;1.5264141567731813e-05;-0.0762823883306806;1.4598497804999149;1.442275377218655e-10;3.411924206233674e-11;5.623123067614704e-12;3.478111184859912e-12;1.874480140366768e-10;0.7653438984705624;0.1810538690829411;0.029839120865027;0.0184566083258536;4.106795285213196;21.776363846702395
SC4001E;SC4001E0-PSG.edf;SC4001EC-Hypnogram.edf;Fpz-Cz;100.0;671;48960.0;3;N2;1.7210959162681557e-07;1.889668273004676e-05;3.5708461820004726e-10;-8.116827800928289e-05;0.0001165022557998;0.0001976705338091;1.889431691555719e-05;1.1696935119162752;7.608489939541679;2.895143712954109e-10;2.8924557760631498e-11;5.968064055985584e-12;4.154875434152742e-12;3.285618685461806e-10;0.8784826126049288;0.0877667003413605;0.0181090855028614;0.0126072699262248;9.674808684267129;41.54875284860755
SC4001E;SC4001E0-PSG.edf;SC4001EC-Hypnogram.edf;Fpz-Cz;100.0;672;48990.0;4;N3;1.5210316617897646e-07;2.3467095201130817e-05;5.50704557178937e-10;-7.76446855847928e-05;0.0001039508221248;0.0001815955077096;2.346367670179532e-05;0.3514491400853157;1.268800701671001;3.9670720403533853e-10;4.249102080108363e-11;7.842569849783483e-12;3.196471563022756e-12;4.502372662492285e-10;0.8791543467427806;0.0941655842264031;0.0173801466243522;0.0070837933878831;9.121588703327337;44.86333846093987
SC4001E;SC4001E0-PSG.edf;SC4001EC-Hypnogram.edf;Fpz-Cz;100.0;673;49020.0;3;N2;-1.226450550310735e-07;1.5105753983411384e-05;2.2818380340734883e-10;-6.2854372062175e-05;6.589723884526966e-05;0.0001287516109074;1.510373410614309e-05;0.1010209680658224;1.897043150291721;1.6004720303042727e-10;2.3780450169731512e-11;4.616178250450476e-12;2.8941559885152208e-12;1.9133798743912448e-10;0.8321143688845275;0.1236388634733847;0.0240003460154303;0.0150472406779821;6.458607569039224;28.497529083516863
SC4001E;SC4001E0-PSG.edf;SC4001EC-Hypnogram.edf;Fpz-Cz;100.0;674;49050.0;3;N2;-7.236118322796339e-08;1.3715885450895303e-05;1.8812551370208155e-10;-6.427795208964742e-05;6.019957665147243e-05;0.0001244775287411;1.3713790188651432e-05;0.046464731875276;1.775704559451225;1.2520124778497788e-10;2.4513386201477097e-11;4.320866480677572e-12;2.701180249169055e-12;1.567366807163016e-10;0.7937357830558098;0.1554070118006719;0.0273929086186928;0.0171246170320223;4.907276783891954;23.530236708558505
SC4001E;SC4001E0-PSG.edf;SC4001EC-Hypnogram.edf;Fpz-Cz;100.0;675;49080.0;3;N2;-6.840367238398662e-08;1.4533821295067978e-05;2.1123196143697144e-10;-6.21502916813777e-05;8.403081359048815e-05;0.0001461811052718;1.4531559787082557e-05;0.4870818754049029;3.5055148626842465;1.4345334702164502e-10;3.600499514939594e-11;5.311201629081943e-12;2.9965712563718683e-12;1.8776611505649468e-10;0.7599528494757215;0.1907386563452885;0.0281364143532454;0.0158745188747198;3.876594131211141;22.72995785154664
SC4001E;SC4001E0-PSG.edf;SC4001EC-Hypnogram.edf;Fpz-Cz;100.0;676;49110.0;3;N2;1.1956316443976797e-07;9.621227596551352e-06;9.256802046464134e-11;-3.070450016462078e-05;3.894412087022561e-05;6.964862103484639e-05;9.620366926895803e-06;0.1234646348106061;0.2362827228369228;5.66497158211287e-11;1.6950659047224006e-11;3.999674275218228e-12;2.796932673259573e-12;8.039698181683051e-11;0.6959682602066112;0.2082467760950702;0.0491378695615371;0.0343616263260666;3.155857156670208;11.330681300964557
SC4001E;SC4001E0-PSG.edf;SC4001EC-Hypnogram.edf;Fpz-Cz;100.0;677;49140.0;2;N1;-9.57130485437489e-08;1.0193798036336052e-05;1.0391351840560873e-10;-3.3350180186767034e-05;4.455223090755936e-05;7.790241109432639e-05;1.0192548334631617e-05;0.2609357364837998;0.3394452365219087;5.511331599373659e-11;1.8802018441654335e-11;8.604847522336817e-12;7.210120254587209e-12;8.973030221231492e-11;0.6074411155907733;0.2072297565774262;0.0948398419549061;0.0794676098148009;2.7832170824466824;5.738072974668916
SC4001E;SC4001E0-PSG.edf;SC4001EC-Hypnogram.edf;Fpz-Cz;100.0;678;49170.0;2;N1;1.459051877187384e-07;9.37860421454519e-06;8.795821701308479e-11;-2.8843280488077183e-05;4.118065852652933e-05;7.002393901460651e-05;9.378176045010938e-06;0.3518592976064569;1.0990857614785678;5.3589539040570655e-11;1.9529700251723446e-11;5.003883204032006e-12;2.3311854910857764e-12;8.045430798741186e-11;0.6579092053529263;0.239762644042616;0.0614317809293195;0.0286195481698284;2.6103420110126483;8.925813047892358
SC4001E;SC4001E0-PSG.edf;SC4001EC-Hypnogram.edf;Fpz-Cz;100.0;679;49200.0;5;REM;-1.0294021029722501e-07;9.515845266067885e-06;9.055131112774652e-11;-3.552102929135009e-05;5.941781442505655e-05;9.493884371640664e-05;9.51481602787288e-06;0.3814423434855373;3.376221170987823;4.798306876150288e-11;1.3634376018801853e-11;3.0619058490928808e-12;2.2989507074889762e-12;6.697830133688659e-11;0.7058586021987896;0.2005695310218575;0.0450424001317523;0.0338188901793212;3.2787915726543804;11.812944598954362
SC4001E;SC4001E0-PSG.edf;SC4001EC-Hypnogram.edf;Fpz-Cz;100.0;680;49230.0;5;REM;1.3737894636585734e-07;8.581535589422598e-06;7.364275307252664e-11;-3.523791223658396e-05;4.202313924617427e-05;7.726105148275823e-05;8.581204954030276e-06;0.0635190736932358;1.029753184775064;4.3519716202973165e-11;1.1195495393909359e-11;3.549689374485003e-12;2.116753911415733e-12;6.038165488278327e-11;0.7090020020815676;0.1823915535560047;0.0578298089431382;0.034485122883343;3.568507452736004;9.565425817207428
SC4001E;SC4001E0-PSG.edf;SC4001EC-Hypnogram.edf;Fpz-Cz;100.0;681;49260.0;5;REM;-1.0084684565462749e-07;8.587588109559329e-06;7.374666953944475e-11;-3.21238828711423e-05;2.948717685534415e-05;6.161105972648644e-05;8.58674894255931e-06;0.1510208899350266;-0.0500833973530152;4.4982021073891184e-11;1.2910320265402006e-11;4.133907696452518e-12;2.169625893529304e-12;6.419587492927504e-11;0.6899519505288949;0.1980235755622149;0.0634075039400424;0.0332785762271452;3.2337157028491474;8.76175103517606
SC4001E;SC4001E0-PSG.edf;SC4001EC-Hypnogram.edf;Fpz-Cz;100.0;682;49290.0;5;REM;4.1880061339165066e-08;8.570948586663883e-06;7.346115967523563e-11;-2.5032929941536083e-05;3.428553596828271e-05;5.931846590981879e-05;8.56962231148773e-06;0.2543384939649969;0.4880731320054088;4.183246299921573e-11;1.5178754033130794e-11;3.1077854546007303e-12;2.117301289094823e-12;6.223630377604207e-11;0.6615260617914946;0.240032277770186;0.0491455899384517;0.0334823695039714;2.585641818495501;10.183702012081293
SC4001E;SC4001E0-PSG.edf;SC4001EC-Hypnogram.edf;Fpz-Cz;100.0;683;49320.0;5;REM;-2.95047074775878e-09;1.0647567142354338e-05;1.1337068605094371e-10;-4.095685769151016e-05;6.423854145470105e-05;0.0001051953991462;1.0645792808783088e-05;0.5010661759366277;2.634682403735708;7.231979597835727e-11;2.125683654825277e-11;4.563961785081128e-12;2.5137310707036815e-12;1.0065432538239487e-10;0.7114286156177873;0.2091090218570686;0.0448968774118837;0.0247282253976673;3.2493295182164865;12.997895882799057
SC4001E;SC4001E0-PSG.edf;SC4001EC-Hypnogram.edf;Fpz-Cz;100.0;684;49350.0;5;REM;-1.4822657828785751e-08;8.389178862334452e-06;7.037832198423917e-11;-2.720970157896024e-05;4.545505877448466e-05;7.26647603534449e-05;8.38779364641041e-06;0.4765076699522083;1.896546518466594;4.0049777983899577e-11;8.967757038081809e-12;3.4954826267474444e-12;1.995803262489418e-12;5.4508820911218245e-11;0.7215029490169838;0.1615555310105576;0.0629716605283001;0.0359547046708403;4.017932803828327;8.908893951810521
SC4001E;SC4001E0-PSG.edf;SC4001EC-Hypnogram.edf;Fpz-Cz;100.0;685;49380.0;5;REM;2.0048518761808223e-08;9.5436485354561e-06;9.108122736831336e-11;-4.385268663081368e-05;4.309641689681922e-05;8.69491035276329e-05;9.542078856428257e-06;-0.237410900378937;1.6779769228422143;5.326306053176994e-11;1.6837394875737583e-11;4.564759510040409e-12;2.335251502902809e-12;7.700046642045074e-11;0.6828556671015629;0.2158627460633111;0.0585222078728953;0.0299389428047129;2.9860336054015564;9.571493689110596
SC4001E;SC4001E0-PSG.edf;SC4001EC-Hypnogram.edf;Fpz-Cz;100.0;686;49410.0;5;REM;2.2318977820539105e-08;7.986146841988587e-06;6.377854138180428e-11;-3.8758953359058734e-05;2.636403567544349e-05;6.512298903450222e-05;7.984846899269972e-06;-0.1023914417692378;0.3550538674390955;3.905435241996648e-11;9.676832495497357e-12;3.892766722262277e-12;2.898642419759712e-12;5.552259405748583e-11;0.6909511686644563;0.1712029084449948;0.0688709849074366;0.0512828978941;3.657859429417528;7.982058952916696
SC4001E;SC4001E0-PSG.edf;SC4001EC-Hypnogram.edf;Fpz-Cz;100.0;687;49440.0;5;REM;3.1578577429264256e-08;9.94923941905353e-06;9.898736501764859e-11;-3.5789891743145925e-05;4.225401927143379e-05;7.804391101457972e-05;9.94763119721785e-06;0.0642403286626688;1.074545528511587;5.119800485001202e-11;1.2066529589272384e-11;4.049914733538176e-12;2.241281264330644e-12;6.955573043715324e-11;0.725639215026143;0.1710212553184538;0.0574002240278072;0.0317661124113376;3.9182557618088247;10.13838996329758
SC4001E;SC4001E0-PSG.edf;SC4001EC-Hypnogram.edf;Fpz-Cz;100.0;688;49470.0;5;REM;-9.656492752021113e-08;1.3354189785289216e-05;1.7833438482152284e-10;-6.858853272356471e-05;8.126338817796634e-05;0.0001498519209015;1.3352313088443114e-05;0.6002660039148476;7.746726641075259;1.0517239819902696e-10;1.3017551284229379e-11;4.038047860740249e-12;2.161151961200512e-12;1.2438914930519712e-10;0.8387679379101409;0.1038172071216837;0.0322041251824082;0.0172355580460975;7.502908037679338;20.87562506473962
SC4001E;SC4001E0-PSG.edf;SC4001EC-Hypnogram.edf;Fpz-Cz;100.0;689;49500.0;5;REM;2.7782349427366304e-08;9.823780572779362e-06;9.650666474211722e-11;-3.343141981761128e-05;4.1606322822531735e-05;7.503774264014302e-05;9.822182431252718e-06;0.0961033475188576;0.915899532373894;5.195657834018309e-11;1.1031843789060324e-11;3.315047244209134e-12;2.320122909288817e-12;6.862359228274138e-11;0.7462496064435665;0.1584497930566411;0.0476138494943887;0.033323803515722;4.318255726310493;12.040790146599136
SC4001E;SC4001E0-PSG.edf;SC4001EC-Hypnogram.edf;Fpz-Cz;100.0;690;49530.0;5;REM;-1.3348665581645441e-08;9.08350997532012e-06;8.251015347174012e-11;-3.895797068049722e-05;4.9944874162039726e-05;8.890284484253694e-05;9.082005740700804e-06;0.4559171804054643;2.8546907780502337;5.074062529666577e-11;1.545901183411157e-11;3.828770734331441e-12;2.408506153853213e-12;7.2436914018962e-11;0.6909416874947133;0.2105073727651454;0.0521368685691615;0.0327969412389975;3.082847610055483;10.50797979202278
SC4001E;SC4001E0-PSG.edf;SC4001EC-Hypnogram.edf;Fpz-Cz;100.0;691;49560.0;5;REM;1.7546961506614302e-08;8.360817338611017e-06;6.990326656961862e-11;-2.7449919843227592e-05;3.090587491900471e-05;5.8355794762232296e-05;8.35944216898593e-06;0.1861344445617981;0.4928977502371676;3.8143480243469656e-11;1.205948054374478e-11;4.152675190844318e-12;2.0928674838668066e-12;5.6448503461925576e-11;0.6639595106032576;0.2099180973745867;0.0722851761246754;0.0364303220753847;2.920750187245357;7.402655675103687
SC4001E;SC4001E0-PSG.edf;SC4001EC-Hypnogram.edf;Fpz-Cz;100.0;692;49590.0;5;REM;-1.0602394271010486e-07;8.32871099242982e-06;6.936742679542133e-11;-3.091149330511333e-05;2.517647245947845e-05;5.608796576459177e-05;8.327997682291384e-06;-0.2417430219229204;0.4709900106055875;4.050328350008837e-11;1.0701231528277275e-11;3.1632823100750348e-12;2.114905942258365e-12;5.648270328069905e-11;0.7046168880106956;0.1861643749776539;0.0550301591528867;0.0367920404148509;3.4614547539041385;9.728690125594287
SC4001E;SC4001E0-PSG.edf;SC4001EC-Hypnogram.edf;Fpz-Cz;100.0;693;49620.0;5;REM;1.2591813378703642e-07;9.721836961877714e-06;9.451411391333167e-11;-3.7813634924121897e-05;5.123078714207027e-05;8.904442206619217e-05;9.72103207407065e-06;0.1549577349069938;1.4619252804207612;6.090577331355377e-11;1.230910504533357e-11;3.8837537499641994e-12;2.4331438987338653e-12;7.953177600758539e-11;0.7562949227372928;0.1528478031351768;0.0482263516651909;0.0302134637947719;4.576248598692104;12.471098346021282
SC4001E;SC4001E0-PSG.edf;SC4001EC-Hypnogram.edf;Fpz-Cz;100.0;694;49650.0;5;REM;-8.572346789646427e-08;1.0630354145171222e-05;1.1300442925175896e-10;-4.035591883019939e-05;5.097293250898184e-05;9.132885133918124e-05;1.0628927962011185e-05;0.1398289942072055;1.398357157801298;7.164779444895163e-11;1.2254352115399906e-11;4.693959537751866e-12;2.34092009246968e-12;9.09370261945731e-11;0.7793138131020046;0.1332907167289174;0.0510562472166295;0.0254622124443683;5.405605179728539;12.58312321573683
SC4001E;SC4001E0-PSG.edf;SC4001EC-Hypnogram.edf;Fpz-Cz;100.0;695;49680.0;5;REM;4.239210653872666e-09;7.744877116250301e-06;5.998312154581759e-11;-2.378626375554527e-05;2.829869034290474e-05;5.208495409845001e-05;7.7435873561855e-06;0.0642385083921098;0.0181855679559252;3.1364859896107436e-11;1.0456256885789468e-11;3.963717246774372e-12;2.209987461011057e-12;4.799482148968234e-11;0.6401668368709633;0.2134155522536482;0.0809007386139589;0.0451065519541989;2.7377929989517726;6.318824851776081
SC4001E;SC4001E0-PSG.edf;SC4001EC-Hypnogram.edf;Fpz-Cz;100.0;696;49710.0;5;REM;6.336324320226136e-08;7.2373652546343505e-06;5.237945582898854e-11;-2.181813451231441e-05;2.6075986739403907e-05;4.789412125171832e-05;7.23643634055935e-06;0.2129335617573927;0.2536695223439578;2.918947364634913e-11;1.010272338921471e-11;4.06472763211245e-12;1.8601567915822027e-12;4.52170814592585e-11;0.6315732782062488;0.2185928464158973;0.0879486004691924;0.0402482530884598;2.6290372751881814;5.763285958612246
SC4001E;SC4001E0-PSG.edf;SC4001EC-Hypnogram.edf;Fpz-Cz;100.0;697;49740.0;5;REM;-4.6548493567255016e-08;8.966485603971217e-06;8.039786408622308e-11;-3.28523013909569e-05;4.633697639251864e-05;7.918927778347555e-05;8.965111910090566e-06;0.0441920213506736;0.293815707181178;4.148153349602146e-11;1.1853486952754062e-11;5.4844285855942295e-12;6.575686875629508e-12;6.539513590999926e-11;0.6247676569598565;0.1785294478321702;0.0826028670688851;0.0990386838659847;3.227259159206864;6.397099289238316
SC4001E;SC4001E0-PSG.edf;SC4001EC-Hypnogram.edf;Fpz-Cz;100.0;698;49770.0;5;REM;8.83281927603709e-08;8.936546910040437e-06;7.98618706753533e-11;-3.606610507624123e-05;2.952841441377901e-05;6.559451949002024e-05;8.935493938301966e-06;-0.1015198044564328;0.5958615988945071;4.130901608814323e-11;1.2532755188645526e-11;4.174712136779965e-12;2.135069606412373e-12;6.01515530199811e-11;0.6755186752926067;0.2049458201748447;0.068268292964136;0.0349143971162064;3.052520755182433;7.982862620421688
SC4001E;SC4001E0-PSG.edf;SC4001EC-Hypnogram.edf;Fpz-Cz;100.0;699;49800.0;5;REM;-1.4635420671908816e-07;7.974149523290854e-06;6.358706061979973e-11;-2.6122801252843884e-05;2.783407084705304e-05;5.3956872099896926e-05;7.974163560320973e-06;0.1170832538392121;0.1978870748269696;3.4886092069915026e-11;1.1972825759654264e-11;3.390130982662541e-12;2.5212041454283882e-12;5.277025295766022e-11;0.6487991064015459;0.2226663461873967;0.0630484477231676;0.0468884561025523;2.68916677956251;7.946480915418428
SC4001E;SC4001E0-PSG.edf;SC4001EC-Hypnogram.edf;Fpz-Cz;100.0;700;49830.0;5;REM;1.5615983397789246e-07;8.135167940115606e-06;6.618095741388481e-11;-4.172008672383629e-05;3.96152822388742e-05;8.133536896271049e-05;8.135310872271252e-06;0.1261984293665765;1.5227945807677743;3.099693498026601e-11;1.426799625068651e-11;2.888114222695609e-12;2.357988210186872e-12;5.0511033663835e-11;0.6017533094473392;0.2769891271023711;0.0560678755068994;0.0457763714386957;2.030190109515665;7.972228490441826
SC4001E;SC4001E0-PSG.edf;SC4001EC-Hypnogram.edf;Fpz-Cz;100.0;701;49860.0;5;REM;-1.551931758374124e-07;9.964466907437489e-06;9.929060074941683e-11;-3.668685900401811e-05;3.236867403247766e-05;6.905553303649577e-05;9.964014693100713e-06;0.2443753546262711;0.5620492930448497;5.966388346002169e-11;1.5080402760671563e-11;5.848323988289057e-12;3.209051891299309e-12;8.380166210028163e-11;0.7035697412329793;0.1778314526764621;0.0689647330422977;0.0378418513484377;3.710347579473809;8.712187618758929
SC4001E;SC4001E0-PSG.edf;SC4001EC-Hypnogram.edf;Fpz-Cz;100.0;702;49890.0;5;REM;1.366200291154402e-07;7.050787156792447e-06;4.9713599530389306e-11;-2.9288363416230684e-05;2.5027431715303056e-05;5.431579513153374e-05;7.050935637410211e-06;0.0699509998181553;0.2285105648981695;2.8175032379637865e-11;1.1132530034161636e-11;3.771082929941757e-12;2.355834664971632e-12;4.543448000871289e-11;0.6067696327029213;0.2397470593419533;0.0812129893396923;0.050734597749982;2.322271801537293;5.905374690265929
SC4001E;SC4001E0-PSG.edf;SC4001EC-Hypnogram.edf;Fpz-Cz;100.0;703;49920.0;5;REM;-1.0660832670373579e-07;8.059523290300223e-06;6.495591566689174e-11;-2.737851413086408e-05;2.806918367701925e-05;5.544769780788333e-05;8.058885098468978e-06;-0.0210961880878852;0.4216081741554003;3.133005670089019e-11;1.3777898923567693e-11;3.557583739235796e-12;2.3918325551235747e-12;5.105737191881724e-11;0.6018370798615993;0.2646675853144131;0.0683396723289028;0.0459460873063973;2.120061644955849;6.874269019167497
SC4001E;SC4001E0-PSG.edf;SC4001EC-Hypnogram.edf;Fpz-Cz;100.0;704;49950.0;5;REM;6.644313408748015e-08;8.06024096099957e-06;6.496748434937527e-11;-3.201770226008721e-05;3.1218404736677195e-05;6.323610699676441e-05;8.059171372500163e-06;-0.1319166681785035;0.3087026147817724;3.382693774468276e-11;1.7231968847987708e-11;4.8673015886750514e-12;2.3047427284908905e-12;5.823095090983642e-11;0.5711023919939323;0.2909284518193683;0.0821749695709636;0.038911121518195;1.855363950362184;5.765331342430879
SC4001E;SC4001E0-PSG.edf;SC4001EC-Hypnogram.edf;Fpz-Cz;100.0;705;49980.0;5;REM;2.2434936964503223e-08;8.597681465530557e-06;7.392012658272767e-11;-5.005901087998442e-05;3.501835690223362e-05;8.507736778221804e-05;8.596277675071347e-06;-0.5295507645400003;3.226905190696975;3.7115912220546096e-11;1.5855417404299777e-11;3.5562987788048267e-12;2.191017079101481e-12;5.871864548275219e-11;0.6215129616639721;0.2655019596665016;0.0595508948680349;0.0366889948924626;2.2020167955661494;8.146066362724804
SC4001E;SC4001E0-PSG.edf;SC4001EC-Hypnogram.edf;Fpz-Cz;100.0;706;50010.0;5;REM;-7.148478619992247e-08;1.3698835532737168e-05;1.8765809495298238e-10;-4.947062757247488e-05;6.48806432127682e-05;0.0001143512707852;1.3696738747940065e-05;0.5195025545178347;2.4273719167570427;1.3033078231391965e-10;1.2635462207773513e-11;3.460380990313202e-12;2.4444087499744666e-12;1.4887103426198083e-10;0.8696195562786068;0.0843089011161836;0.0230890579180518;0.0163100812776239;9.558222547059586;29.219652446049903
SC4001E;SC4001E0-PSG.edf;SC4001EC-Hypnogram.edf;Fpz-Cz;100.0;707;50040.0;5;REM;1.0274253764040197e-07;8.040650493319008e-06;6.465206035571119e-11;-2.8284144226203302e-05;2.456680540114649e-05;5.285094962734979e-05;8.039966772192951e-06;0.1273015642765197;0.1528849215013754;3.2524309029996264e-11;1.0413209249758696e-11;4.160464522573314e-12;2.7442723100392266e-12;4.984225511236751e-11;0.6397101969240668;0.2048140710270276;0.0818308415584278;0.0539762114008132;2.849707590411865;6.302593281617546
SC4001E;SC4001E0-PSG.edf;SC4001EC-Hypnogram.edf;Fpz-Cz;100.0;708;50070.0;5;REM;-6.516838556495485e-09;8.15900438294447e-06;6.656935252090706e-11;-2.9057938985659307e-05;2.4570433605524892e-05;5.3628372591184206e-05;8.157647038571736e-06;-0.081982348002261;0.0615508954470729;3.687145475616152e-11;9.413682833198376e-12;5.209895648885245e-12;2.491972724073655e-12;5.3987005962318805e-11;0.6705485070678078;0.1711983161921806;0.0947477600881825;0.0453193019052781;3.5406738755876925;5.937532100524171
SC4001E;SC4001E0-PSG.edf;SC4001EC-Hypnogram.edf;Fpz-Cz;100.0;709;50100.0;5;REM;-5.812881593992028e-08;8.28581333255621e-06;6.865470258196625e-11;-2.9446971173730146e-05;2.914401660923897e-05;5.859098778296912e-05;8.284636180324889e-06;-0.0290058600477548;0.4459236238843465;3.6948459267302195e-11;1.4417472349776214e-11;4.769746657243668e-12;2.7498814873508967e-12;5.888555976167298e-11;0.616984451917061;0.240750398045097;0.0796476926361858;0.0459189410317716;2.396531573337864;6.403826972353285
SC4001E;SC4001E0-PSG.edf;SC4001EC-Hypnogram.edf;Fpz-Cz;100.0;710;50130.0;5;REM;7.040415913792836e-08;9.75039307641512e-06;9.507016514460388e-11;-5.0056357537900094e-05;4.831476723606589e-05;9.8371124773966e-05;9.749022096353028e-06;-0.1245320012623986;3.914157215318548;6.000974065559409e-11;8.96833863407957e-12;4.753989907512196e-12;2.573752661930555e-12;7.630582185911639e-11;0.776264183116208;0.1160111673144571;0.0614958846977392;0.0332931285126366;6.0200343164942165;10.429239817964852
SC4001E;SC4001E0-PSG.edf;SC4001EC-Hypnogram.edf;Fpz-Cz;100.0;711;50160.0;5;REM;-1.5597234051942088e-07;1.228627924944163e-05;1.5095265779525998e-10;-6.704911213011008e-05;7.300413477676881e-05;0.0001400532469068;1.2285221512600768e-05;0.3434342184989337;5.871272416581997;6.366853986119077e-11;1.0760686047383775e-11;5.973296450285375e-12;9.416486129475322e-12;8.981900848833523e-11;0.7010486121896865;0.1184849540475425;0.0657714343033439;0.103684088674947;5.413675665235036;9.130336034772364
SC4001E;SC4001E0-PSG.edf;SC4001EC-Hypnogram.edf;Fpz-Cz;100.0;712;50190.0;1;Acordado;3.6529573687743256e-08;9.26350018116714e-06;8.581243560648366e-11;-3.469887740880482e-05;3.4520295390240806e-05;6.921917279904562e-05;9.26202817265394e-06;0.0012522890307829;0.6896550938637995;2.9036144499863523e-11;2.2823920896497097e-11;7.768350725807551e-12;8.631324527128867e-12;6.825974064929702e-11;0.4192355360799092;0.3295409523992891;0.1121625731338397;0.1246225360680219;1.218781099299771;3.311471610550722
SC4001E;SC4001E0-PSG.edf;SC4001EC-Hypnogram.edf;Fpz-Cz;100.0;713;50220.0;2;N1;8.693036184313217e-08;7.224031563746383e-06;5.218663203400401e-11;-2.3922390351276743e-05;2.474262630906652e-05;4.866501666034327e-05;7.223350564509718e-06;-0.050864633037082;-0.0090811410251268;3.139682115734974e-11;1.0030849553732009e-11;2.9530575843245277e-12;3.1184888490130997e-12;4.7499217144419374e-11;0.6473675866531476;0.2068249787179548;0.0608887680708537;0.0642997770402554;2.846274079291329;7.942414317932234
SC4001E;SC4001E0-PSG.edf;SC4001EC-Hypnogram.edf;Fpz-Cz;100.0;714;50250.0;2;N1;-5.835770274868669e-08;6.947131594111774e-06;4.8262637385905987e-11;-3.109715817431787e-05;2.4393315890321627e-05;5.54904740646395e-05;6.9462187887785966e-06;-0.0446334806162914;0.435901803753028;2.8165239384372868e-11;9.476636479734422e-12;2.5256096119201524e-12;2.5790025704869225e-12;4.2746488046514366e-11;0.6438285824093031;0.2166262231075141;0.0577328541032767;0.0589533625589497;2.6883856702343887;7.98875726034603
SC4001E;SC4001E0-PSG.edf;SC4001EC-Hypnogram.edf;Fpz-Cz;100.0;715;50280.0;2;N1;6.541998378264505e-08;8.394670083486075e-06;7.047048581057612e-11;-3.180732890081346e-05;2.898701809120936e-05;6.079434699202282e-05;8.393525804029996e-06;-0.036360292240558;0.2808971354330101;4.6694397977578825e-11;1.5239913689500702e-11;4.209664372781501e-12;2.5674239864872574e-12;6.871140002634828e-11;0.6698244183868077;0.2186143684353002;0.0603870295416589;0.036829327563596;2.875286092669773;8.963033822589257
SC4001E;SC4001E0-PSG.edf;SC4001EC-Hypnogram.edf;Fpz-Cz;100.0;716;50310.0;2;N1;-2.2455155279291595e-10;7.752238447135207e-06;6.009720094124126e-11;-2.8476134995325034e-05;3.684177127950752e-05;6.531790627483256e-05;7.750946302958814e-06;0.2436435661067431;0.6269018475982411;3.414646187251219e-11;1.2738369663813527e-11;3.739840886992446e-12;2.1800214278063482e-12;5.280469385112451e-11;0.6346372301084756;0.2367520145930037;0.0695077068432066;0.0405173093975477;2.4854813713779293;7.20413673931975
SC4001E;SC4001E0-PSG.edf;SC4001EC-Hypnogram.edf;Fpz-Cz;100.0;717;50340.0;2;N1;-9.569504811275718e-08;7.786168955357928e-06;6.062442700137958e-11;-4.0071942287924815e-05;3.521086764986755e-05;7.528280993779237e-05;7.785459292892045e-06;-0.045291078466431;0.9503679908330124;3.509919457738131e-11;1.278350340322487e-11;4.409122007736595e-12;3.3343504803809938e-12;5.562617046872376e-11;0.6198405134383508;0.225752568068956;0.0778636798363731;0.058883559541125;2.546463954089444;6.488889421828423
SC4001E;SC4001E0-PSG.edf;SC4001EC-Hypnogram.edf;Fpz-Cz;100.0;718;50370.0;5;REM;8.143964296364943e-08;7.921867657981118e-06;6.275598719056724e-11;-3.3718831125269225e-05;3.80005735837582e-05;7.171940470902742e-05;7.920965909762297e-06;0.1230105955240194;0.8258436996356031;2.7466998435323012e-11;1.949242122719205e-11;5.899713395629559e-12;3.047401711361894e-12;5.590653476950652e-11;0.4826686169975906;0.3425339691855056;0.1036737418562856;0.053550997679002;1.3403491042276727;3.9808897645982304
SC4001E;SC4001E0-PSG.edf;SC4001EC-Hypnogram.edf;Fpz-Cz;100.0;719;50400.0;5;REM;-1.069316946781338e-07;1.2320477125104288e-05;1.5179415659021802e-10;-6.443258971186764e-05;7.461332976622725e-05;0.000139045919478;1.2318887649676332e-05;0.8141930060374157;8.672541125981246;1.0600863724120434e-10;1.3238895671731484e-11;5.136572269121955e-12;3.656716515928149e-12;1.2804082169798594e-10;0.8215124163523435;0.1025946324390006;0.0398057932484641;0.0283376722792925;7.445004141133189;17.274894288236336
SC4001E;SC4001E0-PSG.edf;SC4001EC-Hypnogram.edf;Fpz-Cz;100.0;720;50430.0;5;REM;2.52405813379527e-08;7.048471372567737e-06;4.9680948689906915e-11;-2.5532374033523645e-05;2.717573569579443e-05;5.270810972931808e-05;7.047341730086829e-06;-0.0187893753114505;0.2007164772164626;2.6769431968999213e-11;1.1075508271360928e-11;2.94184940779944e-12;2.7296479129665656e-12;4.3516437561126144e-11;0.6013381446402069;0.2487959252389185;0.0660845649151494;0.0613177527788122;2.2168368707499764;6.791084386946026
SC4001E;SC4001E0-PSG.edf;SC4001EC-Hypnogram.edf;Fpz-Cz;100.0;721;50460.0;5;REM;5.406332464727857e-08;7.922356566157298e-06;6.276373356133566e-11;-3.354863743644859e-05;2.6807004305863066e-05;6.035564174231165e-05;7.921220559982353e-06;0.0102586144197193;0.4322261411959722;3.2945028868291146e-11;1.6922582972516294e-11;3.3825628627019845e-12;2.5321483314278975e-12;5.578232303493731e-11;0.5801986799310865;0.2980255485867333;0.0595707023226355;0.0445939545282412;1.8381853173067355;7.517297503858172
SC4001E;SC4001E0-PSG.edf;SC4001EC-Hypnogram.edf;Fpz-Cz;100.0;722;50490.0;5;REM;9.410687722432839e-08;8.662981198030517e-06;7.504724323743025e-11;-3.098325432123134e-05;4.4372317722025286e-05;7.535557204325664e-05;8.662048464077382e-06;0.3294964262431326;1.190902033233069;4.639898696469194e-11;1.0586157969050867e-11;2.679517564545474e-12;2.4618051268953527e-12;6.212646762518362e-11;0.7350163680975803;0.1676976134940209;0.0424468161351152;0.0389979864153406;4.004691381615344;12.610073508488211
SC4001E;SC4001E0-PSG.edf;SC4001EC-Hypnogram.edf;Fpz-Cz;100.0;723;50520.0;5;REM;-1.4332118505373434e-07;7.589797998514994e-06;5.7605033658262206e-11;-2.8290205645368737e-05;2.6776859788934336e-05;5.506706543430307e-05;7.589886227240914e-06;-0.0162025997794123;-0.0192146443528793;3.4439985650551616e-11;9.93346926434242e-12;2.5561262249787697e-12;2.5977377285769237e-12;4.952731886844974e-11;0.6816111842430775;0.1965960095805731;0.0505889938794054;0.0514125385386122;3.149959525003793;9.684691563713333
SC4001E;SC4001E0-PSG.edf;SC4001EC-Hypnogram.edf;Fpz-Cz;100.0;724;50550.0;5;REM;1.923781672217844e-08;1.0524018080210538e-05;1.1075495655259828e-10;-3.85333642223344e-05;4.3459590345483264e-05;8.199295456781766e-05;1.0522281517206224e-05;0.0557820347947434;0.8589684097347607;7.016441639079123e-11;2.5435976110730903e-11;5.064293047702729e-12;2.853593882155296e-12;1.035182794313802e-10;0.6713123940856351;0.2433639000671695;0.0484536587786791;0.0273023426876135;2.654126183837413;11.570090007007634
SC4001E;SC4001E0-PSG.edf;SC4001EC-Hypnogram.edf;Fpz-Cz;100.0;725;50580.0;5;REM;-1.3267054224839284e-08;7.182324761456564e-06;5.1585788979032075e-11;-2.885269131945048e-05;2.1184247897217547e-05;5.003693921666803e-05;7.181139862916393e-06;-0.202893543790941;0.3813273380084059;2.7401759825278767e-11;1.0398179795159378e-11;4.665054205110865e-12;3.1912110701736644e-12;4.5656204895722666e-11;0.5873122318140132;0.2228681012182509;0.0999878626120005;0.068398427975573;2.404046989758475;4.836981047870225
SC4001E;SC4001E0-PSG.edf;SC4001EC-Hypnogram.edf;Fpz-Cz;100.0;726;50610.0;5;REM;-6.020602887953198e-07;2.256634752273171e-05;5.092400405166995e-10;-9.990103276363092e-05;0.0001525688460944;0.000252469878858;2.2570617413528407e-05;1.844085455610949;15.886386538407915;2.5623097617401026e-10;1.2083051701426962e-11;6.436157815408561e-12;9.170852146438218e-12;2.8392103783728394e-10;0.8993052184526357;0.042408422323407;0.0225892684663187;0.0321873464172751;19.584954796598662;34.45744193904421
SC4001E;SC4001E0-PSG.edf;SC4001EC-Hypnogram.edf;Fpz-Cz;100.0;727;50640.0;1;Acordado;5.949401245881994e-07;3.708715269960894e-05;1.3754568953641103e-09;-0.0001187058987812;0.000121976304401;0.0002406822031823;3.70857433993734e-05;-0.147506098189822;0.5759604543340839;7.632175706151618e-10;1.7385244973015888e-11;9.526115926927078e-12;2.0013194420273017e-11;8.101421259353778e-10;0.9409171909732204;0.021433044120311;0.0117440774216256;0.0246728579127789;41.51250482304369;72.50704589551015
SC4001E;SC4001E0-PSG.edf;SC4001EC-Hypnogram.edf;Fpz-Cz;100.0;728;50670.0;1;Acordado;-3.473671659653206e-08;1.526966698636819e-05;2.3316272987458263e-10;-7.779356842517664e-05;6.98806413347411e-05;0.0001476742097599;1.5267161347287332e-05;-0.1736303885749339;3.8683537014065994;1.1127418847445483e-10;1.9336717076956958e-11;1.2682988350999638e-11;3.976392472384309e-12;1.4727028637479576e-10;0.7504820500122145;0.1304153215707552;0.0855396496567069;0.0268185390991478;5.471590525323132;8.132301630317874
SC4001E;SC4001E0-PSG.edf;SC4001EC-Hypnogram.edf;Fpz-Cz;100.0;729;50700.0;1;Acordado;4.995641999121443e-08;8.830452025109168e-06;7.79768829677546e-11;-3.099328062550991e-05;3.382493282412107e-05;6.481821344963098e-05;8.829121491820711e-06;0.0051772666449897;0.6342191987595922;2.355421460351572e-11;3.05887551186064e-11;1.5841379924111516e-11;3.3933501531249704e-12;7.337769979935859e-11;0.3166838268332526;0.4112624509916638;0.2129856121773764;0.045623219893582;0.7456518788118315;1.3985917252417988
SC4001E;SC4001E0-PSG.edf;SC4001EC-Hypnogram.edf;Fpz-Cz;100.0;730;50730.0;1;Acordado;1.0604334942735987e-07;1.7172602206351586e-05;2.948982665375913e-10;-0.0001051913163717;7.86577532760896e-05;0.0001838490696478;1.717006733555142e-05;-1.0429504490827628;7.368960037193162;1.4830260790585206e-10;1.6166989193218316e-11;1.414733514159498e-11;8.972430949129885e-12;1.875893631897952e-10;0.7863784330010235;0.0857258803983974;0.0750166122961939;0.0475765483130672;8.63882456245955;9.79067317911315
SC4001E;SC4001E0-PSG.edf;SC4001EC-Hypnogram.edf;Fpz-Cz;100.0;731;50760.0;1;Acordado;-1.1071392000371123e-07;2.0289632628832683e-05;4.116691922129919e-10;-9.124694985433797e-05;6.222429386332347e-05;0.0001534712437176;2.028655285456362e-05;-0.6650462655250516;1.916086149960205;2.1327734878646777e-10;1.9353353432175423e-11;8.717684977720497e-12;7.579867003082544e-12;2.4892825419944625e-10;0.8533542934936419;0.0774356364556173;0.0348807501002414;0.0303281716881585;10.4787326322998;21.947341293265183
SC4001E;SC4001E0-PSG.edf;SC4001EC-Hypnogram.edf;Fpz-Cz;100.0;732;50790.0;1;Acordado;2.641399748290636e-07;2.702412757942625e-05;7.303034714291065e-10;-0.0001099235029902;9.524205043998028e-05;0.0002051655534302;2.7020914249242808e-05;-0.032936916853082;1.2169163318093696;3.287799686132648e-10;1.6390317669519393e-11;5.9574126927968116e-12;8.731256294556977e-12;3.5985895527013784e-10;0.9111038088749692;0.0454202879827373;0.0165089783855775;0.024195758944158;18.905920803823424;47.25606818662045
SC4001E;SC4001E0-PSG.edf;SC4001EC-Hypnogram.edf;Fpz-Cz;100.0;733;50820.0;1;Acordado;-2.3416277069714882e-07;2.631067543411328e-05;6.922516417992521e-10;-8.817758877024758e-05;0.0001192616633217;0.0002074392520919;2.6307332123481587e-05;0.6351597598307969;3.281697453630942;4.565403379001695e-10;2.555834527868213e-11;4.72455954174294e-12;3.812054520100815e-12;4.906352972406953e-10;0.9286158672139768;0.0519863919904214;0.0096098867763554;0.00775382593865;17.190089710394176;79.75117291926499
SC4001E;SC4001E0-PSG.edf;SC4001EC-Hypnogram.edf;Fpz-Cz;100.0;734;50850.0;1;Acordado;-1.0296905380441421e-07;1.9829548746224705e-05;3.9321100347890156e-10;-8.953803054944834e-05;7.487244386659002e-05;0.000164410474416;1.9826510932850746e-05;-0.4013026763094986;2.3960368628524917;3.1649259712161616e-10;2.846751246336677e-11;5.161609816371753e-12;3.9461231802156286e-12;3.5406784258157046e-10;0.8913580988368659;0.0801748540684218;0.0145369678618135;0.0111137160479664;10.740390710450072;51.3652448878988
SC4001E;SC4001E0-PSG.edf;SC4001EC-Hypnogram.edf;Fpz-Cz;100.0;735;50880.0;1;Acordado;9.502572040619193e-08;1.1694080482610107e-05;1.3675151833376262e-10;-5.9523477624849535e-05;4.750213713753381e-05;0.0001070256147623;1.1692517452706955e-05;-0.8947041900564354;4.149309607903582;7.284910742010448e-11;2.2045824274694297e-11;7.852173680349425e-12;2.4668944041991e-12;1.0521399977934727e-10;0.685871048745399;0.2075604376117374;0.0739278597610654;0.0232256991481717;3.161054538634888;8.229516280483653
SC4001E;SC4001E0-PSG.edf;SC4001EC-Hypnogram.edf;Fpz-Cz;100.0;736;50910.0;1;Acordado;-1.8501528633049222e-09;1.0972807175780995e-05;1.204024973168709e-10;-4.429082705263703e-05;4.091148139495239e-05;8.520230844758943e-05;1.0970978378165014e-05;0.0828925098872425;1.434299735709773;4.403240353574509e-11;1.7225514525362738e-11;1.1773326159999963e-11;2.822603072048624e-12;7.585384729315642e-11;0.5729368806715032;0.2241334055750858;0.1531911098099098;0.036726893596906;2.415975882297826;3.447215156349316
SC4001E;SC4001E0-PSG.edf;SC4001EC-Hypnogram.edf;Fpz-Cz;100.0;737;50940.0;1;Acordado;4.278976400959645e-08;8.748438873110857e-06;7.653518271655716e-11;-4.7779946599057e-05;3.170589524545362e-05;7.948584184451062e-05;8.747085340437063e-06;-0.1014801464123057;1.2307669243031594;2.9087348121978687e-11;2.618246969097499e-11;1.1065169991060576e-11;2.6752117278596066e-12;6.901019953187387e-11;0.4154730070257256;0.3739807894570386;0.1580508278086378;0.0382117426567489;1.0700774599460383;2.410852739209669
SC4001E;SC4001E0-PSG.edf;SC4001EC-Hypnogram.edf;Fpz-Cz;100.0;738;50970.0;1;Acordado;3.3492617288246134e-08;7.204269507328464e-06;5.19014991342227e-11;-2.529876897906993e-05;2.538116911870245e-05;5.0679938097772376e-05;7.2031465617412025e-06;0.0800744686477393;0.1035094599678854;2.4146199262576496e-11;1.0285747605227252e-11;1.0451551881124124e-11;2.426082555044957e-12;4.730958130397284e-11;0.4998221597211562;0.212913201224151;0.2163453211353877;0.0502194904108068;2.139530326851597;2.108552579880223
SC4001E;SC4001E0-PSG.edf;SC4001EC-Hypnogram.edf;Fpz-Cz;100.0;739;51000.0;1;Acordado;-9.782788780747241e-08;7.6492552116664e-06;5.851110529320559e-11;-3.198242337337952e-05;2.756248265375569e-05;5.954490602713521e-05;7.648605878660114e-06;-0.0503064534798866;0.1370469785397294;1.7408425603154198e-11;1.8468927662312365e-11;1.4405404620533644e-11;2.73016253391798e-12;5.3012920419918185e-11;0.3223011358729372;0.3419353650705699;0.2667029390105224;0.0505464713385722;0.8941645839515417;1.1300206668996382
SC4001E;SC4001E0-PSG.edf;SC4001EC-Hypnogram.edf;Fpz-Cz;100.0;740;51030.0;1;Acordado;-1.2035301164023022e-08;8.406300135083125e-06;7.066588196109858e-11;-3.1679632866929665e-05;2.481202453694632e-05;5.6491657403875984e-05;8.404907585190075e-06;-0.0972495526239958;0.0204587432839642;2.5583203482761987e-11;2.6929856076268772e-11;1.0759887539095729e-11;2.634126099976584e-12;6.590707319810304e-11;0.3823691914756678;0.4024963996935423;0.1608183862300644;0.0393699197120352;0.9159804981773368;2.1754632769837863
SC4001E;SC4001E0-PSG.edf;SC4001EC-Hypnogram.edf;Fpz-Cz;100.0;741;51060.0;1;Acordado;7.18692785237163e-08;8.2200272138382e-06;6.756884739624061e-11;-3.4941442567583915e-05;2.712205988775399e-05;6.206350245533791e-05;8.218971324947183e-06;-0.0476520404398905;0.2084597552785765;2.2384461483719223e-11;2.4985973525865302e-11;1.1498498173753073e-11;3.4417816894471138e-12;6.231071487278471e-11;0.35356513551771;0.394656316487211;0.181620096959226;0.0543633363856807;0.861405537161758;1.790972097009763
SC4001E;SC4001E0-PSG.edf;SC4001EC-Hypnogram.edf;Fpz-Cz;100.0;742;51090.0;1;Acordado;9.124468370844509e-08;1.8507546431147703e-05;3.425292749010881e-10;-8.441832430701595e-05;8.198052798755602e-05;0.0001663988522945;1.850468654337128e-05;-0.136908330972995;3.174359387578095;1.9196631216179338e-10;1.7629296155659832e-11;1.0444529911765824e-11;1.8149188684706067e-11;2.3818932691392505e-10;0.8025705604785394;0.0737043595678662;0.0436663710982572;0.0758779203021765;10.304539181608932;16.773630165834756
SC4001E;SC4001E0-PSG.edf;SC4001EC-Hypnogram.edf;Fpz-Cz;100.0;743;51120.0;1;Acordado;-1.080735101762289e-07;8.604525685954755e-06;7.403786228025514e-11;-3.0759921135071974e-05;2.9351447189883987e-05;6.0111368324955965e-05;8.603770271016665e-06;-0.0267867180926675;0.1271590306573204;2.522270054889229e-11;2.1174003490124815e-11;1.2413203230525751e-11;6.268301808821622e-12;6.507820907836447e-11;0.3817098087355818;0.3204385195278798;0.1878562298170717;0.0948618598513743;1.1374896986971796;1.8804382603769472
SC4001E;SC4001E0-PSG.edf;SC4001EC-Hypnogram.edf;Fpz-Cz;100.0;744;51150.0;2;N1;6.312411244690644e-09;7.600941350092085e-06;5.7774309407539684e-11;-2.6268877917888956e-05;3.35016246515882e-05;5.977050256947716e-05;7.599677042541977e-06;-0.043864248957562;0.2107304704636718;2.5126866762611345e-11;1.4140917089934304e-11;6.185848973900641e-12;5.618945764239966e-12;5.107257859068625e-11;0.4825354811045512;0.2715616831862357;0.1187928299561306;0.1079060403059236;1.659534004007968;3.496715120770471
SC4001E;SC4001E0-PSG.edf;SC4001EC-Hypnogram.edf;Fpz-Cz;100.0;745;51180.0;2;N1;-2.8074956344931345e-08;7.830638470932343e-06;6.131889886244562e-11;-2.245165686022591e-05;2.9278216678135164e-05;5.172987353836108e-05;7.829383592126857e-06;0.2148657690962987;-0.0129986121946217;2.6446918999583103e-11;1.241122478059704e-11;7.617696114875682e-12;5.7533628863562985e-12;5.2229202781412116e-11;0.4968498045741629;0.2331657085221478;0.143111219346231;0.108086587544486;1.971998787004578;3.068908284423142
SC4001E;SC4001E0-PSG.edf;SC4001EC-Hypnogram.edf;Fpz-Cz;100.0;746;51210.0;2;N1;4.0242352358959946e-07;1.1344679863472833e-05;1.2870176120468595e-10;-4.170293416311379e-05;0.0001038040097206;0.0001455069438837;1.1349925343805394e-05;3.64636803400777;29.13644611716306;3.404786341027988e-11;7.896058277005448e-12;4.218693208500604e-12;3.910912721916174e-12;5.0073527617702107e-11;0.6666440521817191;0.1546017799300917;0.0826003882104748;0.0765741648235131;3.827297703105979;6.524212489597996
SC4001E;SC4001E0-PSG.edf;SC4001EC-Hypnogram.edf;Fpz-Cz;100.0;747;51240.0;1;Acordado;-7.351028126735227e-07;5.056964189911603e-05;2.5572886818048315e-09;-0.0001723292042025;0.0001544175102352;0.0003267467144378;5.056655642210007e-05;0.0938857432855599;0.4770438930677416;1.1759301227391987e-09;2.6952444543660257e-11;6.769143985430455e-12;1.4267933353772068e-11;1.2239196446220614e-09;0.9600059301049269;0.0220034388884147;0.0055261943223377;0.0116480566022551;42.068954681314445;151.35903324026827
SC4001E;SC4001E0-PSG.edf;SC4001EC-Hypnogram.edf;Fpz-Cz;100.0;748;51270.0;1;Acordado;2.140816979005459e-07;1.9771066654519223e-05;3.90895076657442e-10;-8.979442013286844e-05;0.0001112266206666;0.0002010210407995;1.976893040282989e-05;0.5054393899574485;5.457339377670003;2.0456544699747871e-10;1.6397267425635318e-11;9.701228025233775e-12;8.559705290058331e-12;2.3922364773840616e-10;0.8515624873877622;0.0682583400094368;0.0403841508384637;0.0356322342560525;11.758481489802604;19.116072147524378
SC4001E;SC4001E0-PSG.edf;SC4001EC-Hypnogram.edf;Fpz-Cz;100.0;749;51300.0;1;Acordado;1.5465444056345697e-07;1.7708729703330343e-05;3.1359910770561434e-10;-8.107970694332662e-05;8.468557790833046e-05;0.0001657652848516;1.7706453418618264e-05;0.4924189684123229;3.94173461157665;2.1614208370315784e-10;1.952500457237893e-11;8.702514424165473e-12;1.559755683704147e-11;2.599671595367437e-10;0.828234801983678;0.0748178606344138;0.0333471630668539;0.0597682745397141;10.530671646915303;22.276914442386776
SC4001E;SC4001E0-PSG.edf;SC4001EC-Hypnogram.edf;Fpz-Cz;100.0;750;51330.0;1;Acordado;-1.4301203202374137e-07;2.36927259159342e-05;5.6134526132758e-10;-7.071094714295936e-05;0.0001402465307238;0.0002109574778668;2.3689208485759387e-05;1.185957773924064;7.100594841919989;3.067544661228726e-10;1.6712253085234262e-11;6.752688116641842e-12;8.323386284425957e-12;3.385427936091746e-10;0.903433887853198;0.0492198727223486;0.0198875907359542;0.0245135118196808;17.318771623616705;39.56749729998767
SC4001E;SC4001E0-PSG.edf;SC4001EC-Hypnogram.edf;Fpz-Cz;100.0;751;51360.0;1;Acordado;2.590922531662585e-07;2.5624752191932232e-05;6.566279248979356e-10;-8.51637664657245e-05;0.0001140270672565;0.0001991908337222;2.5621791071637057e-05;0.4426094065186135;2.593499835388039;5.295591496796713e-10;2.672562288107976e-11;4.003234301447407e-12;7.334013963595661e-12;5.676220208257942e-10;0.9313025705733434;0.0470006821794675;0.0070402378993933;0.0128978718638871;19.099991078687285;105.84336406681436
SC4001E;SC4001E0-PSG.edf;SC4001EC-Hypnogram.edf;Fpz-Cz;100.0;752;51390.0;1;Acordado;-3.913255686470922e-07;1.9316484088240755e-05;3.731265575312583e-10;-7.779085616733614e-05;8.723705736753751e-05;0.0001650279135348;1.9317228520488084e-05;0.3515720736526782;4.320190076896249;2.1011128544744996e-10;1.3656816305588403e-11;7.601136523706909e-12;9.741466417234432e-12;2.4111070469397967e-10;0.8678314563291365;0.0564073212824281;0.031395293047098;0.0402355873919219;14.335397337779142;24.42831652169804
SC4001E;SC4001E0-PSG.edf;SC4001EC-Hypnogram.edf;Fpz-Cz;100.0;753;51420.0;1;Acordado;3.926187401728679e-07;3.5115188061549106e-05;1.233076432597961e-09;-0.0001071929525355;0.0001239429752513;0.0002311359277868;3.511153025140834e-05;0.1489842837337014;1.0074855878075493;8.389602002906828e-10;3.329975410376691e-11;7.938025692564234e-12;1.150182867453059e-11;8.916998087615444e-10;0.9398010306001796;0.0373022977902999;0.0088921556996598;0.0128843185151873;24.459656408981235;93.8641517878646
SC4001E;SC4001E0-PSG.edf;SC4001EC-Hypnogram.edf;Fpz-Cz;100.0;754;51450.0;1;Acordado;-5.8267930879230046e-08;2.9038884279889037e-05;8.432568002207865e-10;-0.0001203823856913;0.0001289678413853;0.0002493502270766;2.903410253085984e-05;-0.1659010324695357;2.566960283665928;4.89309886055294e-10;2.6256243598093295e-11;6.922143436776799e-12;7.303507546146993e-12;5.29791780636311e-10;0.9218490261260476;0.0494661834563779;0.0130411654613011;0.013759647026545;17.952212831320733;61.7648354842682
SC4001E;SC4001E0-PSG.edf;SC4001EC-Hypnogram.edf;Fpz-Cz;100.0;755;51480.0;1;Acordado;-1.4962817716459057e-07;3.009426112179168e-05;9.056645524665821e-10;-0.0001038335508237;0.0001216948018685;0.0002255283526923;3.0089617027702897e-05;0.2824044538957504;2.157335330760345;6.866269067282152e-10;2.760118695865849e-11;7.962976351709816e-12;5.303704930099628e-12;7.274947749686832e-10;0.9425282518433056;0.0378879683246115;0.0109307254153636;0.0072803609748987;24.006937464542936;76.60701978726424
SC4001E;SC4001E0-PSG.edf;SC4001EC-Hypnogram.edf;Fpz-Cz;100.0;756;51510.0;1;Acordado;9.428564564180045e-08;1.1267202471631858e-05;1.2694985153674704e-10;-7.642121040295335e-05;4.988873831818979e-05;0.0001263099487211;1.1265719005129775e-05;-0.6720806093869308;8.525458248774838;2.6779415263830648e-11;9.997942210853088e-12;9.573534162813757e-12;3.67835629488923e-12;5.0029247932386715e-11;0.524785615091038;0.1959257213451444;0.1876087645951317;0.0720832942661239;2.434947806636404;2.5326834766384585
SC4001E;SC4001E0-PSG.edf;SC4001EC-Hypnogram.edf;Fpz-Cz;100.0;757;51540.0;2;N1;-5.2199458088746974e-08;7.050149664208774e-06;4.9704610287743086e-11;-2.558645863461709e-05;2.2671108070706627e-05;4.825756670532372e-05;7.0491678138443125e-06;-0.0869347400955845;-0.0084420716259927;2.1537439269699656e-11;1.1228873351029084e-11;6.619509886533316e-12;3.0784060325803907e-12;4.2464228539842456e-11;0.495521029435893;0.2583474670610082;0.1522978805540145;0.0708261974501284;1.7611957088334091;2.8266174058996656
SC4001E;SC4001E0-PSG.edf;SC4001EC-Hypnogram.edf;Fpz-Cz;100.0;758;51570.0;1;Acordado;1.4801586937618768e-07;1.6208571195511704e-05;2.6271778019997167e-10;-7.7225484759028e-05;7.653697231889807e-05;0.0001537624570779;1.6206545477187877e-05;-0.7834875198429706;5.203308801246127;1.5918031681705467e-10;1.818047660635044e-11;7.293643670632648e-12;3.6863326284293535e-12;1.8834076972246706e-10;0.8407080897071394;0.0960198727035868;0.0385212528782024;0.0194693020094548;8.299080366144388;19.1930498992504
SC4001E;SC4001E0-PSG.edf;SC4001EC-Hypnogram.edf;Fpz-Cz;100.0;759;51600.0;1;Acordado;7.013873591314848e-08;2.5119725851184457e-05;6.310006268386645e-10;-7.880916807044054e-05;8.907571670500772e-05;0.0001678848847754;2.5115636817302893e-05;-0.5782581045529823;1.5018687715905674;5.194543301956869e-10;3.6799178106554455e-11;6.57922810203875e-12;5.752103810116433e-12;5.685848402143964e-10;0.911987632957647;0.0646070181444838;0.0115509185594937;0.0100987656341964;13.74247685310418;68.53657433214842
SC4001E;SC4001E0-PSG.edf;SC4001EC-Hypnogram.edf;Fpz-Cz;100.0;760;51630.0;1;Acordado;-2.826161155111236e-07;3.2992838334287324e-05;1.088527381352419e-09;-9.28902661340974e-05;9.840286639201314e-05;0.0001912931325261;3.2988549691684155e-05;-0.4467032456047653;0.4212772232303914;9.094578327717017e-10;4.684227394948196e-11;6.704762137399982e-12;4.639724456281533e-12;9.676445933148655e-10;0.9388973407257488;0.0483585767914935;0.0069217979263737;0.0047899141628444;19.009502636350952;118.03840489209492
SC4001E;SC4001E0-PSG.edf;SC4001EC-Hypnogram.edf;Fpz-Cz;100.0;761;51660.0;1;Acordado;3.001082852629204e-07;3.214639992622488e-05;1.033391028216791e-09;-0.0001126489548141;0.0001231280835361;0.0002357770383502;3.214244280579188e-05;0.0436329317864129;1.694507138884549;6.729103484905301e-10;2.055912623327393e-11;9.164247891051504e-12;6.8094124495139906e-12;7.094431350643695e-10;0.9471698933786744;0.028938454351327;0.0128993404802499;0.0095847395990349;31.212320073156476;66.20365379743969
SC4001E;SC4001E0-PSG.edf;SC4001EC-Hypnogram.edf;Fpz-Cz;100.0;762;51690.0;1;Acordado;-3.231203844331791e-07;3.4013995787842566e-05;1.156951909455372e-09;-0.0001456276197712;0.0001342095584104;0.0002798371781816;3.400986129936026e-05;-0.1153025305289219;1.9811117587273983;7.577184492004304e-10;3.4544465746871046e-11;5.679625948473804e-12;9.526331237340216e-12;8.074688721331153e-10;0.9372264972938515;0.0427282570023095;0.0070251634221714;0.0117831762801273;21.317480324405544;113.43725757181927
SC4001E;SC4001E0-PSG.edf;SC4001EC-Hypnogram.edf;Fpz-Cz;100.0;763;51720.0;1;Acordado;1.6714562678000937e-07;2.8254036626724363e-05;7.982905857042818e-10;-9.19122346532446e-05;8.145886204369754e-05;0.0001733710966969;2.8249821707453877e-05;-0.3077696602879786;0.371687353971184;5.364715335701901e-10;2.434284108417111e-11;5.872871396431489e-12;7.493421761854287e-12;5.741806678126472e-10;0.93270091223743;0.0423220779946315;0.0102104812019594;0.0130279444028447;21.168563216271167;78.0563904991348
SC4001E;SC4001E0-PSG.edf;SC4001EC-Hypnogram.edf;Fpz-Cz;100.0;764;51750.0;1;Acordado;-5.632079002819462e-07;1.7562275395162203e-05;3.0843351705551976e-10;-7.404448014169515e-05;8.051068635483785e-05;0.0001545551664965;1.7568378098791817e-05;-0.2151253048494891;4.186730791874054;2.0673132561373123e-10;1.7176827806001567e-11;7.131972943411599e-12;3.0172827138799386e-12;2.3405740907702433e-10;0.8794929137757529;0.0730750324929048;0.0303414088133447;0.0128363650638692;11.373344558255283;25.422038053043668
SC4001E;SC4001E0-PSG.edf;SC4001EC-Hypnogram.edf;Fpz-Cz;100.0;765;51780.0;1;Acordado;5.361171921046161e-07;1.501310467327997e-05;2.2539331193086087e-10;-7.105454782435912e-05;5.43153132987779e-05;0.0001253698611231;1.5020173183773685e-05;-0.5627356072855999;3.2651658983899967;1.3692714724256694e-10;1.4027861104461287e-11;7.914157195218635e-12;3.2745249198106878e-12;1.6214369046205758e-10;0.8393039709642476;0.0859846989162216;0.0485103479809979;0.0200714162499115;9.111552621544906;15.360638616067012
SC4001E;SC4001E0-PSG.edf;SC4001EC-Hypnogram.edf;Fpz-Cz;100.0;766;51810.0;1;Acordado;-4.3297268301158686e-08;1.8535205208996244e-05;3.4355383213960147e-10;-7.243958247988113e-05;6.564507177515117e-05;0.000138084654255;1.8532166329088382e-05;-0.471221072109381;2.8381039490613453;2.582443447543972e-10;2.240405687157932e-11;5.883593556544887e-12;2.6030985943022298e-12;2.8913509377682364e-10;0.8900831036766711;0.0772193965918954;0.0202788069514632;0.0089720225168782;11.03417010868726;37.51591993819271
SC4001E;SC4001E0-PSG.edf;SC4001EC-Hypnogram.edf;Fpz-Cz;100.0;767;51840.0;1;Acordado;2.6979208703584185e-08;9.917931976717412e-06;9.836537469479375e-11;-3.8757489331340206e-05;5.619675226862072e-05;9.495424159996092e-05;9.916315551366064e-06;0.4843869815120266;2.8588666110090486;5.0414907373332336e-11;8.408986548287686e-12;1.1723141428911882e-11;2.720054527458146e-12;7.326708987799004e-11;0.6788324068730396;0.1132262831639481;0.1578510945853848;0.0366253010845961;5.358165527668568;3.962457515309092
SC4001E;SC4001E0-PSG.edf;SC4001EC-Hypnogram.edf;Fpz-Cz;100.0;768;51870.0;1;Acordado;1.5687230304736978e-08;8.442209180418382e-06;7.127089584594039e-11;-3.191769349870418e-05;3.599653534537724e-05;6.791422884408142e-05;8.440816605628453e-06;-0.0233222378167486;0.3330239360411831;2.7975853277965014e-11;2.269785115043278e-11;1.1254157302117664e-11;4.2326153959425534e-12;6.616047712645802e-11;0.4165523307002217;0.3379644118324899;0.1675711338519372;0.0630224140303956;1.180522786660094;2.282968350106821
SC4001E;SC4001E0-PSG.edf;SC4001EC-Hypnogram.edf;Fpz-Cz;100.0;769;51900.0;1;Acordado;1.8846846701885322e-07;1.4485606396796296e-05;2.0983279268290568e-10;-7.28065528040288e-05;5.885963877276782e-05;0.0001316661915767;1.448441813749308e-05;-0.3393800004540062;3.5700357594373617;1.1112135524214132e-10;1.5035922578669292e-11;7.54949635046132e-12;3.033040216093849e-12;1.3673981438736578e-10;0.8067482574764813;0.1091617746513274;0.0548098339179539;0.0220200689944595;6.929526798162087;12.997415366595876
SC4001E;SC4001E0-PSG.edf;SC4001EC-Hypnogram.edf;Fpz-Cz;100.0;770;51930.0;1;Acordado;-1.5546595027779684e-06;3.809470949690766e-05;1.451206891653787e-09;-0.00017173612601;0.0001287621218035;0.0003004982478136;3.812007505492104e-05;-0.357572430901219;2.905556632062096;6.327085996801527e-10;1.725308825162708e-11;4.861932869886863e-12;7.65025091858487e-12;6.624738717202515e-10;0.9536300171695822;0.0260041713577858;0.007327994480447;0.0115305986334463;34.66309870187326;107.9351493311052
SC4001E;SC4001E0-PSG.edf;SC4001EC-Hypnogram.edf;Fpz-Cz;100.0;771;51960.0;1;Acordado;1.302647458798533e-06;2.9844128583897403e-05;8.90672010932202e-10;-9.166787186259666e-05;0.0001247634100753;0.0002164312819379;2.986757456948598e-05;0.1009076364511263;0.9153273302211522;6.173855222322546e-10;4.5065603965085115e-11;5.896715901351371e-12;7.744641370206468e-12;6.760924834688976e-10;0.9118186027841416;0.0665575310099498;0.0087088781005826;0.0114380849873401;13.402310381085956;89.51876966706453
SC4001E;SC4001E0-PSG.edf;SC4001EC-Hypnogram.edf;Fpz-Cz;100.0;772;51990.0;1;Acordado;-5.4997788147585677e-08;1.741880593049842e-05;3.0341480004436683e-10;-8.151684497903525e-05;8.350788111498323e-05;0.000165024726094;1.741598939292243e-05;-0.4310384467403448;5.159519501158119;2.1192026675157327e-10;1.9403055627065264e-11;2.7938361823023904e-12;3.4045659774149708e-12;2.37521724538356e-10;0.8884736480994839;0.081347121167343;0.0117131309012195;0.0142736096009883;10.386692592772954;55.85909790732289
SC4001E;SC4001E0-PSG.edf;SC4001EC-Hypnogram.edf;Fpz-Cz;100.0;773;52020.0;1;Acordado;1.128113552672928e-07;2.140386798574561e-05;4.58125564751226e-10;-9.027560378926064e-05;0.0001112899843272;0.0002015655881164;2.1400597716688185e-05;0.0530620246520353;5.243527068972533;2.9062352541558005e-10;2.738468687552861e-11;4.254266104867653e-12;3.216393728706961e-12;3.2547887212468323e-10;0.8901755985746915;0.0838788945125684;0.0130307547229057;0.0098517668471931;10.238743400271092;55.311915996477765
SC4001E;SC4001E0-PSG.edf;SC4001EC-Hypnogram.edf;Fpz-Cz;100.0;774;52050.0;1;Acordado;-9.948656375816401e-08;1.1961054188244637e-05;1.430668172941245e-10;-7.723528154985552e-05;4.7142180336560846e-05;0.0001243774618864;1.1959474316682771e-05;-0.5557536795653258;6.377973688729124;3.804278301053783e-11;1.8590738344648505e-11;7.955442392054294e-12;2.803594639343212e-12;6.739255838658383e-11;0.5562415547537181;0.2718239934755144;0.1163202924371793;0.0409926855418407;1.9418759181646557;4.248007116241544
SC4001E;SC4001E0-PSG.edf;SC4001EC-Hypnogram.edf;Fpz-Cz;100.0;775;52080.0;1;Acordado;2.133890700815378e-08;7.5477485922792285e-06;5.6968508812253075e-11;-3.855727686936193e-05;2.5482955988176975e-05;6.40402328575389e-05;7.546520698856393e-06;-0.2502528284796635;0.9732665336265244;2.6378136348120244e-11;1.6105187055514398e-11;8.936213931618839e-12;2.2893792597817557e-12;5.3708916595035226e-11;0.4821542444968473;0.2943795647559199;0.163341087482434;0.0418465471858661;1.5421132936173545;2.6547472236059875
SC4001E;SC4001E0-PSG.edf;SC4001EC-Hypnogram.edf;Fpz-Cz;100.0;776;52110.0;2;N1;1.3129913075658244e-07;6.993475239703353e-06;4.890869592834387e-11;-2.7863526441678926e-05;2.7132777563594167e-05;5.499630400527309e-05;6.9935421991604885e-06;-0.0345923660195832;0.2996490448925728;2.3574413626594688e-11;1.000556966838963e-11;5.44546264833184e-12;2.348794048271296e-12;4.137423999158746e-11;0.5563383232660906;0.2361238731450058;0.1285087980200453;0.0554297622503105;2.142043922933448;3.657520788317037
SC4001E;SC4001E0-PSG.edf;SC4001EC-Hypnogram.edf;Fpz-Cz;100.0;777;52140.0;2;N1;-6.873713441297336e-08;7.114144973802998e-06;5.061105870828646e-11;-2.023591998513936e-05;3.117310685000408e-05;5.140902683514344e-05;7.1132913021351095e-06;0.2389186208224197;0.3419291772716395;2.6921875120071023e-11;1.0347600189157204e-11;5.022037890080322e-12;2.592787977820773e-12;4.488430117712933e-11;0.5867339030868802;0.2255150437883291;0.1094500245452908;0.0565070821894336;2.372473004979085;4.4705589057182005
SC4001E;SC4001E0-PSG.edf;SC4001EC-Hypnogram.edf;Fpz-Cz;100.0;778;52170.0;2;N1;-5.3936869185593776e-08;7.775800415129068e-06;6.046307209592138e-11;-3.9272469431495127e-05;2.9889072765861744e-05;6.916154219735687e-05;7.774691435961533e-06;-0.1356483550577801;1.5073504566732847;3.4767183587088347e-11;8.013255235558249e-12;2.4685400337417198e-12;2.076108926360243e-12;4.7325087782748555e-11;0.7194437751130125;0.1658197760877918;0.0510819565365167;0.0429613068825378;3.857339294013123;10.02357858028899
SC4001E;SC4001E0-PSG.edf;SC4001EC-Hypnogram.edf;Fpz-Cz;100.0;779;52200.0;2;N1;-1.2581792831250558e-07;1.333232788367925e-05;1.7775096679793123e-10;-7.568476877278731e-05;8.031468292865674e-05;0.0001559994517014;1.3330699405010604e-05;0.2229200301774987;8.830837096598426;7.967065670860334e-11;9.512300806149004e-12;6.4583512396238296e-12;4.305090159017956e-12;9.994639891339416e-11;0.7892372344748615;0.0942312049616547;0.0639780250622382;0.0426472881188308;7.578802983073055;10.682073577513844
SC4001E;SC4001E0-PSG.edf;SC4001EC-Hypnogram.edf;Fpz-Cz;100.0;780;52230.0;2;N1;2.8600103745794254e-07;1.0673654661461556e-05;1.1392690383213998e-10;-8.201529865067797e-05;5.371173008449784e-05;0.0001357270287351;1.0675707226734736e-05;-0.4626852938708205;9.450744938989947;7.439977054479098e-11;8.743752878526448e-12;4.751429758219562e-12;2.8510119999344842e-12;9.074596518147146e-11;0.8109323434292715;0.0953039500018502;0.0517889778457433;0.0310750668358575;7.635638082402035;12.93587397785112
SC4001E;SC4001E0-PSG.edf;SC4001EC-Hypnogram.edf;Fpz-Cz;100.0;781;52260.0;1;Acordado;-1.290416863864749e-07;1.9677764187829805e-05;3.872144034318372e-10;-9.473996511602977e-05;6.602773136345872e-05;0.0001607676964794;1.9674907464098835e-05;-0.2728545977340982;2.653775430207409;2.4189882061337617e-10;1.1714985119457262e-11;7.549964535744792e-12;7.738945086973194e-12;2.689027153555514e-10;0.8962444868133883;0.0434044729932588;0.0279729106311471;0.0286730908830555;19.024703398449724;28.292377073854645
SC4001E;SC4001E0-PSG.edf;SC4001EC-Hypnogram.edf;Fpz-Cz;100.0;782;52290.0;1;Acordado;-4.6553576340632445e-08;8.692475374625529e-06;7.555912813847123e-11;-3.476709404527336e-05;3.199331519628e-05;6.676040924155336e-05;8.691151189450979e-06;0.0256251808797669;0.8853038457647133;3.277070271496847e-11;2.233803180153804e-11;6.674716783280743e-12;2.4718667588984118e-12;6.425531805868565e-11;0.5021920617335279;0.342317415133107;0.1022861734775089;0.0378799281412651;1.4041759388128348;4.269955965848663
SC4001E;SC4001E0-PSG.edf;SC4001EC-Hypnogram.edf;Fpz-Cz;100.0;783;52320.0;1;Acordado;6.240385870127588e-08;8.728539400710648e-06;7.618740006975819e-11;-3.790324850974112e-05;2.6166917244276823e-05;6.407016575401793e-05;8.727307632444026e-06;-0.0999309221787281;0.42758672332066;2.6827390556340007e-11;2.269838906005435e-11;9.913194416244588e-12;2.3856330199611472e-12;6.182460705260012e-11;0.4270204274239023;0.3612977482063683;0.1577915864709624;0.0379729079397785;1.132034354248992;2.458252784025061
SC4001E;SC4001E0-PSG.edf;SC4001EC-Hypnogram.edf;Fpz-Cz;100.0;784;52350.0;1;Acordado;-1.134205201746633e-08;9.441887263898442e-06;8.914923510416762e-11;-3.2867799694500075e-05;3.412563377183914e-05;6.699343346633921e-05;9.4403202983061e-06;-0.1017395101153308;0.4811989708628301;4.052065428049245e-11;2.4995211715956297e-11;1.2345725969359268e-11;2.8618730135193797e-12;8.07234649793274e-11;0.4958264348035471;0.3058511006878996;0.1510670891460881;0.0350189876829538;1.558773774310912;3.036227056776429
SC4001E;SC4001E0-PSG.edf;SC4001EC-Hypnogram.edf;Fpz-Cz;100.0;785;52380.0;1;Acordado;-6.546628719194633e-08;1.0089154964142614e-05;1.0179104789048355e-10;-6.095598080310567e-05;3.780593519983792e-05;9.87619160029436e-05;1.00876857294399e-05;-0.5830325736884812;3.882386442058321;5.386436572161732e-11;1.5071909605844377e-11;6.842402760763853e-12;2.338390330988937e-12;7.811706841921449e-11;0.6808185237123339;0.1905013659755875;0.0864845335839326;0.0295560790826904;3.351460221132038;6.868349836749637
SC4001E;SC4001E0-PSG.edf;SC4001EC-Hypnogram.edf;Fpz-Cz;100.0;786;52410.0;1;Acordado;-2.665093371997947e-08;8.794396946826423e-06;7.734141765834991e-11;-6.345276723171738e-05;2.955839614675443e-05;9.30111633784718e-05;8.792971480567037e-06;-0.8888368480081839;5.740225396528352;4.404287774560241e-11;1.520313757130182e-11;8.150663727925573e-12;2.5877981488927013e-12;6.998447719372249e-11;0.62045787314043;0.2141755236121723;0.1148231845912133;0.0364558316296447;2.71816970952644;4.813080127859402
SC4001E;SC4001E0-PSG.edf;SC4001EC-Hypnogram.edf;Fpz-Cz;100.0;787;52440.0;1;Acordado;1.2598269471178886e-07;1.605858174275276e-05;2.5787804758867224e-10;-6.035518411796842e-05;5.399568773322747e-05;0.0001143508718511;1.605639934352789e-05;-0.3880936401274367;1.7945342613753563;1.707679224765389e-10;1.0297785539153616e-11;2.8355663671725584e-12;2.0454843327724733e-12;1.8594675871563755e-10;0.9134575194015102;0.0550840549999449;0.0151677749678757;0.0109415340860968;15.115167648095769;44.52221813656764
SC4001E;SC4001E0-PSG.edf;SC4001EC-Hypnogram.edf;Fpz-Cz;100.0;788;52470.0;1;Acordado;6.256777347609148e-07;1.5982925130792537e-05;2.5545389573651967e-10;-0.0001018933388401;5.606241967271003e-05;0.0001579557585128;1.599250502784715e-05;-0.7080833039084531;5.400386268804855;1.2094299142247795e-10;1.1687069104371873e-11;8.341605095553172e-12;4.310310481843613e-12;1.4528197610424657e-10;0.8267798579388141;0.0798941155678891;0.0570241482765354;0.0294657660269226;9.532776280126187;12.946703503881762
SC4001E;SC4001E0-PSG.edf;SC4001EC-Hypnogram.edf;Fpz-Cz;100.0;789;52500.0;1;Acordado;-6.565092968892505e-07;1.7233647970761255e-05;2.969986223801234e-10;-7.771024906725522e-05;6.976472565168755e-05;0.0001474749747189;1.724327774224588e-05;0.0820038025572495;3.5715188158439144;1.4525598636693928e-10;1.350170046087351e-11;6.0684548771168736e-12;4.967622988494292e-12;1.69793764693424e-10;0.8504759329339383;0.0790526544403372;0.0355308924070488;0.029085505535938;10.016479567954738;20.549892287943308
SC4001E;SC4001E0-PSG.edf;SC4001EC-Hypnogram.edf;Fpz-Cz;100.0;790;52530.0;1;Acordado;1.0480882860496513e-07;6.977530053251732e-06;4.868592564403112e-11;-2.2436043520136263e-05;2.327487340065822e-05;4.571091692079449e-05;6.97715428328078e-06;-0.1139355931307311;0.1245513904649069;2.0233067932654054e-11;1.1008361136222178e-11;7.352287813019786e-12;4.0643107521918425e-12;4.265802763408787e-11;0.4634443887899375;0.2521497587680055;0.168406320932354;0.0930942365572753;1.6849150107272146;2.422458179795262
SC4001E;SC4001E0-PSG.edf;SC4001EC-Hypnogram.edf;Fpz-Cz;100.0;791;52560.0;1;Acordado;-7.415453786730552e-08;2.424706688601336e-05;5.879202525748056e-10;-8.803458963423393e-05;0.0001194756218417;0.0002075102114759;2.424313878301997e-05;0.4006481522663024;4.125034597095072;3.4742589383224025e-10;1.4172386401246585e-11;6.6488323261230025e-12;7.0800473604404705e-12;3.753271599200503e-10;0.9232017532458991;0.0376597490445745;0.0176676919293721;0.0188135434124515;22.89856616120028;45.42208261588885
SC4001E;SC4001E0-PSG.edf;SC4001EC-Hypnogram.edf;Fpz-Cz;100.0;792;52590.0;1;Acordado;-1.1977547333548584e-07;1.388817294692362e-05;1.9288134780366107e-10;-7.611870253962228e-05;7.425308756265203e-05;0.0001503717901022;1.3886374623531966e-05;-0.0079903001991359;7.777990380246196;1.036616445797113e-10;1.2134130699565465e-11;1.0953180793221589e-11;4.189085778492511e-12;1.3093804185099087e-10;0.7856842736591879;0.0919684006927251;0.0830176091713712;0.0317504013226421;7.892539441772183;8.67230625663219
SC4001E;SC4001E0-PSG.edf;SC4001EC-Hypnogram.edf;Fpz-Cz;100.0;793;52620.0;1;Acordado;-4.67412081583786e-08;9.481213763990056e-06;8.989341443847449e-11;-5.036847175725054e-05;3.526053686567835e-05;8.562900862292888e-05;9.47974866267746e-06;-0.7147519680366576;3.6088586356644;5.675617340233269e-11;1.2880810290195248e-11;7.191672222740512e-12;4.327271987412041e-12;8.115592790268049e-11;0.6908347924639643;0.1567849164268886;0.087536863210401;0.0526714516880388;4.088822785973999;6.928521046627644
SC4001E;SC4001E0-PSG.edf;SC4001EC-Hypnogram.edf;Fpz-Cz;100.0;794;52650.0;1;Acordado;2.0037366535080938e-07;1.220826571269473e-05;1.4904175171175776e-10;-6.021517977550347e-05;7.689736006410949e-05;0.0001371125398396;1.220787535706439e-05;0.5028028934192584;9.076877751929953;6.351400644814982e-11;1.104456499857658e-11;1.0236253515359425e-11;4.528342847196116e-12;8.932316780928193e-11;0.7031862144412399;0.122278317584003;0.1133292129099518;0.0501348984654496;5.27325033786242;5.652596424718364
SC4001E;SC4001E0-PSG.edf;SC4001EC-Hypnogram.edf;Fpz-Cz;100.0;795;52680.0;1;Acordado;3.867974329756604e-08;1.726216305727598e-05;2.9798227341598355e-10;-8.459664958110046e-05;7.301096266840886e-05;0.0001576076122495;1.7259329132792305e-05;-0.4214695542473885;5.155020710868016;1.9369964566524448e-10;1.5206581859354532e-11;4.580735136034177e-12;7.560415112195476e-12;2.2104737777282867e-10;0.8723347585010166;0.0684835011873548;0.02062953943424;0.0340486574893505;11.951912336989182;34.70862546666079
SC4001E;SC4001E0-PSG.edf;SC4001EC-Hypnogram.edf;Fpz-Cz;100.0;796;52710.0;1;Acordado;2.443441872025879e-07;2.0651328234863185e-05;4.2647735786405736e-10;-7.410520581329579e-05;7.115931881070406e-05;0.0001452645246239;2.0649331776757064e-05;0.0042630981012424;1.042322936257495;3.040726963231276e-10;1.6582158991922418e-11;4.391749075854093e-12;8.540136947822491e-12;3.3358674133872656e-10;0.9088007943963704;0.0495601198229642;0.0131258909372263;0.0255244332565368;17.294388957739738;56.395928676439794
SC4001E;SC4001E0-PSG.edf;SC4001EC-Hypnogram.edf;Fpz-Cz;100.0;797;52740.0;1;Acordado;-7.110100536752007e-07;2.969550533378951e-05;8.818230370291211e-10;-9.67371121198094e-05;0.000101569549849;0.0001983066619688;2.9699067852597755e-05;0.0701420951395473;1.0110401825346251;5.622866410861014e-10;2.2486630090286048e-11;4.803147622140507e-12;7.429322772845338e-12;5.970057415713733e-10;0.9402696362221988;0.0376026993172309;0.0080319423180107;0.0124234973953985;23.94071175492564;96.8933891912094
SC4001E;SC4001E0-PSG.edf;SC4001EC-Hypnogram.edf;Fpz-Cz;100.0;798;52770.0;1;Acordado;5.53081540767917e-07;3.840075081471903e-05;1.4746176631341443e-09;-0.0001636903270366;0.0001233937389951;0.0002870840660317;3.839833359800707e-05;-0.2820827909177007;2.040074601194487;7.889737230346153e-10;3.56808617780319e-11;7.119150017566215e-12;1.0882082162705199e-11;8.426558169929187e-10;0.93518435734467;0.042293149717394;0.0084384530683867;0.0128987223741225;21.50913813881904;97.17442359454236
SC4001E;SC4001E0-PSG.edf;SC4001EC-Hypnogram.edf;Fpz-Cz;100.0;799;52800.0;1;Acordado;-4.40648933800503e-07;2.521978082591159e-05;6.360373449070176e-10;-8.967638337157078e-05;9.759429957747772e-05;0.000187270682949;2.5219427113667253e-05;-0.1186214433553002;1.6337320850649366;3.781703527144948e-10;2.8451543042710416e-11;7.520402109645703e-12;1.0924198430839752e-11;4.250664962976907e-10;0.8875852853970216;0.0667772361590042;0.017650770889038;0.0256396560766117;12.840425785707556;44.38409688274912
SC4001E;SC4001E0-PSG.edf;SC4001EC-Hypnogram.edf;Fpz-Cz;100.0;800;52830.0;1;Acordado;3.548362975602846e-07;1.848073935856598e-05;3.4153772723924977e-10;-8.028191787809463e-05;6.288804095728151e-05;0.0001431699588353;1.8481065719493457e-05;-0.8630450025456955;3.1509635381996706;2.4092973684641537e-10;2.5760843338360267e-11;3.759139288923854e-12;6.387725834738255e-12;2.7683744530843775e-10;0.8671607838135362;0.092719119662802;0.0135299951550831;0.0229908744937062;9.003069664140787;50.62464496618988
SC4001E;SC4001E0-PSG.edf;SC4001EC-Hypnogram.edf;Fpz-Cz;100.0;801;52860.0;1;Acordado;2.480218490633118e-07;2.1915564473879283e-05;4.802919662087596e-10;-7.471100019771947e-05;9.202442031654918e-05;0.0001667354205142;2.1913315215281847e-05;0.0767321800154823;2.568463468982766;3.7350588533569575e-10;3.339354104770817e-11;4.715506718207288e-12;6.355835287297169e-12;4.1797076838890825e-10;0.8914843552736599;0.0797037492045524;0.0112549778504598;0.015170116310829;10.859768257580576;65.34956632031547
SC4001E;SC4001E0-PSG.edf;SC4001EC-Hypnogram.edf;Fpz-Cz;100.0;802;52890.0;1;Acordado;-5.982288702467931e-07;2.1216429287943943e-05;4.501368717303256e-10;-8.691608775364348e-05;0.0001007021118877;0.0001876181996414;2.1221326628832893e-05;-0.1751153879384129;3.758197790797192;3.370269847329773e-10;2.503124953050037e-11;4.520416909543482e-12;7.363001535995241e-12;3.7394165270901636e-10;0.8988784849533273;0.0667603861818109;0.0120563209685632;0.0196377262509948;12.9470152532666;61.051002171654495
SC4001E;SC4001E0-PSG.edf;SC4001EC-Hypnogram.edf;Fpz-Cz;100.0;803;52920.0;1;Acordado;1.6056903020134877e-07;3.250812653973885e-05;1.0567782911236736e-09;-0.0001376780977238;0.0001383839058218;0.0002760620035456;3.250310468411839e-05;0.2774954194352091;2.303610041553508;5.427768249486967e-10;2.9168178134940386e-11;6.941440916468377e-12;1.0866672007756722e-11;5.897531160078622e-10;0.9187879170517536;0.049374565016348;0.0117501554005785;0.0183946080237215;17.991700477267454;68.34739824395417
SC4001E;SC4001E0-PSG.edf;SC4001EC-Hypnogram.edf;Fpz-Cz;100.0;804;52950.0;1;Acordado;5.3969917558387554e-08;1.3993947294262075e-05;1.9583056087458488e-10;-6.672675913585707e-05;4.991433243565112e-05;0.0001166410915715;1.3991718864133929e-05;-0.5781448082503831;4.368192489497877;1.4374205095150154e-10;1.6652632234239025e-11;4.020508121338154e-12;5.323591378172348e-12;1.6973878268525108e-10;0.8418828381626877;0.0975328040433401;0.0235477145737285;0.0311797430814892;8.142811170829223;28.63097668153734
SC4001E;SC4001E0-PSG.edf;SC4001EC-Hypnogram.edf;Fpz-Cz;100.0;805;52980.0;1;Acordado;1.9188224362420005e-07;2.255084801137164e-05;5.08540746031984e-10;-8.890535908769483e-05;7.68526615338471e-05;0.0001657580206215;2.254790569532771e-05;-0.1086855728682262;1.8410629332248387;2.8847103446096046e-10;2.0851449590459726e-11;3.432240624560652e-12;6.825599405597524e-12;3.1958032408157847e-10;0.8998401111714919;0.0650428239792833;0.0107063358750839;0.0212913859425153;13.201459851290872;65.08469618333397
SC4001E;SC4001E0-PSG.edf;SC4001EC-Hypnogram.edf;Fpz-Cz;100.0;806;53010.0;1;Acordado;-1.467835499206796e-07;2.1897052150847623e-05;4.794808928969405e-10;-8.590849784835964e-05;8.256589282355923e-05;0.0001684743906719;2.1893894385037323e-05;-0.2468588342856503;2.338725753052889;3.830613923174666e-10;1.981369222192957e-11;3.974636195226933e-12;5.8072713787828615e-12;4.1265699211340607e-10;0.9260363045246156;0.0478988451777397;0.0096085313943811;0.0140388570470259;18.40429791278783;77.00289574642797
SC4001E;SC4001E0-PSG.edf;SC4001EC-Hypnogram.edf;Fpz-Cz;100.0;807;53040.0;1;Acordado;-1.2355681609933417e-07;2.4111866545225668e-05;5.813821082947729e-10;-0.0001206651594422;9.392659270543272e-05;0.0002145917521477;2.41081641886204e-05;0.0247903793990811;2.0101888763629816;3.626299223032967e-10;1.9307179903164867e-11;5.8703467598282325e-12;8.53168811981617e-12;3.9633913708610605e-10;0.9126458696282724;0.0485911859696339;0.0147741468481522;0.0214720557918947;17.857227051343596;52.78189514736559
SC4001E;SC4001E0-PSG.edf;SC4001EC-Hypnogram.edf;Fpz-Cz;100.0;808;53070.0;1;Acordado;1.175660485454942e-07;1.5250757501888545e-05;2.3258560438140966e-10;-6.855926726642518e-05;6.430731916996402e-05;0.0001328665864363;1.5248668716395756e-05;-0.5380157808713179;2.809078862784876;1.5777868255962116e-10;1.2801107515650816e-11;4.501940806010716e-12;3.2838747416238978e-12;1.783656056229066e-10;0.8796484811660649;0.0713687971068629;0.02509924235684;0.0183082744889665;11.4323203685426;28.67691386051489
SC4001E;SC4001E0-PSG.edf;SC4001EC-Hypnogram.edf;Fpz-Cz;100.0;809;53100.0;1;Acordado;-2.415684573336169e-08;1.3583764454708308e-05;1.8451865676099688e-10;-6.072384569322176e-05;4.133882363491369e-05;0.0001020626693281;1.3581521788638868e-05;-0.7771398512835391;2.780536129015525;1.2480937770371083e-10;1.25390464632496e-11;2.6272463217070284e-12;5.323070083757275e-12;1.452987405724247e-10;0.8531131383316615;0.0857085058571791;0.0179580925401501;0.0363849344357281;9.218476208239148;34.408850856584216
SC4001E;SC4001E0-PSG.edf;SC4001EC-Hypnogram.edf;Fpz-Cz;100.0;810;53130.0;1;Acordado;8.416055868803438e-10;1.062222974014796e-05;1.1283176465248379e-10;-6.18887647087365e-05;3.902415479808804e-05;0.0001009129195068;1.0620459254315051e-05;-1.1622197335684137;7.603785967606367;7.097454731156525e-11;1.2948983093446712e-11;3.712916284122624e-12;2.288109120599288e-12;8.99245558097339e-11;0.780587231683425;0.1424145873260396;0.0408351325014132;0.0251649194238278;5.088152077903757;15.0595815908447
SC4001E;SC4001E0-PSG.edf;SC4001EC-Hypnogram.edf;Fpz-Cz;100.0;811;53160.0;1;Acordado;2.643995436104627e-08;1.3294739733226183e-05;1.7675010457422304e-10;-6.62180199085248e-05;6.232742288984432e-05;0.0001285454427983;1.3292550054217776e-05;-0.5656261279684127;5.36807083258244;1.0730229210781631e-10;1.2957778490852767e-11;2.8314099141807525e-12;2.800008058020179e-12;1.2589148857087004e-10;0.8456224551884504;0.1021170027776585;0.0223136314820626;0.0220661613285145;7.687633972564966;28.00595459929015
SC4001E;SC4001E0-PSG.edf;SC4001EC-Hypnogram.edf;Fpz-Cz;100.0;812;53190.0;1;Acordado;-4.094740188002629e-08;1.6050751573555995e-05;2.5762662607601017e-10;-6.755267119101274e-05;6.003876691866634e-05;0.0001275914381096;1.6048128464830583e-05;-0.752485668437996;3.7361705653659953;2.035057862756333e-10;2.3914568009760484e-11;3.466179187045793e-12;3.528829103173957e-12;2.344153625756135e-10;0.8644541462763243;0.1015845684330788;0.0147236745687422;0.0149897995804777;8.168144283934936;45.56596987104868
SC4001E;SC4001E0-PSG.edf;SC4001EC-Hypnogram.edf;Fpz-Cz;100.0;813;53220.0;1;Acordado;9.411328468711436e-09;1.4501738664369848e-05;2.1030042428967935e-10;-6.818850620319143e-05;4.839979244632377e-05;0.0001165882986495;1.4499324560866724e-05;-0.4718437273766849;2.941324574284573;1.4381043692200318e-10;1.3909930865303535e-11;3.6871100742279655e-12;5.5929036929672695e-12;1.6700038155450194e-10;0.8560125613485519;0.0827970194864762;0.0219470339299902;0.0332910178013663;9.64527858788804;30.68211214256385
SC4001E;SC4001E0-PSG.edf;SC4001EC-Hypnogram.edf;Fpz-Cz;100.0;814;53250.0;1;Acordado;1.247462570432539e-07;2.332224943848212e-05;5.439273188707794e-10;-8.652560620089062e-05;8.62389589414314e-05;0.0001727645651423;2.331869574811455e-05;-0.0796504082979403;2.4159629222134056;4.128734006165314e-10;1.937016502886059e-11;3.606779817124006e-12;3.98112473280299e-12;4.3983147019531885e-10;0.9365787801710252;0.043940068571507;0.0081817657335715;0.0090309449346687;20.268534890687903;89.62299415349237
SC4001E;SC4001E0-PSG.edf;SC4001EC-Hypnogram.edf;Fpz-Cz;100.0;815;53280.0;1;Acordado;2.0781561132318226e-08;1.9840760749751253e-05;3.936557871288698e-10;-7.611970062938197e-05;6.449389352685576e-05;0.0001406135941562;1.9837464565978267e-05;-0.190732044273494;1.605971029402749;2.944981769599884e-10;2.6324688607704197e-11;4.256823244464487e-12;3.25276246501143e-12;3.2833245127716836e-10;0.8942276287013597;0.0799334790896423;0.0129256112720028;0.0098768355574953;10.777732225535944;56.02208087747659
SC4001E;SC4001E0-PSG.edf;SC4001EC-Hypnogram.edf;Fpz-Cz;100.0;816;53310.0;1;Acordado;2.732225318976602e-07;2.905319128053525e-05;8.440879235833692e-10;-7.73487258765079e-05;0.0001115863284356;0.0001889350543122;2.9049633586228092e-05;0.3569002692057783;1.4527399040669469;4.6507824448110614e-10;1.996770387960125e-11;3.648783071755868e-12;6.7642592721438375e-12;4.95458990704607e-10;0.93679085924305;0.0402202483054275;0.007349616262518;0.0136250111263843;22.180694994150723;100.04300852555028
SC4001E;SC4001E0-PSG.edf;SC4001EC-Hypnogram.edf;Fpz-Cz;100.0;817;53340.0;1;Acordado;-8.982653525864914e-08;2.5198574064390423e-05;6.349681348785698e-10;-8.344737265296753e-05;0.0001231987255567;0.0002066460982097;2.519453408261496e-05;0.4544383938378182;3.250915407725146;3.834959380183551e-10;1.4667086685416878e-11;5.3666858727336266e-12;9.781298118483164e-12;4.133110086949887e-10;0.925623336020696;0.0354011512549854;0.0129532784794635;0.0236085885076832;24.477807885962484;60.234782378810166
SC4001E;SC4001E0-PSG.edf;SC4001EC-Hypnogram.edf;Fpz-Cz;100.0;818;53370.0;1;Acordado;-5.337241742190315e-07;1.866186629824553e-05;3.4826525373359226e-10;-7.450792296434476e-05;7.061259731394717e-05;0.0001451205202782;1.8666387620796555e-05;-0.3385797825626008;1.9988517679441165;2.001484342179688e-10;1.9071960082768438e-11;5.561183738415574e-12;1.0635741068798282e-11;2.35417319107951e-10;0.846589560245282;0.0806707400064034;0.0235227425782468;0.0449871486104699;9.97154405412524;30.504927494425203
SC4001E;SC4001E0-PSG.edf;SC4001EC-Hypnogram.edf;Fpz-Cz;100.0;819;53400.0;1;Acordado;1.855009016246258e-07;2.4943170721977287e-05;6.221617656657049e-10;-7.331563827786701e-05;8.579520847641278e-05;0.0001591108467542;2.4939703065493512e-05;0.1442462560770647;0.6776044722843406;4.451494359262528e-10;3.799746997916801e-11;7.819870218054385e-12;9.339081926591388e-12;5.003058580500664e-10;0.8879797209187903;0.0757969797659398;0.0155990002759421;0.0186295088649426;11.41482860719032;50.471200246804806
SC4001E;SC4001E0-PSG.edf;SC4001EC-Hypnogram.edf;Fpz-Cz;100.0;820;53430.0;1;Acordado;2.5400905705661304e-07;1.4772587725019196e-05;2.1822934809338783e-10;-7.164395303926038e-05;7.495402565192583e-05;0.0001465979786911;1.4772309419262227e-05;0.057471028900771;3.495290521624895;9.965629144845865e-11;1.456688438960629e-11;3.4715682051195958e-12;5.843946987233027e-12;1.2353869103041755e-10;0.8002034598558485;0.1169667375582777;0.0278754190878053;0.04692475036377;6.401813552042389;22.286653557997845
SC4001E;SC4001E0-PSG.edf;SC4001EC-Hypnogram.edf;Fpz-Cz;100.0;821;53460.0;1;Acordado;-3.977298800237774e-07;1.7205059443293846e-05;2.9601407044727473e-10;-8.092370990690484e-05;6.636553672666095e-05;0.0001472892466335;1.7206789013291315e-05;-0.6796037643369975;3.4986268293063283;1.8755447206881247e-10;1.667937741603878e-11;5.121358772981184e-12;1.0116912546508719e-11;2.1947212080434118e-10;0.8506947335770332;0.0756530002758986;0.0232290538789988;0.0458874913961888;10.608658192831076;30.639352964680253
SC4001E;SC4001E0-PSG.edf;SC4001EC-Hypnogram.edf;Fpz-Cz;100.0;822;53490.0;1;Acordado;3.162965640941256e-07;2.5437520802864705e-05;6.470674645961747e-10;-9.353855651961496e-05;9.670115737330896e-05;0.0001902397138929;2.5435247570207905e-05;-0.3891908013638717;1.06813819537334;4.689618348281776e-10;3.538249539766466e-11;9.196864628368544e-12;1.4901493425076498e-11;5.284426882792877e-10;0.8857650605249164;0.0668296988152945;0.0173708407575874;0.0281456213391236;12.88976552329282;45.99078755282149
SC4001E;SC4001E0-PSG.edf;SC4001EC-Hypnogram.edf;Fpz-Cz;100.0;823;53520.0;1;Acordado;-1.1839448565152648e-08;2.891591018909808e-05;8.361298620639862e-10;-9.499246556308136e-05;9.681898557078978e-05;0.0001918114511338;2.8911092893256518e-05;-0.2513405406903313;0.8701001667150048;5.443443710528394e-10;4.8176043416269285e-11;8.439182362865974e-12;1.7126358164699758e-11;6.180859549966746e-10;0.8792710715844999;0.0778180203046733;0.0136316811821571;0.0276639423435018;11.069299871179751;57.6685935419901
SC4001E;SC4001E0-PSG.edf;SC4001EC-Hypnogram.edf;Fpz-Cz;100.0;824;53550.0;1;Acordado;-2.7986093396008497e-07;1.974609085603225e-05;3.899081040946804e-10;-7.935491287193928e-05;7.172372765115552e-05;0.000151078640523;1.974478302917016e-05;-0.4226533951041146;1.7562961889098083;2.1231559430560749e-10;1.9238714182548748e-11;5.542030204843998e-12;8.492533408435093e-12;2.455888721014354e-10;0.8610104442112481;0.0780193932459159;0.0224747781909812;0.03444005131319;10.490567354752262;32.45408346607755
SC4001E;SC4001E0-PSG.edf;SC4001EC-Hypnogram.edf;Fpz-Cz;100.0;825;53580.0;1;Acordado;3.78530448900677e-07;2.581728289960336e-05;6.665320963181521e-10;-9.644223413459842e-05;8.002780692925705e-05;0.0001764700410638;2.5815754961911488e-05;-0.0126730368717906;0.3270457007416696;3.8960274613159477e-10;2.6242679545181168e-11;7.944499762971231e-12;1.5495374550130377e-11;4.392852999898777e-10;0.8848870178962412;0.0596038058635718;0.0180439813983203;0.0351939402711982;14.30119036144922;43.55780160501392
SC4001E;SC4001E0-PSG.edf;SC4001EC-Hypnogram.edf;Fpz-Cz;100.0;826;53610.0;1;Acordado;-6.78167561676563e-07;2.082166344336325e-05;4.3354166854868957e-10;-8.625228828132275e-05;5.443522060486858e-05;0.0001406875088861;2.082923584534209e-05;-0.4642135920054026;0.8490103027140385;2.415511483315533e-10;3.491922132453015e-11;7.269516919443084e-12;1.1165107942077831e-11;2.9490499451760435e-10;0.8163131843223504;0.1180082187577022;0.024567063936498;0.0377320699175071;6.724843674898705;29.209825759425463
SC4001E;SC4001E0-PSG.edf;SC4001EC-Hypnogram.edf;Fpz-Cz;100.0;827;53640.0;1;Acordado;5.397446278261718e-07;2.822634078673309e-05;7.96726314208792e-10;-0.0001099351929967;0.000107489649562;0.0002174248425588;2.822679689645975e-05;-0.2168530803524261;1.0933669692087964;5.10458462094923e-10;4.5144289104852e-11;1.0031961144110894e-11;1.157306522816183e-11;5.772077775720473e-10;0.8828287717581201;0.0780762398154127;0.0173500972024902;0.0200154091263841;11.062223993418268;46.27087200786753
SC4001E;SC4001E0-PSG.edf;SC4001EC-Hypnogram.edf;Fpz-Cz;100.0;828;53670.0;1;Acordado;6.049798325786513e-08;2.060613301847137e-05;4.2461271797493614e-10;-8.52009118127434e-05;7.982224575198398e-05;0.0001650231575647;2.060278719999447e-05;-0.42430935525925;1.525075898210904;2.409392811172274e-10;2.782007692179715e-11;7.311976166936706e-12;1.0859392053633882e-11;2.8693072625959516e-10;0.8367960038415603;0.0966207298651234;0.0253949144710047;0.0377152942122723;8.360119293609543;28.987003364570903
SC4001E;SC4001E0-PSG.edf;SC4001EC-Hypnogram.edf;Fpz-Cz;100.0;829;53700.0;1;Acordado;-9.615849392361336e-08;2.479636551261418e-05;6.148597426351621e-10;-0.000110808218095;8.724124022383811e-05;0.0001980494583188;2.4792418918765683e-05;-0.2268860158908544;1.995011927101316;3.62597768338956e-10;3.0843551558386445e-11;8.388943115661987e-12;1.5018616786329357e-11;4.1684887979933367e-10;0.8677725030951111;0.0738150873425786;0.0200765001923438;0.0359426996514669;11.386850730959395;38.61965759853156
SC4001E;SC4001E0-PSG.edf;SC4001EC-Hypnogram.edf;Fpz-Cz;100.0;830;53730.0;1;Acordado;2.666157556366108e-07;2.8035155778102964e-05;7.859699595025e-10;-0.000104858230105;9.365200506662587e-05;0.0001985102351717;2.8031750810057386e-05;-0.1376153869811665;1.7471895918428846;5.95636445521699e-10;6.149976772480116e-11;1.0131517775459115e-11;1.3261566927488908e-11;6.80529297949448e-10;0.8739704181666448;0.0902378927946878;0.01486585801365;0.0194585426736453;9.53021854648171;53.509005468675376
SC4001E;SC4001E0-PSG.edf;SC4001EC-Hypnogram.edf;Fpz-Cz;100.0;831;53760.0;1;Acordado;-4.6141603914997415e-08;2.829157771183005e-05;8.00413369424519e-10;-8.639101088638868e-05;0.0001252574940174;0.0002116485049038;2.8286899689001904e-05;0.1587303057724435;1.444577613262379;4.3379338595031786e-10;3.507430154826789e-11;7.878601272086889e-12;1.1933642073766032e-11;4.886799308444385e-10;0.8858712775960698;0.0716269941628673;0.016089287666947;0.0243702903102171;12.024997500503138;48.8583024123524
SC4001E;SC4001E0-PSG.edf;SC4001EC-Hypnogram.edf;Fpz-Cz;100.0;832;53790.0;1;Acordado;-1.738821446407933e-07;3.2128662042606915e-05;1.0322509246480503e-09;-0.0001096692663776;0.0001160927904531;0.0002257620568307;3.212377742431182e-05;0.2123056524292139;1.0657714197975814;6.137019389403407e-10;4.437329999470378e-11;9.382374098964408e-12;1.7955657330297757e-11;6.854132703643069e-10;0.8940706210627669;0.0646451662730137;0.0136686956736497;0.0261586686993507;13.525618348499568;59.109981309723246
SC4001E;SC4001E0-PSG.edf;SC4001EC-Hypnogram.edf;Fpz-Cz;100.0;833;53820.0;1;Acordado;-2.0293708713154972e-08;2.802131853743093e-05;7.851942925761702e-10;-9.487363685012392e-05;9.951058869382713e-05;0.0001943842255439;2.801665527824342e-05;0.1888118835665465;0.8303956981136462;5.591420837812139e-10;3.425827039598004e-11;8.992585585216232e-12;1.7194433997581225e-11;6.195873737599912e-10;0.9009884948085632;0.0552029767998941;0.0144904423864318;0.0277067093605276;15.858466042195994;55.95569625227428
SC4001E;SC4001E0-PSG.edf;SC4001EC-Hypnogram.edf;Fpz-Cz;100.0;834;53850.0;1;Acordado;-8.8434113523068e-08;2.847407888264208e-05;8.107731682149235e-10;-9.316029999268164e-05;0.000103294480511;0.0001964547805037;2.846947015812939e-05;0.0572938440243772;1.0379863431016547;4.553394189865283e-10;2.371588895226293e-11;6.066438053558462e-12;8.355861286963478e-12;4.934776072793128e-10;0.9208494222657956;0.0479615024080689;0.0122683777066;0.0168983613493412;18.42294322757258;64.43690803420148
SC4001E;SC4001E0-PSG.edf;SC4001EC-Hypnogram.edf;Fpz-Cz;100.0;835;53880.0;1;Acordado;1.3090279375057022e-07;2.268222054237964e-05;5.144831287331489e-10;-8.363773095503214e-05;8.683282695084687e-05;0.0001704705579058;2.267881764771515e-05;-0.010542433239303;1.4915409484817186;3.1060338678012667e-10;2.3655056191780208e-11;7.979389704711919e-12;1.7288528168789063e-11;3.5952636084540776e-10;0.861527534496464;0.0656125564197603;0.0221326110135215;0.0479535757891565;12.597958989186132;34.590701260814875
SC4001E;SC4001E0-PSG.edf;SC4001EC-Hypnogram.edf;Fpz-Cz;100.0;836;53910.0;1;Acordado;-9.429157975728155e-08;2.924949556130366e-05;8.555329905907225e-10;-8.801601694277109e-05;0.0001221032731548;0.0002101192900976;2.9244772247860053e-05;0.3875279092047536;1.3668280546317977;5.194554990987503e-10;2.3745790685208055e-11;6.406145329440621e-12;9.843775494674335e-12;5.594512106080734e-10;0.9268523098293536;0.0423690594930548;0.0114303354300727;0.0175640186127783;20.991671096986124;70.1384426030409
SC4001E;SC4001E0-PSG.edf;SC4001EC-Hypnogram.edf;Fpz-Cz;100.0;837;53940.0;1;Acordado;-6.186655348923016e-08;2.5232226180385417e-05;6.366652380181272e-10;-9.371961411985432e-05;0.0001029662405168;0.0001966858546367;2.52280963162614e-05;-0.235207492336792;1.4175742406988707;3.9356882156898216e-10;3.6012907579476975e-11;7.0230941592489985e-12;1.1374141879918027e-11;4.4797896518762615e-10;0.8765863260531852;0.0802106788330882;0.0156423679143054;0.0253333513634983;10.633285718607237;49.05449366006469
SC4001E;SC4001E0-PSG.edf;SC4001EC-Hypnogram.edf;Fpz-Cz;100.0;838;53970.0;1;Acordado;-1.6928234975158437e-07;1.5240138864354252e-05;2.3226183260480092e-10;-8.071956878606733e-05;6.079198462468342e-05;0.0001415115534107;1.523853892300276e-05;-0.7460496038971713;3.4445048412540338;1.5258967974112347e-10;1.2819089595154913e-11;4.021145134027529e-12;9.344915469760547e-12;1.7877482994006643e-10;0.8487822226948789;0.0713063647420974;0.0223676759164122;0.0519812226932767;11.041948797742991;30.389418283699204
SC4001E;SC4001E0-PSG.edf;SC4001EC-Hypnogram.edf;Fpz-Cz;100.0;839;54000.0;1;Acordado;9.229666786516214e-08;1.984082353287461e-05;3.936582784626709e-10;-7.799417150927756e-05;8.740811000574936e-05;0.000165402281515;1.983773116340212e-05;0.1683944706612234;2.037783324995093;2.500024835627366e-10;4.1751181172707455e-11;5.599850004483368e-12;1.0000715076126304e-11;3.0735422981605375e-10;0.8107639182114464;0.1354000598519883;0.0181604449137082;0.0324325535670198;5.847849736660359;37.88002506010084
SC4001E;SC4001E0-PSG.edf;SC4001EC-Hypnogram.edf;Fpz-Cz;100.0;840;54030.0;1;Acordado;-1.032024820807573e-07;1.713885920637906e-05;2.937404948960843e-10;-7.822063624845544e-05;5.938292300558851e-05;0.000137603559254;1.7136313260152935e-05;-0.1519749398372387;2.2961654088361705;2.3056206275177415e-10;2.1285094856443416e-11;4.612729234744455e-12;7.785299888020018e-12;2.6424518673098203e-10;0.8692412691568111;0.0802468656218492;0.0173904352105088;0.0293513333228401;10.346021151671716;41.07842247663165
